date,fox_shares,psky_shares,tko_shares,omc_shares,foxa_shares,t_shares,ttd_shares,ea_shares,wbd_shares,lyv_shares,vz_shares,chtr_shares,tmus_shares,meta_shares,ttwo_shares,nflx_shares,dis_shares,nwsa_shares,goog_shares,sats_shares,googl_shares,nws_shares,cmcsa_shares
2025-03-31,4103422,,2071146,6111748,6776048,35465652,,6701282,69436809,4877364,21417643,2608146,3568648,6195685,4442494,1570670,9236274,11759187,10231046,,12623707,3474677,25921493
2025-04-01,4103422,,2071146,6111748,6776048,35465652,,6701282,69436809,4877364,21417643,2608146,3568648,6195685,4442494,1570670,9236274,11759187,10231046,,12623707,3474677,25921493
2025-04-03,5923182,,2989554,8821994,9780856,31847337,,6221560,86543536,7040318,19974517,2432022,3387529,5269991,4264117,1335986,9151209,16973879,8702362,,10737550,5015560,24507265
2025-04-07,5802567,,2928694,8642389,9581701,31198872,,6094910,84781401,6897008,19567792,2382467,3318594,5162721,4177332,1308786,8964889,16628269,8525137,,10518930,4913475,24008283
2025-04-16,5964368,,3010339,8883334,9848866,32068764,,6264812,87145239,7089254,20113387,2448929,3411069,5306631,4293768,1345266,9214840,17091898,8762869,,10812201,5050431,24677605
2025-04-22,5989919,,3023245,8921422,9891094,32206248,,6303268,87518829,7132938,20237607,2459423,3432085,5335583,4312182,1353126,9254350,17165176,8813735,,10873651,5072085,24783391
2025-04-23,6004119,,3030415,8942582,9914554,32282628,,6318188,87726379,7149818,20285507,2465253,3440205,5348223,4322412,1356326,9276300,17205886,8834605,,10899401,5084115,24842161
2025-04-25,6014059,,3035434,8957394,9930976,32336094,,6328632,87871664,7161634,20319037,2469334,3445889,5357071,4329573,1358566,9291665,17234383,8849214,,10917426,5092536,24883300
2025-04-28,6011219,,3034000,8953162,9926284,32320820,,6325648,87830156,7158258,20309457,2468168,3444265,5354543,4327527,1357926,9287275,17226241,8845040,,10912276,5090130,24871546
2025-05-13,6012639,,3034717,8955278,9928630,32328457,,6327140,87850910,7159946,20314247,2468751,3445077,5355807,4328550,1358246,9289470,17230312,8847127,,10914851,5091333,24877423
2025-05-14,6012639,,3034717,8955278,9928630,32328457,,6327140,87850910,7159946,20314247,2468751,3445077,5355807,4328550,1358246,9289470,17230312,8847127,,10914851,5091333,24877423
2025-05-16,6025419,,3041170,8974322,9949747,32397190,,6340568,88037699,7175138,20357357,2473998,3452385,5367183,4337757,1361126,9309228,17266959,8865910,,10938026,5102160,24930316
2025-05-19,6012639,,3034717,8955278,9928630,32328457,,6327140,87850910,7159946,20314247,2468751,3445077,5355807,4328550,1358246,9289470,17230312,8847127,,10914851,5091333,24877423
2025-05-20,6012639,,3034717,8955278,9928630,32328457,,6327140,87850910,7159946,20314247,2468751,3445077,5355807,4328550,1358246,9289470,17230312,8847127,,10914851,5091333,24877423
2025-05-21,6036779,,3046906,8991250,9968507,32458286,,6352504,88203723,7188642,20395677,2478662,3458881,5377295,4345941,1363686,9326780,17299519,8882606,,10958626,5111784,24977332
2025-05-23,6069439,,3063397,9039918,10022442,32633937,,6386820,88681042,7227466,20505847,2492071,3477557,5406367,4511470,1371046,9377242,17393129,8930607,,11017851,5139453,25112503
2025-05-27,6073693,,3065545,9046254,10029468,32656815,,6391290,88743211,7232524,20520196,2493817,3479990,5410153,4514632,1372006,9383815,17405321,8936859,,11025564,5143056,25130107
2025-05-28,6092127,,3074853,9073710,10059914,32755953,,6410660,89012597,7254442,20582375,2501383,3490533,5426559,4528334,1376166,9412298,17458153,8963951,,11058987,5158669,25206391
2025-05-30,6119069,,3088457,9113838,10104412,32900847,,6438970,89406327,7286476,20673252,2512441,3505942,5450537,4548360,1382246,9453927,17535369,9003547,,11107836,5181488,25317883
2025-06-02,6171535,,3114949,9191982,10191066,33183009,,6494100,90173078,7348858,20850223,2533975,3535949,5497231,4587358,1394086,9534994,17685737,9080655,,11202963,5225925,25534999
2025-06-03,6177211,,3117813,9200434,10200434,33213517,,6500060,90255982,7355602,20869359,2536303,3539193,5502279,4591574,1395366,9543762,17701997,9088991,,11213251,5230729,25558475
2025-06-04,6170116,,3114233,9189869,10188719,33175372,,6492610,90152322,7347167,20845434,2533388,3535138,5495969,4586304,1393766,9532802,17681667,9078566,,11200391,5224724,25529120
2025-06-05,6181468,,3119961,9206773,10207463,33236404,,6504530,90318170,7360663,20883714,2538052,3541626,5506065,4594736,1396326,9550338,17714195,9095246,,11220967,5234332,25576088
2025-06-06,6236809,,3147885,9289180,10298840,33533935,,6562640,91126718,7426456,21070329,2560789,3573255,5555283,4635842,1408806,9635826,17872769,9176561,,11321275,5281171,25805057
2025-06-09,6246742,,3152897,9303971,10315241,33587338,,6573070,91271842,7438265,21103824,2564870,3578932,5564117,4643220,1411046,9651170,17901231,9191156,,11339279,5289578,25846154
2025-07-07,4581712,,2328035,6776115,7433480,37124963,,7124339,78191092,5473607,24054032,2631695,4555870,6178769,4482121,1592994,8802880,13100156,10758771,,13337501,3870937,29906801
2025-07-08,4581712,,2328035,6776115,7433480,37124963,,7124339,78191092,5473607,24054032,2631695,4555870,6178769,4482121,1592994,8802880,13100156,10758771,,13337501,3870937,29906801
2025-07-09,4605962,,2340313,6811903,7472714,37320935,,7161931,78603912,5502439,24180972,2645597,4579912,6211445,4505775,1601402,8849322,13169396,10815597,,13407895,3891325,30064721
2025-07-10,4567012,,2320515,6754295,7409520,37005383,,7101359,77939292,5455927,23976532,2623215,4541190,6158929,4467661,1587874,8774500,13058056,10724131,,13294541,3858417,29810501
2025-07-11,4538312,,2305927,6711847,7362956,36772871,,7056727,77449572,5421655,23825892,2606723,4512658,6120233,4439577,1577906,8719368,12976016,10656763,,13211017,3834169,29623209
2025-07-14,4548194,,2310974,6726466,7379011,36852862,,7072092,77618035,5433537,23877694,2612446,4522398,6133521,4449205,1581305,8738365,13004247,10679926,,13239726,3842538,29687688
2025-07-15,4541012,,2307327,6715847,7367356,36794671,,7060927,77495472,5424955,23839992,2608323,4515258,6123833,4442177,1578806,8724568,12983709,10663063,,13218817,3836469,29640809
2025-07-16,4537934,,2305764,6711296,7362361,36769732,,7056142,77442945,5421277,23823834,2606556,4512198,6119681,4439165,1577735,8718655,12974907,10655836,,13209856,3833868,29620718
2025-07-17,4533830,,2303680,6705228,7355701,36736480,,7049762,77372909,5416373,23802290,2604200,4508118,6114145,4435149,1576307,8710771,12963171,10646200,,13197908,3830400,29593930
2025-07-18,4552688,,2313279,6733055,7386228,36889027,2089832,7079043,77694168,5438783,23901164,2614943,4526870,6139589,4453561,1582942,8746956,13017001,10690351,,13252717,3846273,29716725
2025-07-21,4552688,,2313279,6733055,7386228,36889027,2089832,7079043,77694168,5438783,23901164,2614943,4526870,6139589,4453561,1582942,8746956,13017001,10690351,,13252717,3846273,29716725
2025-07-22,4539441,,2306545,6713464,7364739,36781725,2083748,7058451,77468176,5422962,23831640,2607338,4513701,6121727,4440613,1578340,8721515,12979132,10659255,,13214172,3835080,29630288
2025-07-23,4544536,,2309135,6720994,7373004,36822995,2086088,7066371,77555096,5429047,23858380,2610263,4518766,6128597,4445593,1580110,8731300,12993692,10671215,,13228997,3839385,29663533
2025-07-24,4545555,,2309653,6722500,7374657,36831249,2086556,7067955,77572480,5430264,23863728,2610848,4519779,6129971,4446589,1580464,8733257,12996604,10673607,,13231962,3840246,29670182
2025-07-25,4542498,,2308099,6717982,7369698,36806487,2085152,7063203,77520328,5426613,23847684,2609093,4516740,6125849,4443601,1579402,8727386,12987868,10666431,,13223067,3837663,29650235
2025-07-28,4503776,,2288415,6660754,7306884,36492835,2067368,7003011,76859736,5380367,23644460,2586863,4478246,6073637,4405753,1565950,8653020,12877212,10575535,,13110397,3804945,29397573
2025-07-29,4509890,,2291523,6669790,7316802,36542359,2070176,7012515,76964040,5387669,23676548,2590373,4484324,6081881,4411729,1568074,8664762,12894684,10589887,,13128187,3810111,29437467
2025-07-30,4514985,,2294113,6677320,7325067,36583629,2072516,7020435,77050960,5393754,23703288,2593298,4489389,6088751,4416709,1569844,8674547,12909244,10601847,,13143012,3814416,29470712
2025-07-31,4555745,,2314833,6737560,7391187,36913789,2091236,7083795,77746320,5442434,23917208,2616698,4529909,6143711,4456549,1584004,8752827,13025724,10697527,,13261612,3848856,29736672
2025-08-01,4614847,,2344877,6824908,7487061,37392521,2118380,7175667,78754534,5513020,24227392,2650628,4588663,6223403,4514317,1604536,8866333,13194620,10836263,,13433582,3898794,30122314
2025-08-04,4601600,,2338143,6805330,7465572,37285219,2112296,7155075,78528555,5497199,24157868,2643023,4575494,6205541,4501369,1599934,8840892,13156764,10805167,,13395037,3887601,30035877
2025-08-05,4749355,,2413253,7023700,7705257,38482049,2180156,7384755,81049090,5673664,24933328,2727848,4722379,6404771,4645789,1651264,9124657,13579004,11152007,,13824962,4012446,30999982
2025-08-06,4979649,12213698,2530321,7364056,8078835,40347453,2285924,7742739,84977648,5948706,26141976,2860058,4951317,6715295,4870885,1731268,9566939,14237116,11692599,,14495052,4207032,32502656
2025-08-07,5278657,12407242,2682161,7806436,8563847,42770469,2423164,8207603,90080932,6305822,27711768,3031754,5248573,7118547,5163469,1835220,10141595,15092092,12394859,,15365504,4459612,34454676
2025-08-08,5100307,11988250,2591507,7542826,8274659,41325747,2341384,7930421,87038194,6092846,26775648,2929268,5071267,6878079,4989121,1773276,9798989,14582272,11976215,,14846462,4308928,33290790
2025-08-11,4813307,11314010,2445627,7118626,7809299,39000907,2209784,7484381,82141834,5750126,25269528,2764348,4785947,6491119,4708561,1673596,9247669,13761872,11302535,,14011222,4066448,31418150
2025-08-12,4813307,11314010,2445627,7118626,7809299,39000907,2209784,7484381,82141834,5750126,25269528,2764348,4785947,6491119,4708561,1673596,9247669,13761872,11302535,,14011222,4066448,31418150
2025-08-13,4664682,10964850,2370082,6898951,7568309,37796972,2141634,7253396,79606219,5572646,24489573,2678943,4638192,6290729,4563271,1621976,8962164,13337022,10953665,,13578687,3940878,30448390
2025-08-14,4670832,10979298,2373208,6908041,7578281,37846784,2144454,7262954,79711135,5579990,24521847,2682477,4644306,6299021,4569283,1624112,8973978,13354602,10968101,,13596585,3946074,30488518
2025-08-15,4669707,10974066,2372699,6906206,7576283,37837926,2143624,7261157,79692670,5578694,24515956,2682196,4643355,6297443,4568125,1623588,8971977,13351732,10965327,,13593578,3945160,30481166
2025-08-18,4635882,10894602,2355506,6856211,7521437,37563960,2128114,7208588,79115665,5538302,24338449,2662759,4609728,6251837,4535059,1611840,8907000,13255042,10885929,,13495139,3916582,30260462
2025-08-19,4634857,10892194,2354985,6854696,7519775,37555658,2127644,7206995,79098180,5537078,24333070,2662170,4608709,6250455,4534057,1611484,8905031,13252113,10883523,,13492156,3915716,30253774
2025-08-20,4633832,10889786,2354464,6853181,7518113,37547356,2127174,7205402,79080695,5535854,24327691,2661581,4607690,6249073,4533055,1611128,8903062,13249183,10881117,,13489173,3914850,30247086
2025-08-21,4602057,10815138,2338313,6806216,7466591,37289994,2112604,7156019,78538660,5497910,24160942,2643322,4576101,6206231,4501993,1600092,8842023,13158353,10806531,,13396700,3888004,30039758
2025-08-22,4595907,10800690,2335187,6797126,7456619,37240182,2109784,7146461,78433750,5490566,24128668,2639788,4569987,6197939,4495981,1597956,8830209,13140773,10792095,,13378802,3882808,29999630
2025-08-25,4608207,10829586,2341439,6815306,7476563,37339806,2115424,7165577,78643570,5505254,24193216,2646844,4582215,6214523,4508005,1602228,8853825,13175921,10820967,,13414598,3893200,30079886
2025-08-26,4608207,10829586,2341439,6815306,7476563,37339806,2115424,7165577,78643570,5505254,24193216,2646844,4582215,6214523,4508005,1602228,8853825,13175921,10820967,,13414598,3893200,30079886
2025-08-27,4613332,10841626,2344044,6822881,7484873,37381316,2117774,7173542,78730995,5511374,24220111,2649784,4587310,6221433,4513015,1604008,8863665,13190566,10832997,,13429508,3897530,30113326
2025-08-28,4622557,10863298,2348733,6836516,7499831,37456034,2122004,7187879,78888389,5522390,24268522,2655105,4596481,6233871,4522033,1607212,8881406,13216956,10854651,,13456355,3905324,30173518
2025-08-29,4622557,10863298,2348733,6836516,7499831,37456034,2122004,7187879,78888389,5522390,24268522,2655105,4596481,6233871,4522033,1607212,8881406,13216956,10854651,,13456355,3905324,30173518
2025-09-02,4629732,10880154,2352380,6847127,7511471,37514154,2125294,7199030,79010803,5530958,24306181,2659228,4603614,6243545,4529047,1609704,8895189,13237466,10871493,,13477236,3911386,30220340
2025-09-03,4651257,10930743,2363321,6878963,7546394,37688580,2135185,7232504,79378198,5556683,24419203,2671597,4625013,6272567,4550110,1617180,8936559,13299017,10922040,,13539900,3929572,30360851
2025-09-04,4659457,10950015,2367489,6891091,7559698,37755036,2138953,7245256,79518174,5566483,24462259,2676309,4633165,6283631,4558134,1620028,8952319,13322465,10941296,,13563772,3936500,30414387
2025-09-05,4660482,10952424,2368010,6892607,7561361,37763343,2139424,7246850,79535670,5567708,24467641,2676898,4634184,6285014,4559137,1620384,8954289,13325396,10943703,,13566756,3937366,30421079
2025-09-08,4645107,10916289,2360195,6869867,7536416,37638738,2132359,7222940,79273230,5549333,24386911,2668063,4618899,6264269,4544092,1615044,8924739,13281431,10907598,,13521996,3924376,30320699
2025-09-09,4645107,10916289,2360195,6869867,7536416,37638738,2132359,7222940,79273230,5549333,24386911,2668063,4618899,6264269,4544092,1615044,8924739,13281431,10907598,,13521996,3924376,30320699
2025-09-10,4656382,10942799,2365926,6886554,7554720,37730137,2137540,7240474,79465719,5562808,24446124,2674542,4630119,6279482,4555125,1618971,8946409,13313683,10934086,,13554831,3933902,30394322
2025-09-11,4619482,10856039,2347170,6831945,7494816,37431016,2120584,7183057,78835722,5518708,24252303,2653338,4593399,6229694,4519017,1606119,8875489,13208131,10847398,,13447371,3902726,30153341
2025-09-12,4621532,10860859,2348212,6834979,7498144,37447634,2121526,7186245,78870722,5521158,24263069,2654516,4595439,6232460,4521023,1606833,8879429,13213995,10852214,,13453341,3904458,30166727
2025-09-15,4635882,10894599,2355506,6856217,7521440,37563960,2128120,7208561,79115708,5538308,24338431,2662762,4609719,6251822,4535065,1611831,8907009,13255043,10885926,,13495131,3916582,30260429
2025-09-16,4646132,10918699,2360716,6871387,7538080,37647050,2132830,7224511,79290708,5550558,24392271,2668652,4619919,6265652,4545095,1615401,8926709,13284363,10910006,,13524981,3925242,30327369
2025-09-17,4900332,11516379,2489924,7247603,7950752,39707682,2249638,7620071,83630708,5854358,25727503,2814724,4872879,6608636,4793839,1703937,9415269,14011499,11507190,,14265261,4140010,31987481
2025-09-18,4891107,11494689,2485235,7233950,7935776,39632901,2245399,7605716,83473208,5843333,25679047,2809423,4863699,6596189,4784812,1700724,9397539,13985111,11485518,,14238396,4132216,31927235
2025-09-19,4282607,10022897,2239747,6288770,6815732,39948765,14467567,6850940,80370316,5120193,26822355,3015247,4852795,6466553,4779972,1554444,10074303,12220371,9047194,,11269800,3610912,34841827
2025-09-22,4313858,10096025,2256082,6334640,6865463,40240188,14573101,6900902,80956594,5157549,27018012,3037258,4888204,6513710,4814853,1565796,10147794,12309504,9113194,,11352003,3637246,35095993
2025-09-23,4313858,10096025,2256082,6334640,6865463,40240188,14573101,6900902,80956594,5157549,27018012,3037258,4888204,6513710,4814853,1565796,10147794,12309504,9113194,,11352003,3637246,35095993
2025-09-24,4311964,10091593,2255092,6331860,6862449,40222524,14566705,6897872,80921058,5155285,27006152,3035924,4886058,6510850,4812739,1565108,10143340,12304100,9109194,,11347021,3635650,35080587
2025-09-25,4321434,10113753,2260042,6345760,6877519,40310844,14598685,6913022,81098738,5166605,27065452,3042594,4896788,6525150,4823309,1568548,10165610,12331120,9129194,,11371941,3643630,35157617
2025-09-26,4858369,10124833,2262517,6352710,6885054,40355004,14614675,6920597,81187578,5172265,27095102,3045929,4902153,6532300,4828594,1570268,10176745,12344630,9139194,,11384401,4073220,35196132
2025-09-29,4865810,10140317,2265975,6362426,6895582,40416723,14637026,6931181,81311751,5180175,27136542,3050584,4909650,6542289,4835979,1572669,10192313,12363509,9153173,,11401810,4079464,35249962
2025-09-30,6846790,14243322,3182905,8936911,9685722,44067378,20559686,6122081,68354286,7276270,28600472,4284904,5198205,5499819,4758309,1322044,10776878,17366229,7694618,,9584840,5740254,39281357
2025-10-01,6750850,14043707,3138315,8811656,9550002,43449878,20271606,6036281,67396446,7174285,28199682,4224844,5125340,5422729,4691619,1303519,10625883,17122869,7586783,,9450550,5659849,38730937
2025-10-02,6740511,14022203,3133513,8798160,9535379,43383350,20240568,6027041,67293245,7163302,28156499,4218376,5117493,5414427,4684437,1301524,10609615,17096647,7575163,,9436081,5651183,38671633
2025-10-03,6739034,14019131,3132827,8796232,9533290,43373846,20236134,6025721,67278502,7161733,28150330,4217452,5116372,5413241,4683411,1301239,10607291,17092901,7573503,,9434014,5649945,38663161
2025-10-06,6728695,13997627,3128018,8782736,9518667,43307311,20205089,6016474,67175294,7150750,28107147,4210984,5108525,5404939,4676229,1299244,10591016,17066679,7561883,,9419545,5641279,38603850
2025-10-07,6725741,13991483,3126644,8778880,9514489,43288301,20196219,6013832,67145806,7147612,28094809,4209136,5106283,5402567,4674177,1298674,10586366,17059187,7558563,,9415411,5638803,38586904
2025-10-08,6727218,13994555,3127331,8780808,9516578,43297806,20200654,6015153,67160550,7149181,28100978,4210060,5107404,5403753,4675203,1298959,10588691,17062933,7560223,,9417478,5640041,38595377
2025-10-09,6749373,14040635,3137636,8809728,9547913,43440381,20267179,6034968,67381710,7172716,28193513,4223920,5124219,5421543,4690593,1303234,10623566,17119123,7585123,,9448483,5658611,38722472
2025-10-10,6744942,14031419,3135575,8803944,9541646,43411866,20253874,6031005,67337478,7168009,28175006,4221148,5120856,5417985,4687515,1302379,10616591,17107885,7580143,,9442282,5654897,38697053
2025-10-13,6744942,14031419,3135575,8803944,9541646,43411866,20253874,6031005,67337478,7168009,28175006,4221148,5120856,5417985,4687515,1302379,10616591,17107885,7580143,,9442282,5654897,38697053
2025-10-14,6744942,14031419,3135575,8803944,9541646,43411866,20253874,6031005,67337478,7168009,28175006,4221148,5120856,5417985,4687515,1302379,10616591,17107885,7580143,,9442282,5654897,38697053
2025-10-15,6746421,14034495,3136262,8805874,9543738,43421383,20258314,6032327,67352239,7169580,28181182,4222073,5121979,5419173,4688543,1302665,10618918,17111635,7581805,,9444352,5656137,38705536
2025-10-16,6755295,14052951,3140384,8817454,9556290,43478479,20284954,6040259,67440805,7179006,28218238,4227623,5128717,5426301,4694711,1304381,10632880,17134135,7591777,,9456772,5663577,38756434
2025-10-17,6759732,14062179,3142445,8823244,9562566,43507027,20298274,6044225,67485088,7183719,28236766,4230398,5132086,5429865,4697795,1305239,10639861,17145385,7596763,,9462982,5667297,38781883
2025-10-20,6777480,14099091,3150689,8846404,9587670,43621219,20351554,6060089,67662220,7202571,28310878,4241498,5145562,5444121,4710131,1308671,10667785,17190385,7616707,,9487822,5682177,38883679
2025-10-21,6777480,14099091,3150689,8846404,9587670,43621219,20351554,6060089,67662220,7202571,28310878,4241498,5145562,5444121,4710131,1308671,10667785,17190385,7616707,,9487822,5682177,38883679
2025-10-22,6808539,14163687,3165116,8886934,9631602,43821055,20444794,6087851,67972201,7235562,28440574,4260923,5169145,5469069,4731719,1314656,10716652,17269135,7651609,,9531292,5708217,39061822
2025-10-23,6808539,14163687,3165116,8886934,9631602,43821055,20444794,6087851,67972201,7235562,28440574,4260923,5169145,5469069,4731719,1314656,10716652,17269135,7651609,,9531292,5708217,39061822
2025-10-24,6798186,14142155,3160307,8873424,9616958,43754443,20413714,6078597,67868874,7224565,28397342,4254448,5161284,5460753,4724523,1312661,10700363,17242885,7639975,,9516802,5699537,39002441
2025-10-27,6802623,14151383,3162368,8879214,9623234,43782991,20427034,6082563,67913157,7229278,28415870,4257223,5164653,5464317,4727607,1313516,10707344,17254135,7644961,,9523012,5703257,39027890
2025-10-28,6817413,14182143,3169238,8898514,9644154,43878151,20471434,6095783,68060767,7244988,28477630,4266473,5175883,5476197,4737887,1316366,10730614,17291635,7661581,,9543712,5715657,39112720
2025-10-29,6820371,14188295,3170612,8902374,9648338,43897183,20480314,6098427,68090289,7248130,28489982,4268323,5178129,5478573,4739943,1316936,10735268,17299135,7664905,,9547852,5718137,39129686
2025-10-30,6756774,14056027,3141071,8819384,9558382,43487995,20289394,6041581,67455566,7180577,28224414,4228548,5129840,5427489,4695739,1304681,10635207,17137885,7593439,,9458842,5664817,38764917
2025-10-31,6756774,14056027,3141071,8819384,9558382,43487995,20289394,6041581,67455566,7180577,28224414,4228548,5129840,5427489,4695739,1304681,10635207,17137885,7593439,,9458842,5664817,38764917
2025-11-03,6730152,14000659,3128705,8784644,9520726,43316707,20209474,6017785,67189868,7152299,28113246,4211898,5109626,5406105,4677235,1299551,10593321,17070385,7563523,,9421582,5642497,38612223
2025-11-04,6730152,14000659,3128705,8784644,9520726,43316707,20209474,6017785,67189868,7152299,28113246,4211898,5109626,5406105,4677235,1299551,10593321,17070385,7563523,,9421582,5642497,38612223
2025-11-05,6726657,13993479,3127070,8780094,9515766,43294227,20198974,6014675,67155063,7148644,28098666,4209673,5107011,5403285,4674795,1298876,10587786,17061535,7559613,,9416732,5639497,38592208
2025-11-06,6731094,14002707,3129131,8785884,9522042,43322775,20212294,6018641,67199346,7153357,28117194,4212448,5110380,5406849,4677879,1299731,10594767,17072785,7564599,,9422942,5643217,38617657
2025-11-07,6719262,13978099,3123635,8770444,9505306,43246647,20176774,6008065,67081258,7140789,28067786,4205048,5101396,5397345,4669655,1297451,10576151,17042785,7551303,,9406382,5633297,38549793
2025-11-10,6720741,13981175,3124322,8772374,9507398,43256163,20181214,6009387,67096019,7142360,28073962,4205973,5102519,5398533,4670683,1297736,10578478,17046535,7552965,,9408452,5634537,38558276
2025-11-11,6716304,13971947,3122261,8766584,9501122,43227615,20167894,6005421,67051736,7137647,28055434,4203198,5099150,5394969,4667599,1296881,10571497,17035285,7547979,,9402242,5630817,38532827
2025-11-12,6713346,13965795,3120887,8762724,9496938,43208583,20159014,6002777,67022214,7134505,28043082,4201348,5096904,5392593,4665543,1296311,10566843,17027785,7544655,,9398102,5628337,38515861
2025-11-13,6713346,13965795,3120887,8762724,9496938,43208583,20159014,6002777,67022214,7134505,28043082,4201348,5096904,5392593,4665543,1296311,10566843,17027785,7544655,,9398102,5628337,38515861
2025-11-14,6711867,13962719,3120200,8760794,9494846,43199067,20154574,6001455,67007453,7132934,28036906,4200423,5095781,5391405,4664515,1296026,10564516,17024035,7542993,,9396032,5627097,38507378
2025-11-17,6697077,13931959,3113330,8741494,9473926,43103907,20110174,5988235,66859843,7117224,27975146,4191173,5084551,5379525,4654235,12931760,10541246,16986535,7526373,,9375332,5614697,38422558
2025-11-18,6702989,13944263,3116078,8749214,9482294,43141971,20127934,5993523,66918883,7123508,27999850,4194873,5089043,5384277,4658347,12943180,10550554,17001535,7533021,,9383612,5619657,38456486
2025-11-19,6642391,13818147,3087911,8670084,9396522,42751815,19945894,5939321,66313723,7059097,27746634,4156948,5043000,5335569,4616199,12826125,10455147,16847785,7464879,,9298742,5568817,38108724
2025-11-20,6654215,13842755,3093407,8685524,9413258,42827943,19981414,5949897,66431803,7071665,27796042,4164348,5051984,5345073,4624423,12848965,10473763,16877785,7478175,,9315302,5578737,38176580
2025-11-21,6673429,13882743,3102338,8710614,9440454,42951651,20039134,5967083,66623683,7092088,27876330,4176373,5066583,5360517,4637787,12886080,10504014,16926535,7499781,,9342212,5594857,38286846
2025-11-24,6670473,13876591,3100964,8706754,9436270,42932619,20030254,5964439,66594163,7088946,27863978,4174523,5064339,5358141,4635731,12880370,10499360,16919035,7496457,,9338072,5592377,38269882
2025-11-25,6677863,13891971,3104399,8716404,9446730,42980199,20052454,5971049,66667963,7096801,27894858,4179148,5069949,5364081,4640866,12894645,10510995,16937785,7504767,,9348422,5598577,38312292
2025-11-26,6705945,13950415,3117452,8753074,9486478,43161003,20136814,5996167,66948403,7126650,28012202,4196723,5091267,5386653,4660379,12948890,10555208,17009035,7536345,,9387752,5622137,38473450
2025-11-28,6704467,13947339,3116765,14442806,9484386,43151487,20132374,5994845,66933643,7125079,28006026,4195798,5090145,5385465,4659352,12946035,10552881,17005285,7534683,,9385682,5620897,38464968
2025-12-01,6716299,13971947,3122261,14468294,9501122,43227623,20167894,6005421,67051747,7137655,28055442,4203198,5099129,5394969,4667576,12968875,10571505,17035293,7547979,,9402242,5630817,38532840
2025-12-02,6711862,13962719,3120200,14458736,9494846,43199069,20154574,6001455,67007458,7132939,28036911,4200423,5095760,5391405,4664492,12960310,10564521,17024040,7542993,,9396032,5627097,38507388
2025-12-03,6726652,13993479,3127070,14490596,9515766,43294249,20198974,6014675,67155088,7148659,28098681,4209673,5106990,5403285,4674772,12988860,10587801,17061550,7559613,,9416732,5639497,38592228
2025-12-04,6737005,14015011,3131879,14512898,9530410,43360875,20230054,6023929,67258429,7159663,28141920,4216148,5114851,5411601,4681968,13008845,10604097,17087807,7571247,,9431222,5648177,38651616
2025-12-05,6737005,14015011,3131879,14512898,9530410,43360875,20230054,6023929,67258429,7159663,28141920,4216148,5114851,5411601,4681968,13008845,10604097,17087807,7571247,,9431222,5648177,38651616
2025-12-08,6737005,14015011,3131879,14512898,9530410,43360875,20230054,6023929,67258429,7159663,28141920,4216148,5114851,5411601,4681968,13008845,10604097,17087807,7571247,,9431222,5648177,38651616
2025-12-09,6729610,13999631,3128444,14496968,9519950,43313285,20207849,6017319,67184614,7151803,28111035,4211523,5109236,5405661,4676828,12994570,10592457,17069052,7562937,,9420872,5641977,38609196
2025-12-10,6729610,13999631,3128444,14496968,9519950,43313285,20207849,6017319,67184614,7151803,28111035,4211523,5109236,5405661,4676828,12994570,10592457,17069052,7562937,,9420872,5641977,38609196
2025-12-11,6748837,14039632,3137388,14538386,9547146,43437032,20265582,6034505,67376559,7172239,28191349,4223561,5123835,5421105,4690192,13031698,10622721,17117815,7584543,,9447782,5658097,38719501
2025-12-12,6763627,14070402,3144268,14570246,9568066,43532222,20309992,6047725,67524209,7187959,28253129,4232821,5135065,5432985,4700472,13060258,10646001,17155325,7601163,,9468482,5670497,38804351
2025-12-15,6784333,14113480,3153900,14614850,9597354,43665488,20372166,6066233,67730919,7209967,28339621,4245785,5150787,5449617,4714864,13100242,10678593,17207839,7624431,,9497462,5687857,38923141
2025-12-16,6775459,14095018,3149772,14595734,9584802,43608374,20345520,6058301,67642329,7200535,28302553,4240229,5144049,5442489,4708696,13083106,10664625,17185333,7614459,,9485042,5680417,38872231
2025-12-17,6771019,14085784,3147708,14586170,9578523,43579802,20332191,6054332,67598010,7195816,28284010,4237451,5140680,5438922,4705612,13074535,10657638,17174074,7609470,,9478829,5676694,38846764
2025-12-18,7243139,15067666,3367180,15603142,10246190,46617958,21749508,6476369,72310597,7697603,30255749,4532845,5498917,5818213,5033544,13985918,11400589,18371281,8139967,,10139797,6072573,41555074
2025-12-19,7229819,15039964,3360988,15574450,10227353,46532242,21709512,6464462,72177640,7683446,30200120,4524511,5488810,5807512,5024292,13960205,11379628,18337504,8125000,,10121149,6061404,41478664
2025-12-22,5123275,10728167,2288488,11011153,7192594,48958542,15199812,5867526,40436787,5450728,29912320,3037671,6113510,8038632,4853692,15640005,10972128,12927004,7295700,,9128149,4261104,43295764
2025-12-23,5144631,10772874,2298026,11057038,7222576,49162602,15263158,5891979,40605317,5473452,30036998,3050325,6138989,8072129,4873927,15705194,11017861,12980888,7326100,,9166187,4278869,43476207
2025-12-24,5156427,10797686,2303334,11082398,7239188,49275458,15298194,5905527,40698597,5486036,30105942,3057349,6153153,8090661,4885087,15741248,11043189,13010732,7342900,,9187295,4288709,43576095
2025-12-26,5150807,10785921,2300824,11070323,7231298,49221763,15281524,5899092,40654247,5480056,30073137,3054019,6146448,8081846,4879762,15724093,11031154,12996552,7334900,,9177285,4284034,43528610
2025-12-29,5164295,10814157,2306848,11099303,7250234,49350631,15321532,5914536,40760687,5494408,30151869,3062011,6162540,8103002,4892542,15765265,11060038,13030584,7354100,,9201309,4295254,43642574
2025-12-30,5164295,10814157,2306848,11099303,7250234,49350631,15321532,5914536,40760687,5494408,30151869,3062011,6162540,8103002,4892542,15765265,11060038,13030584,7354100,,9201309,4295254,43642574
2025-12-31,5176659,10840040,2312370,11125868,7267592,49468760,15358206,5928693,40858257,5507564,30224040,3069337,6177291,8122395,4904257,15803006,11086515,13061780,7371700,,9223331,4305539,43747041
2026-01-02,5175535,10837687,2311868,11123453,7266014,49458021,15354872,5927406,40849387,5506368,30217479,3068671,6175950,8120632,4903192,15799575,11084108,13058944,7370100,,9221329,4304604,43737544
2026-01-06,5154179,10792980,2302330,11077568,7236032,49253980,15291526,5902953,40680857,5483644,30092820,3056017,6150471,8087135,4882957,15734386,11038375,13005060,7339700,,9183291,4286839,43557101
2026-01-07,5149671,10783544,2300318,11067880,7229704,49210912,15278154,5897793,40645285,5478848,30066504,3053345,6145091,8080063,4878689,15720626,11028723,12993688,7333280,,9175259,4283091,43519013
2026-01-08,5151925,10788264,2301324,11072724,7232868,49232448,15284840,5900373,40663073,5481246,30079662,3054681,6147781,8083599,4880825,15727506,11033549,12999374,7336490,,9179275,4284965,43538057
2026-01-09,5131639,10745784,2292270,11029128,7204392,49038624,15224666,5877153,40502981,5459664,29961240,3042657,6123571,8051775,4861601,15665586,10990115,12948200,7307600,,9143131,4268099,43366661
2026-01-12,5146290,10776464,2298809,11060614,7224958,49178608,15268125,5893923,40618603,5475251,30046767,3051341,6141056,8074759,4875485,15710306,11021484,12985159,7328465,,9169235,4280280,43490447
2026-01-13,5159336,10803744,2304603,11088670,7243294,49303172,15306739,5908843,40721515,5489153,30122909,3059085,6156566,8095223,4887851,15750116,11049358,13018073,7347055,,9192419,4291106,43600603
2026-01-14,5164976,10815559,2307123,11100795,7251214,49357082,15323474,5915303,40766040,5495153,30155844,3062430,6163296,8104073,4893196,15767336,11061438,13032308,7355090,,9202469,4295796,43648278
2026-01-15,5158208,10801381,2304099,11086245,7241710,49292390,15303392,5907551,40712610,5487953,30116322,3058416,6155220,8093453,4886782,15746672,11046942,13015226,7345448,,9190409,4290168,43591074
2026-01-16,5189820,10867573,2318211,11154173,7286090,49594426,15397164,5943755,40962090,5521581,30300870,3077148,6192936,8143041,4916714,15843160,11114646,13094970,7390472,,9246717,4316460,43858194
2026-01-20,5194336,10877029,2320227,11163877,7292430,49637574,15410560,5948927,40997730,5526385,30327234,3079824,6198324,8150125,4920990,15856944,11124318,13106362,7396904,,9254761,4320216,43896354
2026-01-21,5195465,10879393,2320731,11166303,7294015,49648361,15413909,5950220,41006640,5527586,30333825,3080493,6199671,8151896,4922059,15860390,11126736,13109210,7398512,,9256772,4321155,43905894
2026-01-22,5182401,10851969,2314867,11138187,7275655,49523369,15375125,5935232,40903280,5513670,30257369,3072749,6184119,8131360,4909655,15820444,11098748,13076142,7379884,,9233496,4310231,43795254
2026-01-23,5188046,10863789,2317387,11150317,7283580,49577304,15391870,5941697,40947830,5519675,30290324,3076094,6190854,8140215,4915000,15837674,11110838,13090382,7387924,,9243551,4314926,43842954
2026-01-26,5207239,10903977,2325955,11191559,7310525,49760683,15448803,5963678,41099300,5540092,30402371,3087467,6213753,8170322,4933173,15896256,11151944,13138798,7415260,,9277738,4330889,44005134
2026-01-27,5228690,10948893,2335531,11237653,7340640,49965636,15512434,5988245,41268590,5562911,30527600,3100178,6239346,8203971,4953484,15961730,11197886,13192910,7445812,,9315947,4348730,44186394
2026-01-28,5228690,10948893,2335531,11237653,7340640,49965636,15512434,5988245,41268590,5562911,30527600,3100178,6239346,8203971,4953484,15961730,11197886,13192910,7445812,,9315947,4348730,44186394
2026-01-29,5216271,10922889,2329987,11210967,7323205,49846979,15475595,5974022,41170580,5549700,30455099,3092819,6224529,8184490,4941725,15923824,11171288,13161582,7428124,,9293826,4338401,44081454
2026-01-30,5244496,10981989,2342587,11271617,7362830,50116654,15559320,6006347,41393330,5579725,30619874,3109544,6258204,8228765,4968450,16009974,11231738,13232782,7468324,,9344101,4361876,44319954
2026-02-02,5236593,10965441,2339059,11254635,7351735,50041145,15535877,5997296,41330960,5571318,30573737,3104861,6248775,8216368,4960967,15985852,11214812,13212846,7457075,,9330024,4355303,44253174
2026-02-03,5223045,10937073,2333011,11225523,7332715,49911701,15495689,5981780,41224040,5556906,30494645,3096833,6232611,8195116,4948139,15944500,11185796,13178670,7437791,,9305892,4344035,44138694
2026-02-04,5206110,10901613,2325451,11189133,7308940,49749896,15445454,5962385,41090390,5538891,30395780,3086798,6212406,8168551,4932104,15892810,11149526,13135950,7413686,,9275727,4329950,43995594
2026-02-05,5198207,10885065,2321923,11172151,7297845,49674387,15422011,5953334,41028020,5530484,30349643,3082115,6202977,8156154,4924621,15868688,11132600,13116014,7402437,,9261650,4323377,43928814
2026-02-06,5165466,10816509,2307307,11101797,7251880,49361564,15324890,5915837,40769630,5495655,30158504,3062714,6163914,8104795,4893620,15768754,11062478,13033422,7355834,,9203331,4296146,43652183
2026-02-09,5164337,10814145,2306803,11099371,7250295,49350777,15321541,5914544,40760720,5494454,30151913,3062045,6162567,8103024,4892551,15765308,11060060,13030574,7354227,,9201320,4295207,43642644
2026-02-10,5142886,10769229,2297227,11053277,7220180,49145824,15257910,5889977,40591449,5471635,30026684,3049334,6136974,8069375,4872240,15699834,11014118,12976462,7323694,,9163111,4277366,43461403
2026-02-11,5133854,10750317,2293195,11033869,7207500,49059528,15231118,5879633,40520177,5462027,29973956,3043982,6126198,8055207,4863688,15672266,10994782,12953678,7310838,,9147023,4269854,43385091
2026-02-12,5162079,10809417,2305795,11094519,7247125,49329203,15314843,5911958,40742902,5492052,30138731,3060707,6159873,8099482,4890413,15758416,11055207,13024878,7351013,,9197298,4293329,43623566
2026-02-13,5162079,10809417,2305795,11094519,7247125,49329203,15314843,5911958,40742902,5492052,30138731,3060707,6159873,8099482,4890413,15758416,11055207,13024878,7351013,,9197298,4293329,43623566
2026-02-17,5160950,10807053,2305291,11092093,7245540,49318416,15311494,5910665,40733993,5490851,30132140,3060038,6158526,8097711,4889344,15754970,11052790,13022030,7349406,,9195287,4292390,43614027
2026-02-18,5157563,10799961,2303779,11084815,7240785,49286055,15301447,5906786,40707266,5487248,30112370,3058031,6154485,8092398,4886137,15744632,11045539,13013486,7344585,,9189254,4289573,43585410
2026-02-19,5167724,10821237,2308315,11106649,7255050,49383138,15331588,5918423,40787447,5498057,30171680,3064052,6166608,8108337,4895758,15775646,11067292,13039118,7359048,,9207353,4298024,43671261
2026-02-20,5168853,10823601,2308819,11109075,7256635,49393925,15334937,5919716,40796356,5499258,30178270,3064721,6167955,8110108,4896827,15779092,11069709,13041966,7360655,,9209364,4298963,43680800
2026-02-23,5166595,10818873,2307811,11104223,7253465,49372351,15328239,5917130,40778538,5496856,30165090,3063383,6165261,8106566,4894689,15772200,11064875,13036270,7357441,,9205342,4297085,43661722
2026-02-24,5175627,10837785,2311843,11123631,7266145,49458647,15355031,5927474,40849810,5506464,30217810,3068735,6176037,8120734,4903241,15799768,11084211,13059054,7370297,,9221430,4304597,43738034
2026-02-25,5173369,10833057,2310835,11118779,7262975,49437073,15348333,5924888,40831992,5504062,30204630,3067397,6173343,8117192,4901103,15792876,11079377,13053358,7367083,,9217408,4302719,43718956
2026-02-26,5171111,10828329,2309827,11113927,7259805,49415499,15341635,5922302,40814174,5501660,30191450,3066059,6170649,8113650,4898965,15785984,11074543,13047662,7363869,,9213386,4300841,43699878
2026-02-27,5182401,10851969,2314867,11138187,7275655,49523369,15375125,5935232,40903274,5513670,30257360,3072749,6184119,8131360,4909655,15820444,11098723,13076142,7379939,,9233496,4310231,43795268
2026-03-02,5184659,10856697,2315875,11143039,7278825,49544943,15381823,5937818,40921094,5516072,30270542,3074087,6186813,8134902,4911793,15827336,11103559,13081838,7383153,,9237518,4312109,43814346
2026-03-03,5160950,10807053,2305291,11092072,7245540,49318353,15311473,5910665,40733942,5490851,30132110,3060038,6158526,8097690,4889323,15754949,11052781,13022009,7349385,,9195266,4292390,43613964
2026-03-04,5114661,10710129,2284627,10992565,7180555,48875963,15174123,5857652,40368550,5441610,29861838,3032609,6103299,8025038,4845453,15613622,10953643,12905200,7283457,,9112774,4253891,43222742
2026-03-05,5104500,10688853,2280091,10970722,7166290,48778853,15143973,5846015,40288342,5430801,29802510,3026588,6091176,8009090,4835823,15582599,10931881,12879559,7268985,,9094666,4245440,43136864
2026-03-06,5069501,10615538,2264467,10895485,7117155,48444332,15040123,5805932,40012039,5393570,29598127,3005818,6049419,7954158,4802653,15475742,10856923,12791240,7219137,,9032294,4216331,42841031
2026-03-09,5044663,10563508,2253379,10842091,7082285,48206930,14966423,5777486,39815953,5367148,29453081,2991078,6019785,7915174,4779113,15399908,10803727,12728562,7183761,,8988030,4195673,42631085
2026-03-10,4996116,10461813,2231707,10737730,7014087,47742874,14822330,5721887,39432651,5315462,29169539,2962268,5961821,7838978,4733103,15251644,10699710,12606012,7114617,,8901514,4155296,42220693
2026-03-11,4983697,10435798,2226163,10711033,6996641,47624162,14785469,5707664,39334597,5302240,29097005,2954898,5946993,7819486,4721333,15213716,10673101,12574662,7096929,,8879382,4144967,42115709
2026-03-12,4948667,10362452,2210508,10635765,6947475,47289486,14681557,5667550,39058170,5264978,28892529,2934128,5905205,7764523,4688163,15106797,10598081,12486281,7047050,,8816979,4115827,41819721
2026-03-13,4902337,10265446,2189803,10536217,6882449,46846809,14544125,5614496,38692573,5215696,28622093,2906658,5849937,7691830,4644293,14965388,10498861,12369390,6981081,,8734446,4077287,41428253
2026-03-16,4895557,10251250,2186773,10521649,6872933,46782027,14524013,5606732,38639071,5208484,28582517,2902638,5841849,7681192,4637873,14944694,10484341,12352284,6971427,,8722368,4071647,41370965
2026-03-17,4906857,10274910,2191823,10545939,6888803,46890017,14557543,5619672,38728261,5220504,28648497,2909338,5855339,7698922,4648583,14979194,10508541,12380794,6987517,,8742498,4081047,41466465
2026-03-18,4893297,10246518,2185763,10516791,6869759,46760429,14517307,5604144,38621233,5206080,28569321,2901298,5839151,7677646,4635731,14937794,10479501,12346582,6968209,,8718342,4069767,41351865
2026-03-19,4881997,10222858,2180713,10492501,6853889,46652439,14483777,5591204,38532033,5194060,28503341,2894598,5825661,7659916,4625021,14903294,10455301,12318072,6952119,,8698202,4060367,41256365
2026-03-20,4625262,10154268,2166103,10279096,6557234,41502634,14386537,5638274,40532638,5159150,22241741,2813448,5281136,7585261,5339906,14642664,11172681,12096392,7095754,4398220,8833527,3992712,36873130
2026-03-23,4625262,10154268,2166103,10279096,6557234,41502634,14386537,5638274,40532638,5159150,22241741,2813448,5281136,7585261,5339906,14642664,11172681,12096392,7095754,4398220,8833527,3992712,36873130
2026-03-24,4636042,10177938,2171153,10303056,6572524,41599374,14420077,5651414,40627118,5171180,22293591,2820008,5293446,7602941,5352356,14676794,11198721,12124592,7112294,4408470,8854117,4002022,36959080
2026-03-25,4644666,10196874,2175193,10322224,6584756,41676766,14446909,5661926,40702702,5180804,22335071,2825256,5303294,7617085,5362316,14704098,11219553,12147152,7125526,4416670,8870589,4009470,37027840
2026-03-26,4682396,10279719,2192868,10406084,6638271,42015356,14564299,5707916,41033382,5222909,22516546,2848216,5346379,7678965,5405891,14823553,11310693,12245852,7183416,4452545,8942654,4042055,37328665
2026-03-27,4682396,10279719,2192868,10406084,6638271,42015356,14564299,5707916,41033382,5222909,22516546,2848216,5346379,7678965,5405891,14823553,11310693,12245852,7183416,4452545,8942654,4042055,37328665
2026-03-30,4677006,10267884,2190343,10394104,6630626,41966986,14547529,5701346,40986142,5216894,22490621,2844936,5340224,7670125,5399666,14806488,11297673,12231752,7175146,4447420,8932359,4037400,37285690
2026-03-31,7637068,20658377,4406738,13943888,10827138,36420932,29268916,5175752,38710434,7063631,20846236,4756920,4900973,5526957,5432921,11265755,11120489,24609732,5170312,8948095,6436520,8122949,36291495
2026-04-01,7645603,20670012,4409228,13968393,10839173,36556547,29285261,5193732,38837209,7075826,20916486,4761920,4917773,5553837,5449001,11316545,11154559,24623482,5195487,8953115,6467820,8127424,36404790
