date,nwsa_price,tmus_price,ttd_price,ea_price,tko_price,nflx_price,nws_price,mtch_price,cmcsa_price,dis_price,t_price,meta_price,ipg_price,wbd_price,chtr_price,foxa_price,lyv_price,fox_price,omc_price,vz_price,goog_price,ttwo_price,googl_price,psky_price,xlc_calculated_price
2025-07-18,29.86,227.21,80.21,150.11,170.79,1209.24,34.46,32.45,34.54,121.42,26.94,704.28,24.18,12.75,382.08,56.25,150.49,51.68,71.06,40.84,185.94,231.18,185.06,,107.19
2025-07-24,29.35,247.50,85.00,152.64,168.00,1180.76,33.55,34.08,35.37,121.95,27.92,714.80,26.31,13.50,380.00,56.27,152.89,51.69,77.06,43.08,193.20,225.75,192.17,,108.42
2025-07-25,29.53,243.55,86.14,151.68,170.05,1180.49,33.69,34.56,33.68,121.47,28.00,712.68,26.05,13.49,309.75,56.67,153.06,52.12,76.48,43.08,194.08,224.75,193.18,,107.21
2025-07-28,29.37,238.19,88.46,151.99,170.74,1174.60,33.72,34.16,33.53,120.37,27.60,717.63,25.52,13.70,298.27,56.40,153.08,51.92,74.63,42.36,193.42,226.10,192.58,,106.21
2025-07-29,29.22,239.25,84.53,147.79,168.15,1168.74,33.57,34.06,32.83,119.91,27.41,700.00,25.41,13.12,280.68,55.92,150.49,51.31,74.32,42.71,196.43,223.98,195.75,,106.00
2025-07-30,29.30,241.58,86.42,156.26,167.81,1184.20,33.52,34.30,32.50,119.54,27.50,695.21,24.84,13.26,279.89,55.46,152.19,50.97,72.65,42.60,197.44,223.81,196.53,,106.31
2025-07-31,29.32,238.41,86.96,152.49,168.01,1159.40,33.42,34.27,33.23,119.11,27.41,773.44,24.60,13.17,269.36,55.76,147.70,51.14,72.05,42.76,192.86,222.73,191.90,,108.17
2025-08-01,29.09,237.20,86.08,157.08,165.61,1158.60,33.25,33.60,32.52,116.59,27.75,750.01,24.24,12.87,264.69,55.54,146.14,50.73,71.11,42.88,189.95,220.58,189.13,,107.29
2025-08-04,29.51,241.01,89.76,159.77,165.76,1170.99,33.60,33.88,32.56,119.35,27.68,776.37,24.54,12.80,261.75,56.98,151.29,52.02,72.05,42.95,195.75,225.99,195.04,,107.62
2025-08-05,29.29,238.93,87.70,160.99,163.45,1147.87,33.55,33.73,32.51,118.32,27.77,763.46,24.74,12.72,265.98,54.89,150.42,50.07,72.61,42.67,195.32,225.92,194.67,,110.54
2025-08-06,29.43,239.22,89.58,163.00,155.61,1178.48,33.91,37.27,32.16,115.17,27.49,771.99,24.92,12.79,262.04,54.20,149.29,49.50,72.95,42.35,196.92,227.21,196.09,0.00,111.66
2025-08-07,28.97,242.93,88.33,162.75,160.74,1180.37,33.54,36.35,31.67,112.88,28.06,761.83,24.83,11.86,258.78,53.87,148.27,49.06,72.68,42.95,197.28,226.49,196.52,11.74,112.85
2025-08-08,28.52,244.98,54.23,167.64,163.29,1211.64,32.95,36.09,31.67,112.43,28.08,769.30,24.91,10.91,256.57,54.02,153.13,49.19,72.94,43.15,202.09,217.37,201.42,10.51,103.25
2025-08-11,28.38,248.87,53.17,176.11,180.00,1218.31,32.88,35.70,31.41,112.55,28.14,765.87,24.97,10.78,258.77,54.50,154.47,49.63,72.94,43.18,201.63,222.67,201.00,10.12,101.30
2025-08-12,28.82,252.28,53.27,177.91,186.02,1225.28,33.28,36.42,32.10,113.72,28.48,790.00,25.27,11.22,263.10,56.13,158.43,51.15,73.68,43.25,204.16,232.56,203.34,10.97,109.36
2025-08-13,29.62,250.84,54.36,178.40,191.28,1204.44,34.04,38.74,32.94,116.64,28.40,780.08,26.20,12.05,269.00,59.12,158.87,53.78,76.47,43.71,203.03,236.14,201.96,15.00,110.16
2025-08-14,29.80,250.31,50.76,179.01,191.00,1230.56,34.40,38.66,32.90,116.31,28.75,782.13,25.85,11.78,263.20,59.89,161.60,54.58,75.41,43.50,203.82,233.16,202.94,14.38,110.31
2025-08-15,29.47,254.63,52.12,174.67,188.85,1238.95,34.03,38.28,33.45,115.39,28.87,785.23,26.09,11.85,267.80,58.36,160.93,53.39,76.31,44.24,204.91,232.18,203.90,13.72,111.25
2025-08-18,29.53,255.18,54.95,169.16,185.56,1245.09,34.23,37.84,33.43,116.55,28.92,767.37,26.09,11.82,266.81,57.57,162.12,52.75,76.16,44.39,204.29,232.55,203.50,13.50,110.59
2025-08-19,29.85,258.22,52.53,170.68,184.90,1214.15,34.57,37.85,33.89,116.27,28.98,751.48,26.58,11.56,267.01,58.15,162.90,53.22,77.67,44.94,202.49,228.36,201.57,13.48,109.90
2025-08-20,29.61,259.01,52.53,171.33,182.61,1213.86,34.22,37.01,33.29,117.04,29.28,747.72,26.61,11.54,266.62,58.97,161.90,54.01,77.71,45.06,200.19,228.67,199.32,13.98,109.57
2025-08-21,29.74,258.16,52.30,171.55,184.24,1206.21,34.47,36.79,33.60,116.21,29.44,739.10,26.53,11.59,267.98,59.03,162.47,53.98,77.48,45.03,200.62,227.87,199.75,16.03,109.72
2025-08-22,30.50,251.95,53.20,171.40,186.17,1204.65,35.17,37.30,34.15,118.86,28.77,754.79,27.26,12.05,277.58,59.42,165.72,54.43,79.68,44.44,206.72,229.03,206.09,16.00,110.90
2025-08-25,30.14,251.74,52.37,172.76,183.72,1218.07,34.71,37.18,34.01,117.71,28.74,753.30,27.13,12.04,273.44,59.77,165.84,54.64,79.15,44.23,209.16,231.83,208.49,15.96,111.54
2025-08-26,29.73,251.20,52.22,172.23,185.16,1226.09,34.29,37.30,33.68,117.65,28.56,754.10,26.72,11.80,266.67,59.07,166.62,53.95,77.91,43.96,207.95,230.82,207.14,15.84,110.77
2025-08-27,29.66,251.36,52.65,172.60,185.65,1223.50,34.11,37.44,33.81,118.09,29.06,747.38,26.92,12.15,269.15,59.52,165.57,54.40,78.46,44.27,208.21,232.03,207.48,14.81,110.93
2025-08-28,29.48,250.56,55.36,170.99,190.14,1231.45,34.05,37.04,33.57,117.64,28.94,751.11,26.69,12.06,263.63,59.46,166.62,54.30,77.73,43.93,212.37,234.90,211.64,14.69,112.07
2025-08-29,29.41,251.99,54.66,171.95,189.56,1208.25,33.87,37.34,33.97,118.38,29.29,738.70,26.84,11.64,265.58,59.70,166.49,54.55,78.33,44.23,213.53,233.27,212.91,14.70,111.79
2025-09-02,28.85,255.89,54.18,171.45,185.35,1214.11,33.21,36.98,34.13,118.27,29.08,735.11,26.30,11.62,264.42,61.05,165.47,55.62,76.93,43.80,211.99,240.95,211.35,14.46,110.98
2025-09-03,28.94,252.66,53.77,167.86,186.61,1226.18,32.89,37.59,33.89,117.38,29.04,737.05,26.46,11.92,261.22,60.08,161.97,54.87,77.53,43.74,231.10,238.86,230.66,15.06,113.29
2025-09-04,29.30,252.12,51.92,168.03,190.08,1257.48,33.17,37.39,33.95,118.81,29.58,748.65,26.84,11.77,259.51,60.81,162.98,55.32,78.54,44.18,232.66,240.65,232.30,14.74,113.97
2025-09-05,29.44,252.76,52.07,168.62,194.00,1243.82,33.40,38.17,33.91,117.91,29.59,752.45,27.15,12.11,261.50,61.50,163.42,55.97,79.43,44.38,235.17,239.68,235.00,15.00,114.41
2025-09-08,29.94,242.90,52.03,168.06,200.47,1244.76,33.97,38.77,34.00,118.84,28.90,752.30,27.01,12.35,263.88,62.48,169.40,56.81,78.94,43.32,234.16,248.78,234.04,15.19,114.11
2025-09-09,29.42,242.72,52.40,166.04,196.43,1263.25,32.45,38.21,33.67,117.37,29.42,765.70,26.59,12.26,263.35,58.64,170.30,53.02,77.73,43.57,239.94,247.86,239.63,15.20,115.12
2025-09-10,28.77,240.38,46.14,170.27,195.13,1247.71,31.56,37.90,33.48,115.79,29.20,751.98,25.96,12.54,263.00,57.19,170.90,51.80,76.00,43.49,239.56,244.04,239.17,15.11,114.27
2025-09-11,29.52,241.39,45.24,169.89,202.24,1203.50,32.27,38.02,33.40,117.08,29.49,750.90,26.70,16.17,263.92,58.73,174.06,52.84,77.84,44.14,240.78,246.54,240.37,17.46,115.20
2025-09-12,29.23,241.72,45.15,172.38,202.44,1188.44,32.27,37.75,33.06,115.96,29.57,755.59,26.39,18.87,263.40,58.25,173.73,52.79,77.20,43.97,241.38,246.26,240.80,18.79,117.06
