date,cmcsa_shares,googl_shares,tko_shares,lyv_shares,chtr_shares,ipg_shares,ttd_shares,dis_shares,vz_shares,t_shares,meta_shares,ttwo_shares,goog_shares,nwsa_shares,psky_shares,wbd_shares,nflx_shares,mtch_shares,nws_shares,tmus_shares,omc_shares,fox_shares,foxa_shares,ea_shares
2025-03-31,25921493,12623707,2071146,4877364,2608146,11586820,,9236274,21417643,35465652,6195685,4442494,10231046,11759187,,69436809,1570670,7810020,3474677,3568648,6111748,4103422,6776048,6701282
2025-04-01,25921493,12623707,2071146,4877364,2608146,11586820,,9236274,21417643,35465652,6195685,4442494,10231046,11759187,,69436809,1570670,7810020,3474677,3568648,6111748,4103422,6776048,6701282
2025-04-03,24507265,10737550,2989554,7040318,2432022,16725088,,9151209,19974517,31847337,5269991,4264117,8702362,16973879,,86543536,1335986,11273463,5015560,3387529,8821994,5923182,9780856,6221560
2025-04-07,24008283,10518930,2928694,6897008,2382467,16384578,,8964889,19567792,31198872,5162721,4177332,8525137,16628269,,84781401,1308786,11043963,4913475,3318594,8642389,5802567,9581701,6094910
2025-04-16,24677605,10812201,3010339,7089254,2448929,16841367,,9214840,20113387,32068764,5306631,4293768,8762869,17091898,,87145239,1345266,11351847,5050431,3411069,8883334,5964368,9848866,6264812
2025-04-22,24783391,10873651,3023245,7132938,2459423,16913565,,9254350,20237607,32206248,5335583,4312182,8813735,17165176,,87518829,1353126,11400519,5072085,3432085,8921422,5989919,9891094,6303268
2025-04-23,24842161,10899401,3030415,7149818,2465253,16953675,,9276300,20285507,32282628,5348223,4322412,8834605,17205886,,87726379,1356326,11427559,5084115,3440205,8942582,6004119,9914554,6318188
2025-04-25,24883300,10917426,3035434,7161634,2469334,16981752,,9291665,20319037,32336094,5357071,4329573,8849214,17234383,,87871664,1358566,11446487,5092536,3445889,8957394,6014059,9930976,6328632
2025-04-28,24871546,10912276,3034000,7158258,2468168,16973730,,9287275,20309457,32320820,5354543,4327527,8845040,17226241,,87830156,1357926,11441079,5090130,3444265,8953162,6011219,9926284,6325648
2025-05-13,24877423,10914851,3034717,7159946,2468751,16977741,,9289470,20314247,32328457,5355807,4328550,8847127,17230312,,87850910,1358246,11443787,5091333,3445077,8955278,6012639,9928630,6327140
2025-05-14,24877423,10914851,3034717,7159946,2468751,16977741,,9289470,20314247,32328457,5355807,4328550,8847127,17230312,,87850910,1358246,11443787,5091333,3445077,8955278,6012639,9928630,6327140
2025-05-16,24930316,10938026,3041170,7175138,2473998,17013840,,9309228,20357357,32397190,5367183,4337757,8865910,17266959,,88037699,1361126,11468144,5102160,3452385,8974322,6025419,9949747,6340568
2025-05-19,24877423,10914851,3034717,7159946,2468751,16977741,,9289470,20314247,32328457,5355807,4328550,8847127,17230312,,87850910,1358246,11443787,5091333,3445077,8955278,6012639,9928630,6327140
2025-05-20,24877423,10914851,3034717,7159946,2468751,16977741,,9289470,20314247,32328457,5355807,4328550,8847127,17230312,,87850910,1358246,11443787,5091333,3445077,8955278,6012639,9928630,6327140
2025-05-21,24977332,10958626,3046906,7188642,2478662,17045928,,9326780,20395677,32458286,5377295,4345941,8882606,17299519,,88203723,1363686,11489768,5111784,3458881,8991250,6036779,9968507,6352504
2025-05-23,25112503,11017851,3063397,7227466,2492071,17138181,,9377242,20505847,32633937,5406367,4511470,8930607,17393129,,88681042,1371046,11551937,5139453,3477557,9039918,6069439,10022442,6386820
2025-05-27,25130107,11025564,3065545,7232524,2493817,17150196,,9383815,20520196,32656815,5410153,4514632,8936859,17405321,,88743211,1372006,11560034,5143056,3479990,9046254,6073693,10029468,6391290
2025-05-28,25206391,11058987,3074853,7254442,2501383,17202261,,9412298,20582375,32755953,5426559,4528334,8963951,17458153,,89012597,1376166,11595121,5158669,3490533,9073710,6092127,10059914,6410660
2025-05-30,25317883,11107836,3088457,7286476,2512441,17278356,,9453927,20673252,32900847,5450537,4548360,9003547,17535369,,89406327,1382246,11646402,5181488,3505942,9113838,6119069,10104412,6438970
2025-06-02,25534999,11202963,3114949,7348858,2533975,17426541,,9534994,20850223,33183009,5497231,4587358,9080655,17685737,,90173078,1394086,11746265,5225925,3535949,9191982,6171535,10191066,6494100
2025-06-03,25558475,11213251,3117813,7355602,2536303,17442561,,9543762,20869359,33213517,5502279,4591574,9088991,17701997,,90255982,1395366,11757065,5230729,3539193,9200434,6177211,10200434,6500060
2025-06-04,25529120,11200391,3114233,7347167,2533388,17422526,,9532802,20845434,33175372,5495969,4586304,9078566,17681667,,90152322,1393766,11743560,5224724,3535138,9189869,6170116,10188719,6492610
2025-06-05,25576088,11220967,3119961,7360663,2538052,17454574,,9550338,20883714,33236404,5506065,4594736,9095246,17714195,,90318170,1396326,11765168,5234332,3541626,9206773,6181468,10207463,6504530
2025-06-06,25805057,11321275,3147885,7426456,2560789,17610847,,9635826,21070329,33533935,5555283,4635842,9176561,17872769,,91126718,1408806,11870507,5281171,3573255,9289180,6236809,10298840,6562640
2025-06-09,25846154,11339279,3152897,7438265,2564870,17638896,,9651170,21103824,33587338,5564117,4643220,9191156,17901231,,91271842,1411046,11889414,5289578,3578932,9303971,6246742,10315241,6573070
2025-07-07,29906801,13337501,2328035,5473607,2631695,12840866,,8802880,24054032,37124963,6178769,4482121,10758771,13100156,,78191092,1592994,8516661,3870937,4555870,6776115,4581712,7433480,7124339
2025-07-08,29906801,13337501,2328035,5473607,2631695,12840866,,8802880,24054032,37124963,6178769,4482121,10758771,13100156,,78191092,1592994,8516661,3870937,4555870,6776115,4581712,7433480,7124339
2025-07-09,30064721,13407895,2340313,5502439,2645597,12908662,,8849322,24180972,37320935,6211445,4505775,10815597,13169396,,78603912,1601402,8561551,3891325,4579912,6811903,4605962,7472714,7161931
2025-07-10,29810501,13294541,2320515,5455927,2623215,12799526,,8774500,23976532,37005383,6158929,4467661,10724131,13058056,,77939292,1587874,8489161,3858417,4541190,6754295,4567012,7409520,7101359
2025-07-11,29623209,13211017,2305927,5421655,2606723,12719110,,8719368,23825892,36772871,6120233,4439577,10656763,12976016,,77449572,1577906,8435821,3834169,4512658,6711847,4538312,7362956,7056727
2025-07-14,29687688,13239726,2310974,5433537,2612446,12746735,,8738365,23877694,36852862,6133521,4449205,10679926,13004247,,77618035,1581305,8454170,3842538,4522398,6726466,4548194,7379011,7072092
2025-07-15,29640809,13218817,2307327,5424955,2608323,12726610,,8724568,23839992,36794671,6123833,4442177,10663063,12983709,,77495472,1578806,8440821,3836469,4515258,6715847,4541012,7367356,7060927
2025-07-16,29620718,13209856,2305764,5421277,2606556,12717985,,8718655,23823834,36769732,6119681,4439165,10655836,12974907,,77442945,1577735,8435100,3833868,4512198,6711296,4537934,7362361,7056142
2025-07-17,29593930,13197908,2303680,5416373,2604200,12706485,,8710771,23802290,36736480,6114145,4435149,10646200,12963171,,77372909,1576307,8427472,3830400,4508118,6705228,4533830,7355701,7049762
2025-07-18,29716725,13252717,2313279,5438783,2614943,12759230,2089832,8746956,23901164,36889027,6139589,4453561,10690351,13017001,,77694168,1582942,8462493,3846273,4526870,6733055,4552688,7386228,7079043
2025-07-21,29716725,13252717,2313279,5438783,2614943,12759230,2089832,8746956,23901164,36889027,6139589,4453561,10690351,13017001,,77694168,1582942,8462493,3846273,4526870,6733055,4552688,7386228,7079043
2025-07-22,29630288,13214172,2306545,5422962,2607338,12722115,2083748,8721515,23831640,36781725,6121727,4440613,10659255,12979132,,77468176,1578340,8437884,3835080,4513701,6713464,4539441,7364739,7058451
2025-07-23,29663533,13228997,2309135,5429047,2610263,12736390,2086088,8731300,23858380,36822995,6128597,4445593,10671215,12993692,,77555096,1580110,8447349,3839385,4518766,6720994,4544536,7373004,7066371
2025-07-24,29670182,13231962,2309653,5430264,2610848,12739245,2086556,8733257,23863728,36831249,6129971,4446589,10673607,12996604,,77572480,1580464,8449242,3840246,4519779,6722500,4545555,7374657,7067955
2025-07-25,29650235,13223067,2308099,5426613,2609093,12730680,2085152,8727386,23847684,36806487,6125849,4443601,10666431,12987868,,77520328,1579402,8443563,3837663,4516740,6717982,4542498,7369698,7063203
2025-07-28,29397573,13110397,2288415,5380367,2586863,12622190,2067368,8653020,23644460,36492835,6073637,4405753,10575535,12877212,,76859736,1565950,8371629,3804945,4478246,6660754,4503776,7306884,7003011
2025-07-29,29437467,13128187,2291523,5387669,2590373,12639320,2070176,8664762,23676548,36542359,6081881,4411729,10589887,12894684,,76964040,1568074,8382987,3810111,4484324,6669790,4509890,7316802,7012515
2025-07-30,29470712,13143012,2294113,5393754,2593298,12653595,2072516,8674547,23703288,36583629,6088751,4416709,10601847,12909244,,77050960,1569844,8392452,3814416,4489389,6677320,4514985,7325067,7020435
2025-07-31,29736672,13261612,2314833,5442434,2616698,12767795,2091236,8752827,23917208,36913789,6143711,4456549,10697527,13025724,,77746320,1584004,8468172,3848856,4529909,6737560,4555745,7391187,7083795
2025-08-01,30122314,13433582,2344877,5513020,2650628,12933385,2118380,8866333,24227392,37392521,6223403,4514317,10836263,13194620,,78754534,1604536,8577966,3898794,4588663,6824908,4614847,7487061,7175667
2025-08-04,30035877,13395037,2338143,5497199,2643023,12896270,2112296,8840892,24157868,37285219,6205541,4501369,10805167,13156764,,78528555,1599934,8553357,3887601,4575494,6805330,4601600,7465572,7155075
2025-08-05,30999982,13824962,2413253,5673664,2727848,13310245,2180156,9124657,24933328,38482049,6404771,4645789,11152007,13579004,,81049090,1651264,8827842,4012446,4722379,7023700,4749355,7705257,7384755
2025-08-06,32502656,14495052,2530321,5948706,2860058,13955475,2285924,9566939,26141976,40347453,6715295,4870885,11692599,14237116,12213698,84977648,1731268,9255660,4207032,4951317,7364056,4979649,8078835,7742739
2025-08-07,34454676,15365504,2682161,6305822,3031754,14793515,2423164,10141595,27711768,42770469,7118547,5163469,12394859,15092092,12407242,90080932,1835220,9811628,4459612,5248573,7806436,5278657,8563847,8207603
2025-08-08,33290790,14846462,2591507,6092846,2929268,14293787,2341384,9798989,26775648,41325747,6878079,4989121,11976215,14582272,11988250,87038194,1773276,9480158,4308928,5071267,7542826,5100307,8274659,7930421
2025-08-11,31418150,14011222,2445627,5750126,2764348,13489627,2209784,9247669,25269528,39000907,6491119,4708561,11302535,13761872,11314010,82141834,1673596,8946758,4066448,4785947,7118626,4813307,7809299,7484381
2025-08-12,31418150,14011222,2445627,5750126,2764348,13489627,2209784,9247669,25269528,39000907,6491119,4708561,11302535,13761872,11314010,82141834,1673596,8946758,4066448,4785947,7118626,4813307,7809299,7484381
2025-08-13,30448390,13578687,2370082,5572646,2678943,13073187,2141634,8962164,24489573,37796972,6290729,4563271,10953665,13337022,10964850,79606219,1621976,8670533,3940878,4638192,6898951,4664682,7568309,7253396
2025-08-14,30488518,13596585,2373208,5579990,2682477,13090419,2144454,8973978,24521847,37846784,6299021,4569283,10968101,13354602,10979298,79711135,1624112,8681963,3946074,4644306,6908041,4670832,7578281,7262954
2025-08-15,30481166,13593578,2372699,5578694,2682196,13087431,2143624,8971977,24515956,37837926,6297443,4568125,10965327,13351732,10974066,79692670,1623588,8680218,3945160,4643355,6906206,4669707,7576283,7261157
2025-08-18,30260462,13495139,2355506,5538302,2662759,12992655,2128114,8907000,24338449,37563960,6251837,4535059,10885929,13255042,10894602,79115665,1611840,8617353,3916582,4609728,6856211,4635882,7521437,7208588
2025-08-19,30253774,13492156,2354985,5537078,2662170,12989784,2127644,8905031,24333070,37555658,6250455,4534057,10883523,13252113,10892194,79098180,1611484,8615448,3915716,4608709,6854696,4634857,7519775,7206995
2025-08-20,30247086,13489173,2354464,5535854,2661581,12986912,2127174,8903062,24327691,37547356,6249073,4533055,10881117,13249183,10889786,79080695,1611128,8613543,3914850,4607690,6853181,4633832,7518113,7205402
2025-08-21,30039758,13396700,2338313,5497910,2643322,12897880,2112604,8842023,24160942,37289994,6206231,4501993,10806531,13158353,10815138,78538660,1600092,8554488,3888004,4576101,6806216,4602057,7466591,7156019
2025-08-22,29999630,13378802,2335187,5490566,2639788,12880648,2109784,8830209,24128668,37240182,6197939,4495981,10792095,13140773,10800690,78433750,1597956,8543058,3882808,4569987,6797126,4595907,7456619,7146461
2025-08-25,30079886,13414598,2341439,5505254,2646844,12915100,2115424,8853825,24193216,37339806,6214523,4508005,10820967,13175921,10829586,78643570,1602228,8565906,3893200,4582215,6815306,4608207,7476563,7165577
2025-08-26,30079886,13414598,2341439,5505254,2646844,12915100,2115424,8853825,24193216,37339806,6214523,4508005,10820967,13175921,10829586,78643570,1602228,8565906,3893200,4582215,6815306,4608207,7476563,7165577
2025-08-27,30113326,13429508,2344044,5511374,2649784,12929455,2117774,8863665,24220111,37381316,6221433,4513015,10832997,13190566,10841626,78730995,1604008,8575426,3897530,4587310,6822881,4613332,7484873,7173542
2025-08-28,30173518,13456355,2348733,5522390,2655105,12955323,2122004,8881406,24268522,37456034,6233871,4522033,10854651,13216956,10863298,78888389,1607212,8592591,3905324,4596481,6836516,4622557,7499831,7187879
2025-08-29,30173518,13456355,2348733,5522390,2655105,12955323,2122004,8881406,24268522,37456034,6233871,4522033,10854651,13216956,10863298,78888389,1607212,8592591,3905324,4596481,6836516,4622557,7499831,7187879
2025-09-02,30220340,13477236,2352380,5530958,2659228,12975427,2125294,8895189,24306181,37514154,6243545,4529047,10871493,13237466,10880154,79010803,1609704,8605926,3911386,4603614,6847127,4629732,7511471,7199030
2025-09-03,30360851,13539900,2363321,5556683,2671597,13035760,2135185,8936559,24419203,37688580,6272567,4550110,10922040,13299017,10930743,79378198,1617180,8645952,3929572,4625013,6878963,4651257,7546394,7232504
2025-09-04,30414387,13563772,2367489,5566483,2676309,13058744,2138953,8952319,24462259,37755036,6283631,4558134,10941296,13322465,10950015,79518174,1620028,8661200,3936500,4633165,6891091,4659457,7559698,7245256
2025-09-05,30421079,13566756,2368010,5567708,2676898,13061617,2139424,8954289,24467641,37763343,6285014,4559137,10943703,13325396,10952424,79535670,1620384,8663106,3937366,4634184,6892607,4660482,7561361,7246850
