date,cfg_price,fds_price,pru_price,fis_price,hig_price,schw_price,trow_price,ndaq_price,pfg_price,gpn_price,acgl_price,bk_price,cme_price,cinf_price,gs_price,ice_price,jpm_price,key_price,l_price,fitb_price,pypl_price,v_price,afl_price,ms_price,jkhy_price,kkr_price,coin_price,ivz_price,gl_price,met_price,bx_price,ben_price,mmc_price,pgr_price,spgi_price,usb_price,c_price,wfc_price,all_price,erie_price,wtw_price,pnc_price,cboe_price,msci_price,apo_price,wrb_price,ntrs_price,aon_price,bro_price,tfc_price,bac_price,trv_price,ma_price,mtb_price,aiz_price,blk_price,stt_price,aig_price,cpay_price,eg_price,cb_price,amp_price,brk_b_price,cof_price,hban_price,rf_price,ajg_price,axp_price,mco_price,rjf_price,syf_price,xyz_price,xlf_calculated_price,ibkr_price,hood_price,fisv_price,ares_price
2025-07-24,49.28,421.46,104.31,80.41,123.04,96.50,107.56,93.50,80.33,83.05,88.00,99.97,277.18,147.87,719.18,183.58,296.55,18.50,91.26,42.69,77.82,353.97,102.45,142.50,180.90,150.19,396.70,21.43,131.52,77.79,178.11,24.72,208.32,247.38,530.85,46.06,95.39,83.87,193.94,366.94,308.73,196.15,245.91,543.31,151.64,68.54,128.76,356.61,102.78,45.48,48.39,261.99,563.50,193.67,184.71,1118.37,110.98,79.23,333.55,331.89,270.18,517.10,480.60,211.33,16.64,26.30,309.06,308.25,513.09,166.84,71.81,79.77,53.26,,,,
2025-07-25,49.49,419.54,105.21,81.94,123.35,97.06,106.93,94.84,81.05,85.76,88.89,100.92,279.55,149.40,728.98,184.44,298.62,18.57,91.66,42.84,77.98,357.04,103.37,143.01,176.35,152.16,391.66,21.81,135.13,78.56,178.10,24.82,210.40,250.10,534.95,46.32,96.07,84.32,195.70,355.70,313.11,196.05,246.51,546.29,151.13,68.99,130.03,372.89,103.38,45.65,48.45,261.05,568.22,193.77,186.28,1123.28,112.93,80.10,335.87,336.86,269.15,521.06,484.07,212.85,16.84,26.42,315.14,311.61,512.95,168.53,72.90,80.74,53.63,,,,
2025-07-28,49.33,414.14,103.75,81.83,121.24,97.91,106.00,95.14,80.39,84.71,86.50,100.63,274.12,147.10,723.65,182.79,298.28,18.44,90.40,42.53,78.22,355.47,100.88,142.56,175.38,152.15,379.49,21.68,134.16,77.66,176.94,24.67,206.27,240.97,530.41,46.09,95.55,83.07,192.00,353.60,309.35,193.97,241.54,552.79,148.70,68.00,129.78,369.16,102.58,45.09,48.23,254.91,568.28,194.15,184.85,1117.82,112.45,79.23,333.46,331.35,265.99,518.45,481.70,214.18,16.64,26.30,309.12,310.74,507.50,167.42,72.87,80.57,52.97,,,,
2025-07-29,49.09,415.49,103.44,81.62,124.64,97.91,104.92,95.83,80.19,83.23,86.12,101.87,274.60,152.42,731.98,184.71,297.04,18.39,91.12,42.64,71.45,351.29,100.82,143.56,175.44,151.00,371.44,21.72,143.27,77.68,177.04,24.58,202.92,241.49,530.79,46.09,94.48,82.65,193.90,355.63,302.30,193.37,239.76,557.21,147.82,68.63,131.64,354.03,91.91,44.73,47.95,259.82,563.32,194.34,185.18,1121.53,113.25,78.92,331.92,332.28,268.55,520.99,476.56,213.82,16.75,26.19,288.35,308.54,510.50,168.02,71.30,78.18,52.80,,,,
2025-07-30,48.69,409.16,101.78,80.64,124.63,98.57,103.90,95.99,76.59,81.44,85.61,102.30,277.74,149.51,730.75,185.74,299.63,18.16,90.29,42.22,69.71,350.91,98.59,144.94,173.35,150.43,377.48,21.48,141.05,74.79,175.34,24.31,200.56,241.71,529.33,45.88,95.81,81.78,192.28,353.33,301.83,192.55,241.68,559.15,145.46,68.91,131.56,355.34,92.94,44.26,47.96,258.92,559.11,191.55,184.56,1114.65,113.11,77.41,329.16,332.56,266.51,519.75,476.00,215.23,16.58,25.70,285.84,303.41,512.62,169.46,70.26,77.59,52.98,,,,
2025-07-31,47.72,402.90,103.58,79.41,124.39,97.73,101.45,96.22,77.83,79.95,86.06,101.45,278.28,147.51,723.59,184.83,296.24,17.92,90.54,41.57,68.76,345.47,99.36,142.46,169.82,146.58,377.76,21.01,140.47,75.95,172.96,24.00,199.20,242.04,551.10,44.96,93.70,80.63,203.25,356.24,315.81,190.27,241.04,561.36,145.32,68.81,130.00,355.71,91.37,43.71,47.27,260.24,566.47,188.70,187.30,1106.01,111.75,77.63,323.05,335.80,266.04,518.19,471.88,215.00,16.43,25.33,287.25,299.31,515.73,167.13,69.67,77.26,52.26,,,,
2025-08-01,46.82,391.33,100.71,78.36,123.00,95.53,103.06,95.17,75.53,78.04,88.00,99.81,280.76,146.19,709.57,184.60,289.37,17.65,90.29,40.91,67.11,339.35,98.09,139.09,167.28,142.55,314.69,20.61,137.24,74.01,170.40,23.95,197.78,241.09,545.66,43.94,91.83,77.78,199.77,350.75,314.77,185.88,247.79,557.40,138.29,69.25,127.06,353.46,92.24,42.96,45.66,258.32,559.89,184.99,186.48,1091.80,108.59,77.00,316.40,331.34,267.40,501.52,472.84,207.47,16.04,24.89,284.17,294.27,501.28,163.03,67.53,74.03,50.96,,,,
2025-08-04,47.58,396.16,101.73,78.96,126.21,97.10,105.94,96.91,75.88,78.89,88.51,101.41,287.10,149.74,726.03,188.45,294.26,17.83,92.82,41.43,68.01,342.15,98.56,141.36,170.48,145.13,318.17,21.00,139.34,74.83,170.50,25.13,199.08,241.58,563.02,44.42,92.08,77.58,203.03,356.21,320.67,189.07,250.87,572.04,142.02,70.48,127.65,360.40,92.70,43.41,45.85,263.00,569.81,188.29,188.88,1116.06,109.78,78.29,324.34,326.04,267.74,506.28,459.11,210.79,16.27,25.18,284.61,298.59,519.85,166.48,69.25,76.12,51.56,,,,
2025-08-05,47.30,387.51,103.18,72.22,127.57,96.44,105.65,96.34,76.12,78.41,88.66,100.66,284.61,150.43,720.91,187.40,291.37,17.81,93.30,41.34,67.83,337.43,98.92,140.46,166.01,142.66,297.99,21.17,139.51,74.89,167.68,25.25,200.50,242.94,563.02,44.56,91.52,77.96,205.55,356.82,324.50,188.99,248.79,557.73,145.54,70.06,125.92,361.60,91.67,43.42,45.56,265.17,566.04,188.04,188.83,1109.64,110.06,78.44,318.58,327.92,267.68,505.03,464.19,212.00,16.20,25.18,285.78,296.64,515.85,166.62,69.99,75.29,51.51,,,,
2025-08-06,46.93,391.91,104.08,69.90,128.81,96.71,105.42,96.56,76.81,85.54,89.76,102.29,281.35,154.05,724.74,188.05,291.35,17.49,94.08,41.25,69.42,339.74,102.31,141.30,166.76,144.56,303.58,21.10,141.23,75.95,169.35,25.19,203.90,247.52,562.56,44.44,92.23,77.61,209.01,358.88,325.54,188.56,248.10,548.30,145.87,70.55,125.67,363.68,91.80,43.01,45.42,267.58,569.13,185.50,210.04,1120.54,110.76,79.06,315.07,328.49,269.63,508.43,468.91,212.88,16.04,24.93,286.26,295.54,517.48,166.76,69.45,76.13,51.88,,,,
2025-08-07,46.64,386.67,100.68,70.07,127.21,95.99,104.06,96.45,75.60,82.02,88.86,102.21,280.95,151.47,719.74,188.02,286.94,17.41,93.23,41.17,68.22,332.09,102.28,140.92,164.09,142.19,310.79,20.57,140.50,73.82,167.64,24.86,203.31,245.31,559.13,44.09,91.23,77.05,205.00,352.60,325.20,187.12,249.50,545.49,141.11,70.11,124.73,365.03,92.51,42.85,44.92,265.36,561.22,183.74,201.81,1112.83,109.82,76.60,304.50,328.15,269.31,498.45,461.47,207.29,15.87,24.64,289.99,294.73,514.06,162.99,68.45,76.85,51.29,,,,
2025-08-08,47.28,382.43,103.30,71.16,128.16,97.08,105.06,96.85,76.59,81.00,88.83,103.09,282.21,150.13,721.27,186.40,288.76,17.61,93.77,41.64,67.65,336.78,103.52,143.18,161.56,142.67,310.54,20.72,140.55,76.27,168.91,24.99,203.67,246.51,556.87,44.86,92.73,77.85,206.80,357.32,327.85,189.74,252.58,546.68,141.97,70.63,125.65,366.40,93.65,43.07,46.01,264.87,574.32,187.17,203.27,1124.97,111.08,78.13,301.70,329.80,271.24,504.96,465.40,208.23,16.09,24.92,289.44,297.43,515.29,164.92,69.43,73.39,51.44,,,,
2025-08-11,46.93,377.57,103.26,69.87,128.34,97.63,105.27,96.94,76.48,80.83,89.88,103.27,285.75,149.88,719.24,185.93,289.56,17.37,93.68,41.27,67.08,335.90,104.17,143.88,158.52,141.57,319.62,20.45,139.05,75.30,170.07,25.29,203.35,244.88,555.88,44.56,92.31,77.59,206.50,360.85,329.17,188.53,253.24,549.39,142.12,69.96,125.24,368.09,94.60,42.83,46.16,264.26,573.59,186.51,205.71,1127.93,109.83,78.63,303.77,330.40,271.00,506.65,464.73,208.25,16.01,24.63,288.92,296.23,511.66,164.92,69.60,73.03,51.74,,,,
2025-08-12,48.14,370.74,105.22,71.76,129.02,98.69,107.64,96.13,77.24,82.39,87.78,103.61,275.88,151.39,743.38,182.74,292.85,17.91,94.32,42.24,67.97,336.74,103.55,147.29,159.79,147.24,322.62,21.04,139.74,76.56,173.74,25.69,204.41,243.04,559.06,45.77,95.74,79.48,206.76,362.66,330.00,191.23,248.52,550.16,144.60,70.01,127.38,363.81,94.76,44.01,47.50,263.93,574.18,191.08,209.42,1159.61,111.42,78.48,309.37,328.21,269.77,517.00,470.39,216.73,16.47,25.33,290.65,303.21,516.05,168.37,72.36,74.54,52.31,,,,
2025-08-13,48.55,376.20,107.18,72.77,130.94,95.59,109.95,95.57,78.34,86.46,89.95,101.91,273.92,154.01,744.69,181.41,290.53,18.22,95.41,42.98,70.63,342.55,105.70,147.76,163.37,147.46,327.01,21.52,139.00,77.36,176.62,26.03,209.35,249.19,562.58,46.61,94.65,77.89,208.81,368.96,334.69,193.40,245.43,567.43,140.95,71.35,125.97,370.92,95.91,44.81,47.24,269.30,577.90,193.21,213.59,1160.03,111.50,79.89,316.59,336.76,275.04,509.26,477.31,216.97,16.72,25.84,295.10,306.87,521.13,163.84,72.59,76.95,52.61,,,,
2025-08-14,49.21,374.96,106.82,71.58,131.34,97.78,109.06,95.40,78.09,87.19,91.46,103.35,274.70,154.15,747.20,182.68,294.16,18.30,95.58,43.18,69.38,345.49,105.30,148.51,159.25,146.06,324.89,21.34,138.56,77.92,174.68,25.63,206.99,250.95,564.15,46.83,95.46,79.41,208.70,368.07,330.00,194.57,243.71,565.72,140.68,71.56,128.49,366.35,95.13,44.95,47.71,268.59,583.76,193.95,212.93,1160.16,113.60,80.31,320.23,337.12,275.74,513.69,479.22,221.08,16.81,26.05,293.41,307.73,521.32,164.67,72.83,76.04,52.89,,,,
2025-08-15,48.28,369.62,105.92,70.83,130.56,96.11,107.04,94.68,77.64,86.79,90.72,101.00,273.92,151.06,730.72,181.20,290.49,18.04,95.00,42.48,69.23,344.47,105.38,144.63,160.39,142.28,317.55,21.12,135.43,77.33,171.62,25.33,207.21,247.15,556.47,45.93,93.69,77.10,206.78,366.52,330.50,191.27,247.63,557.02,139.39,70.79,126.02,367.01,95.34,44.42,46.94,265.59,581.70,190.07,212.50,1135.01,111.07,80.01,317.66,331.84,274.21,503.08,477.20,215.43,16.57,25.60,292.72,305.47,516.46,163.32,71.49,75.80,52.38,,,,
2025-08-18,48.54,371.15,106.62,69.73,129.76,96.17,106.64,94.34,77.70,86.37,90.35,101.74,270.41,149.79,730.96,177.94,291.53,18.18,94.59,42.77,69.53,342.74,105.76,144.78,160.83,141.20,320.73,21.00,135.99,77.74,169.22,25.06,207.65,247.09,551.21,46.11,94.22,77.44,207.09,359.74,329.59,192.01,245.96,555.67,139.39,70.50,127.05,365.37,94.95,44.33,47.92,264.92,584.14,190.67,209.14,1136.12,111.19,80.38,316.50,331.97,272.92,505.63,478.52,216.20,16.68,25.69,294.51,307.05,509.22,164.36,71.79,76.73,52.44,,,,
2025-08-19,48.39,374.10,106.25,69.33,131.81,95.76,106.30,93.83,78.60,86.62,91.84,101.08,271.49,152.38,721.38,178.27,290.66,18.15,95.95,42.80,69.05,342.45,106.89,144.07,160.63,138.95,302.07,20.83,136.77,78.72,167.29,24.82,210.93,250.64,554.43,46.21,93.74,77.53,210.38,362.97,335.47,192.99,246.13,568.16,137.08,71.56,127.36,372.86,96.88,44.18,48.08,268.87,585.51,190.36,213.74,1128.47,111.15,81.29,320.68,337.79,273.80,506.26,485.31,214.62,16.62,25.72,300.98,306.10,512.00,164.18,71.59,74.30,52.53,,,,
2025-08-20,48.81,387.64,107.13,69.76,133.97,95.51,105.76,94.50,78.72,85.77,92.84,101.25,274.61,153.65,720.68,181.30,292.24,18.22,96.70,43.10,68.08,343.93,107.90,144.12,163.80,138.09,304.39,20.78,139.10,79.03,164.47,24.56,211.21,252.68,557.03,46.41,93.17,78.16,213.62,364.28,335.72,195.00,251.93,574.25,135.34,72.64,127.88,374.00,96.79,44.39,48.35,274.39,592.68,193.18,215.40,1128.46,111.89,82.53,316.42,343.52,279.68,505.40,488.68,214.71,16.80,25.86,302.64,308.40,514.95,162.47,71.58,74.18,52.79,,,,
2025-08-21,48.46,376.96,107.17,69.55,133.20,95.82,104.53,93.96,78.67,85.72,93.54,101.78,273.32,152.96,715.95,179.23,291.47,18.15,96.36,42.88,67.55,343.69,108.19,144.04,163.26,137.84,300.28,20.67,139.62,79.24,163.44,24.52,211.11,248.95,552.44,46.17,92.59,77.83,206.55,359.82,337.15,194.00,249.25,567.27,134.01,72.51,127.31,375.27,96.40,44.07,48.26,274.92,591.92,192.43,214.80,1124.75,112.36,82.59,317.66,348.06,278.82,505.23,488.59,212.01,16.66,25.74,305.38,308.17,509.47,162.03,71.23,74.09,52.69,,,,
2025-08-22,50.77,381.62,109.89,71.76,134.02,95.83,108.29,94.75,80.72,90.01,93.41,102.54,269.52,155.40,741.89,180.67,296.24,18.98,96.30,44.79,69.90,350.04,108.46,148.02,165.56,141.77,319.85,21.55,141.24,81.49,170.50,25.39,210.55,249.21,556.66,48.28,95.26,79.10,205.52,366.36,339.25,201.69,246.43,574.83,134.20,72.14,130.06,375.10,96.66,45.91,49.48,276.29,598.96,199.74,215.92,1148.17,115.48,83.38,331.19,343.94,277.69,516.92,489.00,221.22,17.36,26.76,303.17,319.16,516.01,165.27,73.20,79.12,54.03,,,,
2025-08-25,50.69,382.65,109.11,71.08,132.63,96.19,107.46,94.32,80.28,88.82,91.88,103.12,271.39,153.31,738.79,179.14,294.90,19.02,95.65,44.36,69.48,348.82,107.38,147.65,161.68,138.71,306.00,21.62,139.39,80.83,169.50,25.36,207.01,244.09,551.69,48.16,95.00,80.19,202.08,363.32,336.46,200.70,249.08,573.72,133.89,71.13,130.61,370.94,96.72,45.73,49.48,272.34,593.21,197.89,213.92,1137.10,114.91,82.79,322.53,341.32,274.41,511.49,486.18,221.10,17.29,26.65,298.62,315.80,510.00,165.90,74.00,79.08,53.02,,,,
2025-08-26,51.31,380.00,109.38,70.00,132.83,97.24,108.56,94.90,80.55,88.23,90.90,104.59,271.61,153.59,748.95,178.74,298.57,19.30,95.90,45.00,70.18,351.18,108.16,148.97,162.08,140.08,308.48,21.93,139.69,81.01,171.43,25.29,206.42,246.03,552.32,48.57,95.72,81.51,203.18,350.10,333.99,203.46,242.76,571.43,134.40,71.05,131.87,369.00,96.05,46.36,50.25,270.89,591.61,200.15,214.24,1139.80,115.82,82.58,325.17,338.72,272.00,516.89,492.21,224.92,17.49,27.08,300.20,320.60,511.39,167.96,75.34,78.78,53.59,,,,
2025-08-27,51.90,380.22,109.47,69.75,133.07,96.87,109.37,94.84,80.84,87.84,91.71,105.03,270.12,154.01,749.67,177.30,299.28,19.39,96.37,45.51,69.65,350.35,107.41,149.38,162.74,140.47,308.97,22.05,140.49,81.11,171.64,25.64,206.37,244.69,549.87,48.76,96.87,82.50,203.81,350.79,330.07,206.04,237.95,570.15,135.72,71.67,131.57,368.37,96.10,46.78,50.38,272.21,590.66,202.02,216.14,1131.63,114.88,82.21,325.24,343.34,273.05,518.26,495.72,224.55,17.80,27.41,298.72,322.46,510.07,167.95,75.76,79.39,53.69,,,,
2025-08-28,52.16,375.77,108.74,69.75,132.22,97.09,108.28,95.24,80.22,88.22,91.20,106.10,266.77,153.40,751.22,177.14,301.07,19.35,96.52,45.60,70.06,349.86,106.10,150.18,162.82,140.09,308.47,22.06,140.46,80.80,172.02,25.54,206.44,246.11,547.55,48.67,96.82,81.98,203.76,351.36,326.84,205.62,235.26,568.55,136.39,71.24,130.99,366.54,96.22,46.79,50.49,270.28,590.48,200.80,218.69,1130.48,115.24,81.60,325.17,339.88,273.25,516.63,499.86,227.14,17.80,27.33,299.62,326.99,509.43,168.71,76.58,80.78,54.40,62.78,,,
2025-08-29,52.28,373.32,109.66,69.81,132.31,95.84,107.62,94.74,80.51,88.82,91.53,105.60,266.51,153.60,745.25,176.60,301.42,19.36,96.80,45.77,70.19,351.78,106.86,150.48,163.26,139.49,304.54,21.89,139.95,81.36,171.40,25.66,205.81,247.06,548.44,48.83,96.57,82.18,203.45,354.38,326.79,207.44,235.95,567.72,136.23,71.69,131.28,367.00,96.95,46.82,50.74,271.51,595.29,201.66,215.61,1127.14,114.97,81.32,325.67,341.88,275.07,514.81,502.98,227.22,17.81,27.39,302.75,331.28,509.76,169.44,76.34,79.64,54.52,62.24,,,
2025-09-02,51.60,368.88,107.41,68.31,131.91,96.12,105.60,93.59,79.94,86.99,91.32,104.70,265.40,152.95,730.85,175.09,299.70,18.96,96.22,45.57,69.25,350.07,105.62,148.85,160.77,138.74,303.56,21.65,139.95,80.56,169.55,25.42,205.44,245.86,539.64,48.52,94.78,81.78,203.34,338.06,325.46,205.42,231.88,553.91,135.84,71.98,129.77,371.96,95.43,46.42,50.42,273.35,591.87,198.98,214.57,1114.77,113.26,81.05,317.79,345.35,276.81,512.82,501.14,223.27,17.68,26.89,302.57,331.18,498.50,168.32,75.62,76.23,53.58,63.90,,,
2025-09-03,51.67,370.80,107.43,68.19,133.15,96.22,105.37,93.77,80.18,86.76,92.90,104.68,269.35,153.53,730.56,175.13,299.51,18.95,96.88,45.58,69.64,350.87,106.74,148.53,161.59,134.83,302.31,21.70,140.57,80.57,167.34,25.53,205.27,246.72,539.24,48.54,95.03,80.51,204.57,328.17,327.19,205.00,235.41,551.61,132.63,72.28,129.70,374.00,95.29,46.41,50.06,276.55,593.28,198.57,214.89,1099.49,113.00,81.34,319.37,348.53,278.22,507.20,501.49,221.33,17.61,26.94,303.70,323.71,496.44,166.56,75.49,75.79,53.61,63.95,,,
2025-09-04,52.51,369.48,108.84,68.71,134.70,97.63,111.52,94.30,81.30,87.28,92.22,105.56,267.43,155.59,748.90,174.52,303.82,19.18,97.53,46.26,68.46,350.99,108.55,150.53,161.87,137.35,306.80,21.96,141.45,81.75,169.90,25.74,206.11,249.01,540.26,49.17,97.08,81.83,208.33,336.43,329.84,207.36,234.17,557.19,134.76,72.92,129.49,373.49,95.49,47.07,50.62,279.43,595.64,202.36,216.51,1108.76,114.06,81.73,319.94,345.26,279.88,511.90,506.91,226.32,17.88,27.36,300.22,330.65,499.76,171.09,76.86,75.75,54.34,64.28,,,
2025-09-05,51.71,371.01,105.71,68.74,131.67,92.05,108.16,93.48,79.98,87.78,91.29,103.69,261.94,153.36,738.21,174.27,294.38,18.94,96.64,45.62,68.26,343.22,106.93,148.09,162.24,135.53,299.07,21.99,139.81,79.51,169.99,24.97,203.74,243.86,538.06,48.80,95.40,78.96,201.53,335.07,329.27,204.40,232.58,555.15,131.55,71.96,127.27,370.54,94.79,46.52,49.77,275.22,584.22,199.57,211.17,1099.15,112.95,79.21,316.65,340.00,277.38,489.28,499.77,221.53,17.63,27.03,299.18,326.22,499.03,165.50,75.61,74.94,52.45,60.16,,,
2025-09-08,51.70,375.34,105.84,68.96,130.64,93.45,108.17,94.99,79.71,87.42,90.90,104.02,262.58,153.46,741.85,173.89,292.91,19.15,96.02,45.49,68.40,342.30,106.34,148.79,162.53,138.69,302.20,22.00,140.37,79.60,173.30,24.88,203.46,245.94,545.87,48.65,95.87,79.14,200.31,336.25,332.23,203.77,234.37,574.58,134.44,72.41,127.43,370.01,95.35,46.01,49.46,274.48,586.60,199.22,211.75,1104.92,111.65,78.77,311.59,339.58,277.47,492.44,493.78,220.10,17.73,27.04,299.12,325.41,507.63,165.77,75.14,75.82,52.49,61.11,,,
2025-09-09,51.71,372.86,105.54,68.64,130.84,93.67,107.15,94.88,80.07,86.91,89.61,104.77,261.53,153.69,763.92,173.46,297.85,19.10,95.91,45.42,67.68,343.99,106.28,152.22,162.75,137.39,318.78,22.23,140.46,79.29,173.17,24.56,201.88,243.26,547.71,49.37,97.34,80.76,200.12,331.55,329.48,200.41,232.43,569.16,134.42,72.28,128.88,366.38,93.47,45.29,50.29,273.55,584.00,199.80,211.10,1105.67,112.05,78.48,313.12,340.61,276.99,493.34,492.72,222.48,17.64,26.82,298.50,324.34,507.96,165.59,76.07,75.51,53.23,62.21,,,
2025-09-10,51.81,361.76,105.67,66.37,131.24,92.24,106.64,94.66,80.07,85.08,90.60,104.00,259.91,152.31,769.58,172.23,300.54,19.23,96.12,45.51,65.64,338.12,107.23,154.12,159.10,139.29,315.34,22.16,139.02,79.23,178.23,24.31,198.77,246.41,539.89,49.20,97.17,80.30,200.03,330.00,330.22,201.89,234.51,563.18,133.64,72.15,127.06,362.37,92.50,45.12,50.13,272.33,579.38,198.17,209.40,1102.89,110.77,78.00,304.80,340.03,277.45,492.00,490.08,223.43,17.66,27.04,293.18,323.35,506.08,166.70,74.74,73.75,53.05,62.51,,,
2025-09-11,51.76,370.50,106.99,67.71,133.22,93.94,105.69,95.88,82.08,86.68,92.29,105.60,262.38,156.76,784.73,176.17,305.56,19.16,98.05,45.27,67.27,343.49,108.69,156.48,161.42,145.01,323.95,22.55,142.49,80.34,183.92,24.86,203.46,248.80,550.88,49.32,98.82,81.25,202.47,337.92,340.45,202.75,236.37,585.48,136.40,73.78,129.48,372.25,94.24,45.30,50.75,279.43,588.73,197.83,213.31,1134.18,112.94,78.72,313.60,348.44,282.89,500.97,496.91,224.35,17.74,27.04,300.61,329.32,518.70,171.08,76.01,74.23,54.38,63.34,,,
2025-09-12,51.82,361.84,106.90,66.84,132.52,93.54,105.63,93.95,82.70,85.35,92.26,106.48,262.30,156.86,780.06,173.97,306.91,19.06,97.65,45.56,66.89,339.43,109.13,156.39,160.12,143.34,323.04,22.43,142.27,80.82,181.35,24.64,202.93,248.28,544.23,49.13,99.44,81.46,200.39,338.66,338.79,201.98,234.21,583.25,138.03,73.82,129.42,371.95,93.54,45.20,50.58,278.93,580.41,198.80,213.01,1123.41,112.44,78.93,307.36,349.37,278.11,497.08,493.74,223.76,17.77,27.16,297.28,325.31,512.31,170.27,75.37,72.87,53.98,63.70,,,
2025-09-15,51.34,344.43,105.45,66.93,131.46,92.10,104.17,92.86,82.95,84.16,89.86,106.42,258.83,155.13,786.76,172.23,308.90,18.84,96.92,45.36,67.11,339.05,108.41,156.64,158.43,144.65,327.02,22.34,142.43,80.46,183.80,24.36,198.11,245.65,543.99,49.29,99.79,81.41,196.89,321.81,333.70,202.46,234.09,576.61,138.48,72.79,130.26,363.80,90.88,44.78,50.59,276.30,582.96,196.57,208.49,1115.11,112.12,77.03,304.86,339.84,274.33,487.65,491.54,226.53,17.63,26.90,289.40,327.26,508.76,168.26,76.28,74.63,53.46,62.25,,,
2025-09-16,51.13,345.19,102.15,66.44,129.65,91.03,103.69,92.54,80.09,84.29,87.38,105.49,259.83,153.27,785.53,171.40,309.19,18.63,95.89,45.00,66.85,340.03,107.63,155.81,159.07,144.38,327.91,22.10,140.86,78.73,183.72,24.24,196.83,244.97,541.29,48.39,100.64,81.39,196.30,320.73,330.72,200.94,233.74,567.02,140.05,71.42,129.25,356.57,90.92,44.56,50.66,271.95,586.42,195.28,205.44,1118.89,110.49,76.34,306.29,330.63,272.02,486.13,490.99,224.41,17.43,26.56,291.46,327.04,508.00,169.07,74.53,75.78,53.23,62.48,,,
2025-09-17,52.27,336.04,103.01,67.15,130.65,92.09,104.86,93.10,80.86,85.35,87.35,107.01,262.40,154.48,794.22,172.25,311.75,18.71,96.79,45.91,68.62,346.20,109.23,157.41,159.78,144.40,320.56,22.17,142.80,78.68,183.62,24.21,197.40,243.61,544.10,49.61,101.76,82.48,197.25,320.37,332.33,203.77,236.96,578.64,138.82,73.11,129.46,358.00,92.21,45.38,51.40,275.03,598.63,198.60,209.50,1131.78,111.70,76.80,310.63,333.65,272.25,486.17,492.33,225.61,17.54,26.93,292.66,336.00,511.77,170.07,74.82,75.71,54.49,62.34,,,
2025-09-18,53.64,301.23,103.87,66.24,131.41,93.28,105.79,88.87,81.78,86.07,88.19,108.52,260.59,155.93,804.31,171.13,313.23,19.13,97.04,46.28,68.52,338.18,108.00,159.24,154.47,149.34,343.13,22.65,143.63,79.07,188.68,24.40,196.15,242.00,507.80,50.21,102.41,83.50,205.68,319.62,331.70,206.27,234.43,555.98,143.49,73.10,132.22,352.76,91.87,46.08,52.13,277.90,586.05,200.43,209.07,1137.13,113.22,78.03,305.27,334.75,274.28,491.39,490.50,229.74,17.87,27.40,296.74,341.67,482.32,173.93,76.53,77.37,54.14,64.92,,,
2025-09-19,53.55,289.15,103.59,65.11,130.95,94.33,105.99,89.57,81.71,86.55,88.40,108.71,261.53,156.11,805.00,169.77,314.78,19.08,96.69,46.08,68.22,341.61,108.04,159.91,151.97,148.92,342.46,22.49,145.43,79.16,187.62,24.42,196.78,242.34,507.16,50.41,102.68,84.64,206.04,317.99,336.71,205.52,233.06,559.75,144.75,73.39,131.50,351.32,91.73,45.99,52.25,277.00,584.16,202.02,209.60,1142.85,113.50,76.98,301.93,335.38,273.89,489.52,492.85,228.32,17.72,27.16,299.65,341.12,480.74,174.06,76.59,77.03,52.62,65.03,124.78,,
2025-09-22,52.55,295.63,102.85,64.65,130.71,94.43,105.29,89.93,82.21,86.95,88.03,109.46,261.08,154.69,805.56,170.12,312.44,18.72,97.24,44.95,67.68,344.36,107.40,160.71,151.45,146.95,331.95,22.57,145.25,80.98,185.64,24.24,197.04,241.15,505.57,49.49,103.49,85.16,206.46,321.03,338.85,203.12,236.62,568.06,143.96,73.41,131.78,353.46,92.60,45.39,51.92,276.11,584.49,198.90,211.19,1136.21,113.32,76.53,299.92,334.83,273.00,494.36,493.71,225.41,17.33,26.56,300.06,340.98,488.29,175.32,75.58,77.41,53.69,64.22,124.89,,
2025-09-23,53.11,288.41,103.13,63.37,131.81,93.91,104.66,88.44,82.40,86.11,88.46,108.66,261.96,154.44,806.32,168.09,312.74,18.74,98.00,45.14,67.31,338.70,108.23,160.76,150.02,147.25,320.07,22.43,146.55,80.32,184.91,24.03,197.46,238.61,496.76,49.35,103.00,84.37,207.73,317.30,340.85,203.92,240.32,568.94,144.89,74.14,130.52,353.07,92.19,45.70,51.70,276.26,569.97,200.63,212.50,1131.75,112.95,76.70,298.00,337.93,275.90,494.13,494.10,223.02,17.35,26.73,304.36,341.47,476.78,175.81,74.74,76.54,53.32,65.49,126.20,,
2025-09-24,53.15,286.16,103.32,64.13,131.85,92.37,103.45,87.15,81.84,87.11,90.76,108.11,264.43,154.52,792.43,168.05,313.42,18.77,99.26,45.17,67.86,338.68,109.31,157.88,151.50,137.94,321.77,22.18,143.30,80.64,178.08,23.58,199.66,240.00,490.74,49.18,101.65,84.11,209.41,314.27,343.50,204.08,243.19,566.42,137.16,74.81,129.51,353.74,93.22,45.89,51.70,276.66,568.81,199.44,215.19,1127.98,112.96,77.90,296.23,345.54,278.26,491.89,497.09,224.34,17.37,26.66,304.55,340.48,474.80,171.91,74.63,76.49,53.50,64.46,126.80,,
2025-09-25,52.89,283.86,102.62,63.79,131.57,94.78,103.21,86.73,81.50,84.90,89.57,109.08,268.73,154.42,794.76,167.28,313.45,18.81,99.02,45.28,66.74,334.93,109.48,158.95,148.45,135.66,306.69,22.36,143.03,80.28,175.60,23.40,197.97,242.19,484.94,49.03,102.11,84.32,209.82,312.95,338.03,202.74,243.99,564.66,136.13,74.56,131.38,351.64,92.65,45.74,51.85,274.22,567.30,198.79,216.00,1147.29,114.24,77.10,292.18,345.21,278.30,491.95,494.96,222.46,17.32,26.60,303.08,340.18,472.69,171.89,74.28,73.68,53.30,64.97,122.65,,
2025-09-26,53.38,289.69,104.41,64.24,133.11,95.46,103.47,87.51,82.62,84.32,90.88,109.53,270.28,156.90,802.51,167.73,316.06,18.89,100.30,45.43,67.30,337.37,111.36,160.11,149.38,134.01,312.59,22.72,144.56,81.62,175.32,23.27,199.56,243.48,487.18,49.44,103.42,85.01,212.76,315.99,341.89,203.32,243.52,565.42,137.63,75.88,133.31,356.08,93.78,46.02,52.21,277.76,565.13,200.14,215.62,1156.45,115.71,77.98,296.70,349.11,280.69,499.29,500.03,224.05,17.42,26.63,304.15,341.68,476.74,175.69,74.54,73.67,53.41,66.12,121.78,,
2025-09-29,53.65,290.67,103.83,65.78,132.25,96.89,103.52,88.71,82.47,86.34,89.83,109.75,272.24,156.37,804.12,167.99,315.69,18.88,99.67,45.40,69.68,340.16,111.35,161.16,151.17,134.48,333.99,23.00,143.52,82.07,176.14,23.37,200.23,244.40,491.34,48.99,103.16,84.65,211.28,313.25,342.20,201.85,246.24,568.90,138.44,76.02,133.90,354.62,93.02,45.92,52.42,276.50,568.14,198.30,214.45,1175.56,117.25,77.90,295.83,345.49,279.56,499.59,499.25,223.60,17.35,26.50,305.71,342.31,480.82,176.43,73.32,75.39,55.24,68.80,136.72,,
2025-09-30,53.16,286.49,103.74,65.94,133.39,95.47,102.64,88.45,82.91,83.08,90.73,108.96,270.19,158.10,796.35,168.48,315.43,18.69,100.39,44.55,67.06,341.38,111.70,158.96,148.93,129.95,337.49,22.94,142.97,82.37,170.85,23.13,201.53,246.95,486.71,48.33,101.50,83.82,214.65,318.16,345.45,200.93,245.25,567.41,133.27,76.62,134.60,356.58,93.79,45.72,51.59,279.22,568.81,197.62,216.60,1165.87,116.01,78.54,288.06,350.23,282.25,491.25,502.74,212.58,17.27,26.37,309.74,332.16,476.48,172.60,71.05,72.27,53.93,68.81,143.18,,
2025-10-01,52.74,286.73,102.99,66.51,132.90,92.25,101.07,86.91,83.04,85.12,90.31,106.83,265.84,159.79,785.51,162.64,310.71,18.51,100.15,44.35,66.66,347.83,110.75,156.89,146.29,127.47,346.17,23.09,140.98,81.93,168.10,22.54,201.29,246.46,481.67,47.88,98.71,80.87,210.68,312.05,344.10,198.44,241.57,552.59,129.95,75.41,131.20,360.13,92.76,45.57,50.68,277.24,573.77,195.29,217.48,1141.07,113.38,79.64,286.41,353.53,281.41,486.60,498.20,213.48,17.04,26.21,305.84,328.56,479.82,165.90,69.84,73.40,53.12,68.78,139.14,,
2025-10-02,52.98,281.88,101.94,66.45,132.94,92.70,101.71,87.34,84.26,86.42,89.08,106.38,265.43,160.51,779.38,160.98,307.55,18.45,101.67,44.22,68.93,345.95,110.60,155.30,146.31,124.63,372.07,23.61,139.44,81.33,166.58,22.91,199.57,243.50,476.63,47.91,97.34,80.50,210.01,314.61,345.78,198.16,241.49,560.77,127.23,76.18,133.24,360.73,93.45,45.36,50.48,280.04,577.33,195.63,218.36,1160.54,115.12,79.64,286.98,351.05,281.37,490.66,495.92,213.78,17.04,26.20,308.67,330.48,482.17,166.46,70.28,76.81,53.29,70.95,145.70,,
2025-10-03,53.82,282.33,104.02,66.71,133.46,94.08,103.28,87.61,84.24,87.96,90.79,106.60,264.67,163.29,789.98,162.62,310.03,18.63,101.68,44.41,69.25,349.84,112.32,157.59,146.26,127.65,380.02,24.04,137.58,82.37,168.45,23.80,201.14,245.70,479.81,48.07,97.74,80.67,210.82,319.16,347.14,198.46,239.54,560.12,125.89,76.86,132.40,363.81,94.95,45.52,50.64,284.56,580.45,194.56,220.00,1160.69,116.38,81.02,288.33,356.85,283.96,492.00,498.75,214.40,17.21,26.39,310.48,330.24,485.04,166.82,71.23,76.95,53.85,70.36,148.67,,
2025-10-06,54.00,275.01,103.22,67.15,132.54,94.00,105.69,88.17,84.18,87.18,91.35,106.43,262.05,165.21,796.78,159.06,309.18,18.54,102.37,43.79,71.29,349.28,113.07,158.09,147.69,126.87,386.07,24.13,134.00,82.35,166.89,23.18,201.34,240.50,478.35,47.72,98.05,80.69,208.83,316.19,349.40,195.62,236.84,564.81,126.70,76.98,132.21,365.70,94.44,45.33,50.39,282.73,578.81,190.00,221.69,1179.27,116.90,83.02,288.70,361.56,286.39,493.81,500.02,213.85,16.71,25.86,309.15,331.99,483.45,167.64,71.38,77.78,53.50,69.61,144.26,,
2025-10-07,53.13,276.93,103.71,68.51,133.81,94.01,105.78,88.44,83.57,88.10,94.10,106.93,263.60,165.69,789.65,161.98,307.69,18.41,102.99,43.68,74.61,352.42,112.93,155.97,149.64,124.72,375.78,24.10,135.64,82.75,164.91,23.40,203.84,243.89,481.22,47.50,97.80,81.14,211.79,319.41,349.93,193.81,240.90,569.11,126.05,77.77,132.45,366.93,95.55,45.20,50.29,284.97,579.84,189.58,216.29,1166.23,116.89,84.05,289.02,364.86,289.24,497.79,502.30,213.69,16.76,25.73,309.81,327.97,488.43,165.64,70.90,79.02,53.42,69.35,145.00,,
2025-10-08,52.01,281.47,102.89,68.13,133.01,93.79,105.82,89.87,81.77,88.53,93.10,106.01,264.94,165.55,776.51,159.37,304.03,18.09,103.05,43.54,76.13,351.36,111.90,155.65,149.43,124.73,387.27,24.00,136.03,82.03,162.46,23.59,204.75,243.06,482.43,46.99,96.70,79.73,212.35,327.70,343.76,190.16,241.26,566.94,124.80,77.84,130.75,365.38,95.96,44.14,49.84,282.76,576.44,188.07,219.26,1165.00,116.69,84.00,292.27,360.00,287.10,490.17,499.84,211.92,16.34,25.29,306.94,323.82,490.09,165.15,70.97,81.11,53.67,72.05,150.87,,
2025-10-09,51.85,283.08,102.56,68.57,130.13,94.02,106.01,91.40,82.69,87.18,92.23,106.82,268.84,161.68,779.96,159.30,305.53,18.18,102.24,43.79,75.75,347.04,111.17,156.27,149.32,124.06,387.00,23.90,136.45,81.98,160.65,23.63,206.00,242.16,487.61,47.10,95.92,79.89,208.99,320.45,337.39,190.67,240.77,558.30,123.54,77.52,129.99,360.42,95.50,44.25,49.79,274.41,564.55,188.04,218.45,1167.43,117.23,83.17,290.85,351.77,284.33,491.38,496.74,210.74,16.34,25.31,302.25,324.44,492.46,164.15,70.99,80.85,53.05,72.62,152.46,,
2025-10-10,49.25,283.13,99.13,66.87,129.02,91.96,101.43,88.90,79.42,82.85,92.47,104.54,271.45,158.97,764.36,157.50,300.89,17.20,100.86,41.47,69.84,343.65,110.95,151.86,151.54,117.82,357.01,22.47,136.00,79.77,153.77,22.67,207.02,240.00,486.10,45.28,93.93,77.62,205.67,324.31,336.99,183.95,244.71,546.95,118.22,77.65,124.72,360.15,95.94,42.31,48.65,270.12,557.48,180.84,217.37,1132.36,111.00,81.30,280.11,346.69,283.01,479.43,489.13,202.49,15.60,24.16,301.74,316.26,484.10,160.28,68.02,74.67,51.70,69.01,138.96,,
2025-10-13,50.25,285.99,101.25,67.31,128.74,93.49,105.36,89.39,79.67,84.22,92.25,106.30,271.28,157.88,786.78,158.75,307.97,17.56,101.33,42.20,68.86,343.30,110.26,155.13,152.19,120.44,356.99,23.29,136.46,80.82,158.16,22.84,205.36,236.28,479.34,46.16,96.10,78.92,205.64,319.47,336.62,186.92,243.49,548.35,122.44,77.45,127.03,353.36,94.48,42.95,48.86,270.38,559.24,182.70,217.42,1155.12,114.19,81.82,282.51,351.02,282.53,481.81,491.93,207.61,15.90,24.56,298.00,323.12,473.72,159.87,70.14,75.02,53.44,70.52,140.68,,
2025-10-14,51.80,285.75,103.70,67.74,131.18,93.39,106.13,89.54,81.29,86.47,92.23,107.11,267.18,158.75,770.76,158.27,302.08,18.01,102.62,43.41,69.15,348.38,111.51,155.34,154.12,125.98,341.55,23.45,139.87,82.89,163.98,22.92,207.02,240.40,486.69,47.09,99.84,84.56,209.52,321.14,343.31,189.73,238.21,553.58,127.64,78.46,129.02,360.51,94.77,43.93,50.09,275.64,567.92,187.04,221.81,1194.26,115.40,82.91,289.82,356.74,284.63,486.52,495.97,214.20,16.34,25.16,303.73,332.85,481.25,162.54,72.84,76.18,53.54,69.36,134.95,,
2025-10-15,51.70,283.95,103.13,66.56,128.66,94.33,105.71,89.62,80.90,86.10,89.57,108.93,268.15,156.35,767.93,157.46,305.69,17.73,100.31,42.92,67.98,345.69,109.81,162.65,154.46,124.46,336.30,23.60,138.10,81.62,163.91,22.79,203.85,226.50,482.88,46.45,99.78,86.46,200.42,318.40,339.42,182.34,241.74,549.40,127.70,76.39,129.88,355.80,93.97,43.26,52.28,269.45,562.81,185.03,214.85,1202.59,116.71,81.26,287.78,348.55,278.31,481.27,496.39,215.10,16.21,24.74,296.16,330.66,478.51,163.69,72.32,76.13,52.78,69.77,134.15,,
2025-10-16,48.39,278.01,99.85,65.81,123.99,93.41,103.15,87.94,78.39,83.66,86.23,106.72,262.51,151.39,758.09,153.36,298.54,16.78,98.17,40.36,66.05,335.40,106.73,160.02,152.94,117.52,330.25,22.80,133.61,77.84,157.97,22.10,186.48,221.74,472.05,45.65,96.26,84.00,194.88,311.93,328.00,178.37,235.97,533.34,120.84,73.65,124.57,343.12,87.42,41.09,50.44,261.57,549.88,178.63,207.70,1171.36,112.95,77.02,277.50,340.85,268.23,467.73,488.81,203.15,15.37,23.35,280.17,323.12,468.56,160.18,70.25,74.54,51.40,68.52,131.44,,
2025-10-17,49.31,286.67,100.67,66.85,124.46,94.14,103.70,88.59,78.63,85.42,86.51,105.98,267.94,153.02,750.77,153.60,297.56,16.96,98.83,40.89,67.41,341.89,107.71,158.67,152.93,117.60,336.02,22.79,134.78,78.46,156.31,22.28,189.59,225.61,473.19,45.69,97.07,83.28,195.87,316.66,330.15,179.40,239.62,534.35,121.38,74.05,124.82,346.60,87.91,42.60,51.28,262.01,560.97,180.67,209.11,1161.16,111.37,77.36,285.46,349.13,268.21,470.25,492.42,211.34,15.50,23.58,280.47,346.62,471.04,161.49,71.51,75.20,52.25,66.23,129.91,,
2025-10-20,50.29,290.41,101.52,67.94,123.85,94.95,104.24,88.86,78.97,87.02,86.97,108.50,267.62,154.90,763.32,155.29,302.36,17.38,99.20,41.80,69.20,344.41,108.77,161.97,155.07,120.11,343.78,22.84,135.43,78.74,160.44,22.65,189.91,219.38,477.59,47.10,99.30,86.02,193.79,316.42,330.05,182.17,237.09,536.70,125.19,73.48,128.85,344.11,87.52,43.45,52.04,265.25,566.36,182.07,209.15,1160.00,115.29,77.69,286.05,350.95,268.20,472.68,494.08,214.87,15.84,24.06,279.26,349.48,474.46,164.98,72.26,76.50,53.24,66.94,135.80,,
2025-10-21,50.83,294.11,101.86,67.70,125.10,95.09,104.25,90.33,79.39,87.66,87.70,107.00,268.61,156.29,758.98,156.79,297.09,17.54,99.44,42.17,70.05,347.21,108.18,159.23,156.92,123.68,338.62,22.94,136.01,79.02,161.43,22.65,188.95,221.60,483.79,47.61,98.25,84.76,193.74,325.89,330.42,181.91,233.29,540.36,125.98,75.00,128.52,343.43,88.28,43.83,51.52,269.34,572.03,181.70,210.84,1130.00,114.36,78.38,287.44,349.16,269.26,479.36,491.29,217.05,15.94,24.36,279.01,355.22,484.92,165.75,74.00,77.73,52.65,66.27,131.84,,
2025-10-22,50.62,289.92,102.09,67.88,124.88,94.31,102.76,87.42,79.14,85.67,87.88,107.03,267.81,155.47,744.60,156.95,294.11,17.47,100.01,41.69,68.07,345.36,107.85,158.12,157.00,123.30,320.33,22.78,135.63,78.56,161.72,22.59,189.31,222.63,479.74,47.33,96.30,83.88,194.79,322.74,333.78,181.20,237.35,537.61,126.53,75.02,125.48,343.10,89.20,43.60,51.10,268.49,571.36,182.12,210.17,1129.68,113.22,78.94,283.06,348.42,276.52,472.75,491.81,220.38,15.87,24.11,283.04,352.00,472.79,166.04,73.01,75.92,51.54,64.77,127.22,,
2025-10-23,50.96,286.84,101.76,67.52,125.25,94.60,102.49,88.82,79.44,87.48,87.46,106.68,268.90,155.72,750.78,157.45,294.54,17.52,99.94,42.07,69.66,345.96,107.55,159.31,155.72,120.96,322.76,22.68,135.70,78.17,154.98,22.67,188.08,220.59,482.70,47.82,96.69,84.46,194.46,325.69,331.38,181.95,237.25,538.75,123.05,75.24,124.74,341.35,88.77,43.61,51.76,269.10,573.77,181.09,211.58,1125.00,114.61,78.85,284.45,349.27,282.94,478.15,490.16,220.04,15.86,24.10,282.49,354.93,479.30,165.08,73.24,78.56,52.47,67.17,134.33,,
2025-10-24,52.18,285.30,102.18,67.79,125.11,94.42,103.55,88.44,79.62,87.36,87.15,107.99,269.54,156.67,783.88,157.65,300.44,17.82,100.05,42.63,69.77,347.38,107.18,163.86,155.83,121.24,354.46,23.00,133.62,78.68,154.60,22.84,186.55,219.09,489.45,48.26,98.78,86.41,193.19,324.67,328.34,186.44,238.75,542.29,125.00,75.03,126.03,337.73,88.00,44.19,52.57,269.89,573.67,185.23,211.86,1136.63,116.12,79.00,284.38,348.94,281.94,479.18,492.10,225.01,16.07,24.57,280.73,357.56,490.82,162.44,74.84,79.54,53.10,68.75,139.79,,
2025-10-27,51.91,290.33,102.21,66.53,124.97,94.84,104.91,88.78,79.57,86.79,85.94,107.58,271.09,157.64,789.99,159.84,304.15,17.61,100.06,42.45,70.25,347.82,107.55,166.02,156.30,122.26,361.43,23.46,134.99,78.87,153.85,23.38,187.62,216.59,496.64,47.80,100.99,87.01,193.20,329.97,326.86,184.86,238.27,546.86,126.37,75.26,126.20,336.87,87.76,44.63,53.02,270.34,572.36,182.92,212.19,1131.31,117.03,79.31,284.24,343.98,281.68,484.63,488.07,223.49,15.64,24.24,279.00,361.67,495.08,161.72,74.96,80.15,53.80,69.49,145.86,,
2025-10-28,51.33,288.40,101.45,65.93,122.69,93.85,104.96,87.96,82.20,85.63,84.72,108.45,266.33,151.75,792.09,157.27,305.36,17.59,98.37,42.28,73.02,346.90,106.68,165.21,154.30,120.61,355.22,23.96,134.37,78.75,151.69,23.32,182.82,211.91,493.68,47.27,101.39,86.90,190.85,320.34,320.37,182.84,238.53,593.76,124.47,72.61,127.34,329.96,82.38,44.33,52.87,268.13,565.93,181.41,207.89,1124.95,118.68,78.39,285.59,304.91,275.58,484.54,481.44,220.99,15.54,24.27,267.50,361.03,490.76,159.69,74.72,80.18,52.67,68.65,146.25,,
2025-10-29,50.43,266.89,101.19,61.50,122.36,94.61,103.51,85.42,82.43,79.21,85.85,107.05,261.53,151.83,783.06,150.62,305.51,17.40,97.80,41.77,69.68,341.28,105.70,164.03,149.89,118.55,348.61,24.10,131.73,78.32,148.92,22.94,179.99,207.97,473.05,46.64,99.12,86.00,190.00,301.87,317.54,181.02,232.68,567.54,124.88,71.40,127.26,326.07,80.30,43.91,52.58,267.91,554.58,181.34,208.11,1098.00,116.75,77.98,268.11,309.45,278.00,478.54,475.76,218.59,15.16,24.07,262.02,358.22,471.70,158.25,73.21,76.51,52.16,69.19,144.80,,
2025-10-30,50.57,269.04,103.09,62.39,123.46,94.41,102.13,85.66,82.74,78.69,86.64,107.92,262.89,154.36,790.16,148.52,309.44,17.51,99.53,41.95,67.93,345.03,106.84,165.26,149.88,118.11,328.51,23.48,132.44,79.16,148.39,22.77,178.67,206.97,491.57,46.84,100.22,85.99,191.88,309.64,317.00,182.32,236.81,583.14,123.45,71.54,126.90,328.19,80.45,44.34,53.03,271.01,553.68,182.80,212.43,1098.05,115.22,78.19,255.00,309.18,278.06,454.11,478.52,218.38,15.32,24.20,262.03,358.88,478.97,158.05,73.59,73.92,52.10,68.51,138.07,,
2025-10-31,50.87,266.80,104.00,62.52,124.18,94.52,102.53,85.49,84.04,77.76,86.31,107.93,265.49,154.59,789.37,146.29,311.12,17.59,99.56,41.62,69.27,340.74,107.19,164.00,148.94,118.33,343.78,23.70,131.51,79.82,146.64,22.61,178.15,206.00,487.21,46.68,101.23,86.97,191.52,292.64,313.10,182.55,245.64,588.55,124.31,71.34,128.67,340.68,79.74,44.63,53.45,268.62,551.99,183.87,211.72,1082.81,115.66,78.96,260.35,314.52,276.94,452.77,477.54,219.99,15.44,24.20,249.49,360.73,480.30,158.67,74.38,75.94,52.27,70.36,146.78,,
2025-11-03,51.01,264.57,104.63,62.20,124.27,93.15,101.71,86.39,83.02,77.10,86.00,108.06,264.16,153.66,785.52,145.59,309.35,17.54,99.42,41.53,68.34,336.90,106.97,163.65,150.63,117.63,330.42,23.58,130.64,79.21,144.42,22.84,177.13,203.70,497.02,46.62,101.61,87.30,191.25,285.35,314.00,182.74,246.92,581.10,123.95,71.78,127.68,339.84,77.82,44.22,53.56,267.66,544.07,182.73,212.11,1068.83,116.69,78.96,263.36,313.45,278.25,452.38,475.68,221.70,15.37,24.24,242.98,361.62,485.95,158.88,74.01,74.30,52.07,73.08,147.08,,
2025-11-04,50.73,264.58,105.04,63.15,127.94,93.84,101.27,85.87,82.06,79.96,87.47,108.00,267.85,157.39,790.83,146.98,309.25,17.31,100.64,42.15,66.08,340.30,108.81,164.01,152.42,118.29,307.32,23.24,133.38,79.46,142.85,22.59,180.50,209.59,499.21,46.43,101.01,87.13,195.26,289.42,322.81,182.95,250.26,574.90,130.51,74.05,127.54,344.21,78.99,43.73,53.54,277.28,552.75,180.90,214.60,1059.91,116.15,80.71,261.17,317.69,285.65,452.00,487.66,220.68,15.27,24.15,251.70,360.49,487.46,158.16,73.30,72.58,52.36,70.69,136.80,,
2025-11-05,51.44,261.14,104.43,64.75,128.23,93.68,102.38,85.56,81.16,79.20,87.55,108.69,268.00,160.04,793.09,146.21,311.68,17.52,100.86,42.51,68.06,340.04,111.24,165.18,159.83,118.89,319.30,23.37,133.75,78.68,144.32,22.76,178.40,208.94,497.10,46.74,101.69,86.95,194.75,288.16,323.06,184.15,251.40,571.93,133.75,74.72,128.19,341.70,77.84,44.06,52.45,276.65,553.31,183.35,218.31,1073.57,116.90,76.32,261.69,321.99,283.26,459.07,488.77,221.40,15.29,24.38,248.05,365.80,486.46,159.55,74.37,73.65,52.51,71.62,142.48,,
2025-11-06,50.90,253.62,105.20,64.68,127.94,94.20,102.15,86.19,82.44,76.37,87.76,108.42,271.42,161.38,787.58,147.52,313.42,17.59,101.63,42.54,66.26,336.96,113.70,163.42,163.08,119.31,295.22,23.39,131.83,75.97,143.43,23.25,176.58,209.61,490.00,46.85,100.85,86.04,198.01,281.58,322.20,182.92,252.64,580.39,128.98,74.58,128.30,340.00,76.42,44.01,53.29,276.26,553.28,183.30,216.81,1069.44,117.27,76.28,278.00,319.61,283.05,457.52,493.15,216.88,15.42,24.31,245.24,365.73,482.21,160.83,73.55,70.93,52.34,69.86,127.08,,
2025-11-07,51.70,262.60,106.29,64.78,129.41,95.24,102.66,87.24,82.86,76.03,89.57,109.64,276.50,164.64,786.34,149.00,314.21,18.08,102.59,42.87,66.22,336.02,114.09,162.36,160.80,121.32,309.14,23.37,132.24,76.15,145.94,22.23,180.05,217.27,496.42,47.32,100.79,86.04,202.29,284.84,326.05,184.20,256.62,582.85,132.37,74.97,129.96,346.32,78.54,44.74,53.20,279.81,551.97,185.86,224.32,1082.20,118.31,76.93,276.53,326.14,287.55,461.43,499.06,217.82,15.69,24.85,250.01,368.54,487.98,163.11,73.19,65.45,52.71,70.54,130.36,,
2025-11-10,52.35,265.09,107.00,65.44,130.86,95.58,103.00,87.82,83.58,75.69,89.79,110.96,277.28,166.40,797.20,149.50,316.89,18.12,103.02,43.13,66.25,334.85,113.58,165.05,162.61,120.11,317.93,23.64,132.77,77.18,144.30,22.52,178.12,217.53,493.84,47.58,101.49,86.10,203.89,277.63,321.61,185.09,259.14,576.95,130.92,75.84,130.09,344.87,78.51,45.12,53.42,282.39,552.96,188.25,226.11,1082.63,119.69,76.92,281.08,328.61,288.25,459.30,496.98,220.36,15.81,25.04,251.06,367.88,484.93,161.93,74.70,66.80,52.88,71.13,135.88,,
2025-11-11,52.24,271.56,106.74,66.38,131.17,96.12,103.67,87.83,84.38,77.23,90.66,111.25,278.84,166.13,810.31,151.99,315.62,18.08,103.74,42.99,67.40,338.92,113.79,166.50,165.73,121.36,304.01,23.88,132.31,77.79,144.98,22.82,181.92,219.91,497.73,47.62,100.76,86.19,207.36,282.66,322.14,184.82,259.25,584.39,132.88,76.35,130.37,349.93,80.04,45.31,53.63,286.02,558.35,186.76,225.52,1085.76,119.43,76.15,290.67,324.43,292.42,464.94,497.07,220.75,15.82,25.06,255.00,370.16,493.00,163.51,74.42,65.91,53.10,70.87,131.93,,
2025-11-12,52.66,271.88,107.79,66.23,132.67,97.71,104.77,88.77,85.26,77.39,91.78,112.64,279.58,166.89,838.97,154.05,320.41,17.80,104.04,43.21,67.20,338.88,114.61,169.92,167.17,123.07,304.00,24.66,133.97,80.21,144.36,23.05,182.79,221.87,495.84,47.89,102.87,86.26,209.21,282.84,320.05,186.91,260.88,580.78,133.58,76.65,132.40,350.11,80.20,45.64,54.11,286.13,561.23,188.15,226.48,1093.93,121.11,78.00,286.72,325.03,294.93,470.54,502.40,222.13,15.95,25.39,255.86,372.77,490.84,165.91,75.49,65.77,53.58,72.70,132.98,64.38,
2025-11-13,51.71,277.94,107.85,66.26,133.68,95.36,103.72,87.43,84.62,75.44,92.76,111.04,283.54,166.01,805.50,152.70,309.48,17.62,104.39,42.44,65.33,336.08,115.01,165.61,165.27,120.75,283.14,23.98,133.16,79.47,139.53,22.29,183.85,223.15,502.96,47.31,100.67,84.70,211.16,287.18,324.30,183.99,259.96,573.34,128.71,76.96,128.91,350.94,80.06,45.33,52.87,287.42,555.57,186.38,227.05,1069.65,118.28,78.35,283.12,327.49,296.22,459.42,513.11,216.80,15.71,24.96,256.71,364.73,490.77,161.17,73.79,62.30,52.88,67.04,121.53,64.53,
2025-11-14,51.69,273.91,107.16,64.24,133.85,94.39,101.72,87.08,84.47,74.11,92.52,110.48,285.04,163.90,790.91,152.07,303.61,17.62,104.41,42.57,62.81,330.02,114.34,163.86,164.02,119.92,284.00,23.52,131.81,78.64,141.44,22.17,182.81,225.18,493.90,47.10,100.30,85.05,214.30,286.58,322.13,183.99,258.35,565.15,130.60,77.00,127.39,350.13,80.70,44.86,52.61,287.29,545.73,186.96,228.59,1057.94,116.84,77.75,279.07,326.23,295.49,458.00,508.94,211.15,15.73,24.96,258.51,357.18,479.48,158.73,73.09,60.48,52.37,66.03,122.50,63.42,
2025-11-17,49.71,273.65,103.51,63.93,132.06,91.91,97.42,85.70,81.01,72.58,91.81,106.77,279.13,161.44,775.56,150.33,300.37,17.12,104.21,41.12,61.89,325.75,112.27,159.45,163.64,114.02,263.95,22.44,131.43,75.53,138.42,21.56,180.87,225.35,488.95,45.47,98.19,83.42,209.21,287.28,318.60,179.04,257.87,557.93,124.34,77.10,122.72,350.02,80.71,43.92,51.48,284.51,536.85,181.06,224.83,1023.80,112.84,76.46,274.18,320.33,295.58,440.80,503.26,201.01,15.30,24.30,259.31,341.25,472.12,155.34,70.47,58.89,51.36,63.41,115.97,62.70,
2025-11-18,50.43,272.11,102.64,63.15,133.12,92.28,97.48,85.54,82.19,72.03,91.79,107.50,279.28,162.37,776.30,152.78,299.41,17.19,105.12,41.34,60.70,321.18,111.76,159.83,163.94,114.18,261.79,22.66,131.85,75.37,136.53,21.44,180.25,224.88,490.28,45.92,98.32,83.86,209.96,290.17,319.52,180.08,259.11,556.83,124.32,77.50,124.78,348.54,79.93,44.34,51.64,286.85,527.58,182.10,225.95,1019.14,113.20,77.07,272.78,320.02,296.57,442.81,504.37,200.04,15.35,24.18,258.64,340.66,470.16,155.78,71.22,57.64,51.26,63.27,114.30,61.34,
2025-11-19,51.16,267.02,103.56,62.66,132.18,92.64,97.41,86.02,83.11,72.03,91.17,107.51,272.49,161.65,785.99,153.65,303.27,17.35,105.30,41.48,60.11,324.12,109.40,162.29,165.80,117.50,257.29,22.92,130.74,74.76,138.65,21.44,177.13,222.93,490.80,46.80,99.83,84.16,209.93,285.06,317.37,182.97,254.29,559.59,127.20,76.69,126.01,344.17,78.81,44.65,52.02,285.47,530.36,182.63,224.62,1014.68,114.00,75.75,276.46,312.84,293.96,449.80,501.26,202.40,15.38,24.22,248.72,344.64,472.86,157.72,72.55,62.00,51.48,64.56,118.16,61.17,
2025-11-20,50.70,273.05,104.12,62.38,134.77,90.49,97.31,86.99,82.36,71.47,91.88,106.46,275.22,163.66,773.70,151.66,298.38,17.28,104.94,41.28,58.10,323.77,110.55,158.70,167.77,114.41,238.16,22.70,130.37,73.92,138.42,21.18,178.95,226.00,490.91,46.49,97.63,82.40,211.74,293.06,314.88,183.54,255.32,560.08,126.76,77.30,125.72,345.89,79.62,44.40,51.00,287.85,527.88,182.75,226.05,992.52,113.30,75.69,277.30,304.99,296.32,441.63,501.12,202.22,15.32,24.10,247.30,343.80,474.52,151.33,72.25,61.95,51.05,61.56,106.21,59.77,
2025-11-21,52.30,277.02,106.75,64.07,136.45,90.51,100.31,87.66,84.29,73.49,92.46,106.43,273.09,166.02,774.03,154.43,298.02,17.82,106.40,42.42,60.57,327.98,110.98,158.17,170.80,118.67,240.41,23.22,132.42,75.07,142.67,21.68,180.92,226.91,493.60,47.78,98.70,83.11,214.32,296.36,315.05,186.99,252.60,561.99,130.02,78.10,127.13,346.51,80.32,45.48,51.56,290.07,540.40,188.60,226.82,1014.72,114.36,75.96,288.82,311.34,298.29,447.56,504.04,207.87,15.88,24.91,251.41,352.89,479.65,152.99,74.62,61.95,51.61,61.05,107.30,60.84,
2025-11-24,52.79,271.76,107.19,64.41,136.64,90.52,100.45,88.44,84.56,72.80,91.94,108.07,275.68,166.71,790.71,152.90,298.00,17.89,107.20,42.33,60.56,329.30,110.38,162.83,170.58,117.85,255.97,23.81,133.27,75.19,141.42,22.03,179.59,225.08,489.24,47.75,99.69,84.66,212.37,291.92,317.52,188.52,254.50,556.60,130.10,77.53,128.75,344.70,79.25,45.50,51.93,290.84,537.85,187.58,226.02,1019.49,115.10,75.11,287.03,309.99,295.81,446.05,507.81,208.84,15.91,24.85,248.21,355.93,478.75,153.15,74.52,61.86,51.84,62.43,114.97,60.67,
2025-11-25,54.19,278.73,108.35,65.65,137.57,90.74,101.13,89.14,84.69,74.02,93.61,109.13,276.98,168.38,802.32,155.96,303.00,18.37,107.95,43.28,61.22,334.53,111.63,165.43,173.62,120.81,254.12,24.23,135.37,75.74,143.43,22.26,182.02,226.41,494.19,48.91,101.17,85.10,212.65,295.63,320.62,192.59,257.32,562.92,130.62,77.92,129.93,350.96,80.51,46.32,52.48,293.70,546.47,191.58,228.17,1029.77,116.09,75.01,291.98,314.04,297.77,452.82,508.57,214.45,16.18,25.42,250.24,362.64,485.67,154.54,76.51,63.69,52.46,63.17,115.57,60.76,
2025-11-28,54.10,277.27,108.25,65.77,137.03,92.73,102.38,90.92,84.82,75.76,93.92,112.10,281.46,167.59,826.04,157.30,313.08,18.38,107.87,43.46,62.69,334.44,110.31,169.66,174.48,122.31,272.82,24.45,134.73,76.56,146.42,22.59,183.45,228.79,498.83,49.05,103.60,85.85,212.98,295.49,321.00,190.72,258.17,563.72,131.85,77.69,131.34,353.92,80.43,46.50,53.65,292.86,550.53,190.22,228.16,1047.30,119.02,76.16,295.80,314.29,296.18,455.74,513.81,219.07,16.30,25.45,247.62,365.27,490.78,156.54,77.36,66.80,53.25,65.02,128.49,61.47,
2025-12-01,54.58,277.13,108.22,66.20,135.50,92.69,101.59,89.36,84.45,76.24,93.16,111.81,278.99,166.03,810.86,156.94,308.92,18.62,106.40,43.77,62.58,330.39,109.55,168.47,174.20,122.19,259.84,24.66,132.53,76.31,146.35,22.54,184.00,227.82,495.27,49.41,102.68,85.40,210.00,293.76,320.79,192.40,255.28,559.66,131.39,72.98,130.98,351.17,81.18,46.57,53.24,290.50,543.97,190.22,225.43,1039.94,118.12,76.61,296.27,312.09,293.88,454.91,508.55,220.37,16.54,25.33,246.10,360.31,487.24,155.83,78.05,64.35,52.79,63.54,123.24,62.69,
2025-12-02,54.66,278.28,107.85,66.80,135.10,92.07,102.47,88.51,84.32,78.69,92.69,112.08,277.49,163.77,815.21,155.36,307.88,18.28,106.31,43.73,62.90,329.62,108.83,169.09,172.68,122.68,263.26,24.24,131.15,76.27,146.74,22.42,183.36,228.76,491.21,49.68,103.19,86.32,208.91,295.95,315.69,192.05,254.35,547.29,132.08,72.80,130.43,345.70,79.84,46.48,53.19,288.52,545.91,190.98,221.37,1038.62,119.02,76.95,294.95,312.21,294.50,456.79,506.65,224.00,16.56,25.41,244.22,360.70,487.84,155.64,78.88,60.11,52.76,63.59,125.95,63.24,
2025-12-03,55.68,279.15,109.57,65.66,133.04,93.99,105.05,88.32,85.94,79.96,92.72,113.09,274.34,162.83,836.57,156.85,312.13,18.75,105.75,44.93,61.24,329.61,109.04,173.72,176.13,126.48,276.92,24.39,130.82,77.51,151.52,23.01,183.87,227.18,499.88,50.93,106.72,89.35,208.62,296.21,316.53,198.00,253.90,545.56,134.50,71.65,132.16,344.45,79.65,47.42,54.09,284.27,553.73,195.63,222.33,1079.87,120.90,77.07,299.89,314.03,295.05,470.11,503.60,227.24,17.04,26.20,245.36,368.13,492.01,158.79,79.15,61.11,53.43,64.96,133.64,66.95,
2025-12-04,55.88,278.92,110.25,65.56,131.86,95.03,105.79,90.29,85.93,79.74,92.39,113.95,273.19,163.01,837.83,159.11,316.10,19.11,104.49,45.46,61.73,327.10,109.24,174.89,180.34,128.43,274.05,25.21,130.82,78.03,151.39,23.14,183.20,227.09,496.99,51.37,107.79,90.21,206.37,299.78,320.00,198.27,254.92,540.85,136.75,70.87,133.21,347.71,79.64,47.54,54.16,282.85,542.31,195.57,224.27,1075.58,121.87,77.28,297.39,313.71,294.64,474.11,503.23,229.71,17.10,26.41,245.41,371.15,489.48,162.60,80.40,62.19,53.56,65.95,137.08,66.06,
2025-12-05,55.46,290.63,111.68,66.66,129.43,93.82,106.58,90.22,87.52,78.85,91.72,114.02,270.87,162.30,854.56,157.82,315.04,19.26,102.82,45.42,62.28,331.24,109.28,176.51,181.71,129.42,269.73,26.24,131.37,78.66,152.15,23.40,181.82,222.89,498.52,51.26,108.88,89.83,202.27,296.46,320.70,197.86,252.76,538.26,138.13,66.72,133.21,345.20,78.37,47.53,53.95,280.89,545.52,195.11,222.87,1072.16,123.61,77.03,310.64,309.97,295.00,477.06,504.34,230.68,16.90,26.28,239.71,370.35,496.50,163.13,80.36,61.11,53.58,64.50,131.95,66.28,
2025-12-08,55.76,286.89,111.33,65.88,129.73,94.28,104.52,89.80,86.88,77.91,90.94,114.44,270.42,161.30,866.69,157.03,315.21,19.39,101.41,45.22,61.12,326.84,108.06,176.83,180.99,130.24,274.20,25.81,133.02,78.08,151.37,23.12,181.60,223.16,492.10,51.41,108.92,90.06,200.87,280.81,320.37,197.65,253.22,536.90,137.38,66.61,133.49,343.39,77.64,47.70,53.90,279.87,540.44,195.90,221.76,1062.02,124.07,76.31,303.70,308.40,297.23,476.73,497.23,230.59,16.94,26.34,237.85,362.28,487.13,164.19,79.78,61.04,53.37,65.81,136.43,65.73,
2025-12-09,55.94,287.56,111.68,65.17,130.04,94.16,105.37,90.72,88.21,77.50,91.92,115.93,270.12,161.49,876.58,158.01,300.51,19.98,102.56,45.18,60.78,326.50,108.02,178.83,180.17,135.78,277.36,26.54,133.09,77.82,156.02,23.46,181.26,226.35,490.73,51.57,109.43,88.89,201.05,277.40,322.22,202.15,253.02,537.22,143.89,66.94,133.38,346.19,78.41,47.92,53.54,279.16,537.55,197.66,222.40,1071.31,126.16,76.42,300.28,310.56,301.22,478.21,491.43,230.81,16.99,26.44,239.91,363.91,486.37,164.93,81.01,61.57,53.16,65.56,135.71,66.21,
2025-12-10,58.46,288.20,114.76,66.60,130.24,95.81,103.56,91.92,90.23,80.34,91.77,118.38,266.33,162.62,889.24,160.38,310.11,20.52,102.61,47.55,61.16,325.73,107.19,179.71,184.92,141.54,275.09,26.93,134.91,79.82,156.60,23.31,180.93,222.81,491.32,53.56,111.09,90.69,201.19,275.00,315.00,206.97,249.06,538.19,149.08,67.59,137.58,340.05,77.51,49.56,54.08,278.35,538.86,204.60,222.96,1083.36,128.92,81.08,311.57,315.47,296.54,497.26,490.43,237.76,17.56,27.38,240.45,375.57,479.99,166.94,84.55,63.29,53.76,66.67,135.66,66.57,
2025-12-11,58.35,291.55,117.05,67.24,135.29,97.05,104.96,93.85,91.54,81.92,93.64,118.68,272.41,165.02,911.03,163.10,317.38,20.69,104.65,48.39,61.69,345.63,108.85,180.29,187.18,142.77,269.02,27.00,139.04,82.25,154.11,23.47,183.47,230.44,497.56,53.58,111.74,92.59,206.82,278.96,325.58,211.49,251.10,549.61,150.33,69.34,140.09,347.40,79.55,49.70,54.56,282.88,563.37,205.75,228.02,1101.84,129.60,82.85,316.30,324.38,305.98,498.61,495.85,239.29,17.91,27.84,247.62,384.89,485.51,163.91,85.66,63.61,54.80,66.06,123.38,68.16,176.87
2025-12-12,58.39,292.47,116.96,67.11,135.30,96.65,104.90,93.57,89.94,82.05,93.92,117.03,273.55,165.86,887.96,163.21,318.52,20.66,104.31,48.15,61.66,347.83,110.05,178.41,187.50,136.60,267.46,26.26,139.46,82.16,151.18,23.48,186.21,234.85,501.03,53.42,111.80,92.76,207.18,287.33,326.93,210.59,253.02,551.09,148.05,69.33,138.52,353.79,81.62,49.89,55.14,285.31,571.93,203.84,229.30,1089.09,127.67,84.90,316.09,327.16,308.47,493.63,499.52,237.87,17.82,27.60,255.38,382.56,486.60,163.85,84.22,64.75,54.86,64.15,119.50,68.75,173.78
2025-12-15,58.44,292.03,117.60,66.61,138.67,95.28,103.62,92.93,90.63,81.63,95.72,116.96,272.18,167.07,889.59,161.40,320.02,20.46,105.41,47.83,60.74,346.89,111.50,177.79,187.65,134.81,250.42,26.04,140.65,82.61,150.34,23.62,187.30,236.36,499.63,53.71,112.80,92.90,211.94,287.04,330.77,210.89,246.75,553.51,146.83,69.10,139.62,354.10,82.33,49.74,55.33,290.59,569.13,204.71,233.26,1082.16,128.95,86.30,312.16,328.61,312.61,491.49,506.38,239.81,17.74,27.39,256.19,382.57,487.50,162.83,83.21,64.02,54.92,62.87,115.26,68.97,172.68
2025-12-22,59.88,290.94,114.84,66.89,139.55,101.41,104.80,97.46,89.24,81.29,97.12,117.26,273.20,166.96,899.00,161.45,323.09,21.21,108.08,48.22,59.86,352.09,110.05,179.76,185.33,131.42,247.90,27.34,142.53,81.35,155.83,24.59,185.51,227.36,521.90,54.87,118.09,94.28,208.28,286.15,332.40,212.90,251.83,576.64,148.89,70.22,140.26,355.46,80.37,50.56,55.88,291.64,575.70,206.82,241.51,1088.21,130.87,86.43,313.97,335.66,310.95,495.92,499.95,246.77,17.92,27.82,258.25,380.85,509.65,166.00,85.85,65.15,55.26,65.80,122.37,68.62,170.29
2025-12-23,59.51,290.88,114.18,66.80,139.08,101.18,104.03,98.01,89.52,80.19,96.96,117.22,275.53,165.78,901.71,161.95,325.93,21.05,107.51,48.10,59.41,353.38,110.72,179.50,185.31,131.00,242.30,27.09,142.37,80.91,155.16,24.19,185.90,227.89,525.14,54.49,119.40,94.47,209.55,283.78,332.30,211.95,254.76,581.30,148.37,70.23,140.19,355.87,79.96,50.49,55.97,292.46,576.35,206.42,241.25,1086.55,130.70,86.59,309.77,337.04,313.30,498.38,500.51,247.60,17.73,27.55,258.70,382.19,515.39,165.77,85.57,64.94,55.35,65.96,120.24,67.72,168.74
2025-12-24,59.86,290.09,114.55,67.17,139.72,101.85,104.68,98.64,89.59,81.19,96.40,118.22,276.38,165.87,910.78,162.63,329.17,21.14,107.33,48.22,60.04,355.14,110.62,181.65,185.18,130.78,239.73,27.21,143.50,81.05,155.57,24.18,187.60,227.66,525.74,54.94,121.56,95.30,209.05,284.00,334.52,213.48,255.96,581.75,148.85,70.64,140.70,356.65,80.82,50.74,56.25,293.84,579.45,207.24,241.89,1088.96,132.22,86.52,311.57,336.21,313.32,500.97,501.34,248.27,17.74,27.73,260.77,383.11,517.28,165.80,86.06,66.05,55.85,65.98,120.44,67.95,169.06
2025-07-18,48.58,432.32,103.27,80.33,122.86,95.80,105.77,89.37,81.06,81.93,88.35,98.84,274.70,150.73,708.26,180.72,291.27,18.50,92.38,43.03,74.17,349.05,101.83,140.83,178.64,145.98,419.78,19.92,122.09,77.15,168.72,24.60,212.28,246.41,524.38,45.69,93.45,80.64,194.08,353.32,308.28,196.52,238.62,577.94,152.00,68.75,127.93,356.11,103.84,44.25,47.32,265.97,552.66,196.19,188.07,1103.59,108.51,81.21,332.02,333.07,274.13,544.55,473.80,218.28,16.71,26.01,313.14,307.95,499.90,160.66,70.04,,,,,,
2025-12-26,59.83,292.13,113.97,67.19,138.67,101.89,104.75,99.35,89.38,80.35,95.87,117.47,276.73,164.79,907.04,163.52,327.91,21.19,106.40,48.41,59.97,355.00,109.90,181.87,186.13,130.41,236.90,26.96,142.21,80.30,155.41,24.19,187.00,227.13,529.45,54.99,120.42,95.26,207.80,282.40,334.60,213.89,256.15,584.99,148.52,70.57,140.14,356.65,80.78,50.61,56.17,292.12,579.60,207.28,240.13,1088.11,132.28,86.48,310.18,337.53,313.47,501.83,498.30,249.32,17.74,27.79,261.48,381.05,520.04,165.30,86.01,66.27,55.52,66.16,118.13,67.50,168.73
