date,bx_shares,fisv_shares,l_shares,bk_shares,cb_shares,all_shares,ntrs_shares,ben_shares,ivz_shares,jkhy_shares,met_shares,rjf_shares,spgi_shares,stt_shares,ndaq_shares,gs_shares,pru_shares,hood_shares,aiz_shares,cfg_shares,schw_shares,wtw_shares,key_shares,hig_shares,usb_shares,kkr_shares,trv_shares,afl_shares,brk_b_shares,fds_shares,gpn_shares,bac_shares,cme_shares,xyz_shares,pfg_shares,fitb_shares,cinf_shares,cof_shares,erie_shares,blk_shares,msci_shares,axp_shares,tfc_shares,bro_shares,acgl_shares,syf_shares,amp_shares,wrb_shares,rf_shares,aon_shares,ms_shares,coin_shares,eg_shares,cboe_shares,cpay_shares,aig_shares,ibkr_shares,fis_shares,ajg_shares,hban_shares,pgr_shares,wfc_shares,c_shares,trow_shares,jpm_shares,ma_shares,mmc_shares,mtb_shares,v_shares,ice_shares,mco_shares,pnc_shares,gl_shares,pypl_shares,apo_shares
2025-03-31,5424871,,1309464,5319223,2762024,1964036,1452488,2297476,3320375,540256,4290903,1366861,2334741,2138010,3067046,2312827,2623830,,380187,3239857,12630319,739663,7382923,2131542,11562280,5003254,1680406,3668483,13585263,281858,1835376,49076252,2670767,,1559621,4964786,1159142,2825337,184820,1079053,575470,4113498,9753340,1758964,2778370,2881227,712984,2225381,6737228,1602947,9171279,,318541,775891,516650,4397495,,3925965,1885126,10774726,4341900,24376379,13912495,1650167,20723998,6036248,3640154,1229773,12773068,4258565,1147361,2934646,622131,7331975,3313021
2025-04-01,5424871,,1309464,5319223,2762024,1964036,1452488,2297476,3320375,540256,4290903,1366861,2334741,2138010,3067046,2312827,2623830,,380187,3239857,12630319,739663,7382923,2131542,11562280,5003254,1680406,3668483,13585263,281858,1835376,49076252,2670767,,1559621,4964786,1159142,2825337,184820,1079053,575470,4113498,9753340,1758964,2778370,2881227,712984,2225381,6737228,1602947,9171279,,318541,775891,516650,4397495,,3925965,1885126,10774726,4341900,24376379,13912495,1650167,20723998,6036248,3640154,1229773,12773068,4258565,1147361,2934646,622131,7331975,3313021
2025-04-03,5447002,,1314837,5340999,2773267,1972181,1458458,2306957,3334035,542502,4308402,1372447,2344193,2146823,3079754,2322208,2634476,,381665,3253133,12681987,742819,7413028,2140355,11609529,5023765,1687357,3683550,13640797,283052,1842724,49276854,2681826,,1566046,4985055,1163918,2836893,185659,1083445,577958,4130356,9793139,1766199,2789884,2893096,715898,2234478,6764732,1609414,9208590,,319806,779018,518825,4415647,,3941984,1892987,10818875,4359639,24475962,13969465,1656776,20808658,6060811,3654979,1234762,12825333,4275920,1151966,2946557,624761,7361938,3326510
2025-04-07,5378127,,1298212,5273399,2738292,1947256,1440008,2277832,3291935,535652,4253977,1355097,2314493,2119698,3040854,2292783,2601126,,376815,3212033,12521687,733419,7319466,2113330,11462854,4960290,1665982,3637075,13468347,279502,1819424,48654130,2647951,,1546221,4922030,1149218,2800993,183284,1069745,570658,4078106,9669489,1743924,2754634,2856571,706848,2206253,6679395,1589039,9092378,,315781,769143,512250,4359847,,3892109,1869062,10682150,4304464,24166650,13792815,1635851,20545608,5984186,3608754,1219137,12663108,4221845,1137441,2909282,616811,7268863,3284548
2025-04-16,5342370,,1289581,5238327,2720071,1934241,1430418,2262625,3270015,532090,4225618,1346055,2299149,2105587,3020578,2277576,2583864,,374349,3190661,12438203,728487,7270694,2099219,11386545,4927273,1654885,3612826,13378894,277584,1807368,48330262,2630278,,1535946,4889287,1141546,2782361,182051,1062621,566822,4050980,9605099,1732279,2736276,2837528,702190,2191594,6634870,1578490,9031824,,313726,764074,508825,4330803,,3866216,1856595,10611047,4275831,24005812,13701025,1625028,20408882,5944319,3584779,1211054,12578853,4193760,1129906,2889965,612701,7220502,3262628
2025-04-22,5259894,,1269673,5157431,2678043,1904221,1408298,2227549,3219455,523874,4160206,1325199,2263757,2073039,2973810,2242500,2544048,,368661,3141365,12245759,717111,7158198,2066671,11210533,4851117,1629289,3556894,13171914,273160,1779560,47582922,2589514,,1512246,4813763,1123850,2739385,179207,1046189,557974,3988412,9456579,1705419,2693932,2793604,691446,2157782,6532170,1554158,8892152,,308986,752382,500925,4263811,,3806492,1827839,10447043,4209787,23634833,13489305,1599748,20093198,5852363,3529479,1192410,12384513,4128980,1112526,2845409,603221,7108954,3212068
2025-04-23,5266419,,1271248,5163831,2681368,1906596,1410048,2230324,3223455,524524,4165381,1326849,2266557,2075614,2977510,2245275,2547198,,369111,3145265,12260984,718011,7167098,2069246,11224458,4857142,1631314,3561319,13188289,273510,1781760,47642047,2592739,,1514121,4819738,1125250,2742785,179432,1047489,558674,3993362,9468329,1707544,2697282,2797079,692296,2160457,6540295,1556083,8903202,,309361,753307,501550,4269111,,3811217,1830114,10460018,4215012,23664208,13506055,1601748,20118173,5859638,3533854,1193885,12399888,4134105,1113901,2848934,603971,7117779,3216068
2025-04-25,5266419,,1271248,5163831,2681368,1906596,1410048,2230324,3223455,524524,4165381,1326849,2266557,2075614,2977510,2245275,2547198,,369111,3145265,12260984,718011,7167098,2069246,11224458,4857142,1631314,3561319,13188289,273510,1781760,47642047,2592739,,1514121,4819738,1125250,2742785,179432,1047489,558674,3993362,9468329,1707544,2697282,2797079,692296,2160457,6540295,1556083,8903202,,309361,753307,501550,4269111,,3811217,1830114,10460018,4215012,23664208,13506055,1601748,20118173,5859638,3533854,1193885,12399888,4134105,1113901,2848934,603971,7117779,3216068
2025-04-28,5293302,,1277737,5190199,2695067,1916381,1417258,2241757,3239935,527202,4186702,1333647,2278093,2086223,2992754,2256708,2560176,,370965,3161333,12323711,721719,7203766,2079855,11281829,4881965,1639657,3579550,13255754,274952,1790824,47885642,2606026,,1521846,4844355,1131018,2756793,180359,1052845,561558,4013756,9516739,1716299,2711084,2811396,695798,2171478,6573770,1564014,8948728,,310906,757118,504125,4290947,,3830684,1839487,10513475,4236539,23785233,13575065,1609988,20221070,5889611,3551879,1199962,12463233,4155220,1119566,2863457,607061,7154138,3232548
2025-05-13,5240841,,1265074,5138743,2668334,1897286,1403188,2219446,3207775,521976,4145095,1320381,2255380,2065520,2963006,2234397,2534850,,367347,3129977,12201302,714483,7132210,2059152,11169872,4833524,1623376,3543973,13124099,272138,1773136,47410277,2580097,,1506771,4796316,1119762,2729457,178550,1042393,555930,3973958,9422269,1699214,2684150,2783457,688964,2149971,6508445,1548537,8859886,,307891,749681,499100,4248335,,3792695,1821196,10409156,4194530,23549058,13440344,1593908,20020271,5831120,3516704,1188103,12339567,4114015,1108511,2835116,601031,7083185,3200388
2025-05-14,5240841,,1265074,5138743,2668334,1897286,1403188,2219446,3207775,521976,4145095,1320381,2255380,2065520,2963006,2234397,2534850,,367347,3129977,12201302,714483,7132210,2059152,11169872,4833524,1623376,3543973,13124099,272138,1773136,47410277,2580097,,1506771,4796316,1119762,2729457,178550,1042393,555930,3973958,9422269,1699214,2684150,2783457,688964,2149971,6508445,1548537,8859886,,307891,749681,499100,4248335,,3792695,1821196,10409156,4194530,23549058,13440344,1593908,20020271,5831120,3516704,1188103,12339567,4114015,1108511,2835116,601031,7083185,3200388
2025-05-16,5215614,,1258963,5113935,2655433,1888071,1396398,2208679,3192255,519454,4125016,1313979,2244419,2055529,2948650,2223654,2522652,,365601,3114845,12142229,710991,7097678,2049161,11115867,4810147,1615519,3526804,13060564,270780,1764624,47180986,2567584,,1499496,4773133,1114330,2716265,177677,1037349,553214,3954752,9376679,1690969,2671152,2769974,685666,2139592,6476920,1541068,8817012,,306436,746092,496675,4227771,,3774362,1812369,10358837,4174257,23435107,13375257,1586148,19923382,5802893,3499753,1182380,12279815,4094130,1103176,2821463,598121,7048968,3184868
2025-05-19,5240841,,1265074,5138743,2668334,1897286,1403188,2219446,3207775,521976,4145095,1320381,2255380,2065520,2963006,2234397,2534850,,367347,3129977,12201302,714483,7132210,2059152,11169872,4833524,1623376,3543973,13124099,272138,1773136,47410277,2580097,,1506771,4796316,1119762,2729457,178550,1042393,555930,3973958,9422269,1699214,2684150,2783457,688964,2149971,6508445,1548537,8859886,,307891,749681,499100,4248335,,3792695,1821196,10409156,4194530,23549058,13440344,1593908,20020271,5831120,3516704,1188103,12339567,4114015,1108511,2835116,601031,7083185,3200388
2025-05-20,5240841,,1265074,5138743,2668334,1897286,1403188,2219446,3207775,521976,4145095,1320381,2255380,2065520,2963006,2234397,2534850,,367347,3129977,12201302,714483,7132210,2059152,11169872,4833524,1623376,3543973,13124099,272138,1773136,47410277,2580097,,1506771,4796316,1119762,2729457,178550,1042393,555930,3973958,9422269,1699214,2684150,2783457,688964,2149971,6508445,1548537,8859886,,307891,749681,499100,4248335,,3792695,1821196,10409156,4194530,23549058,13440344,1593908,20020271,5831120,3516704,1188103,12339567,4114015,1108511,2835116,601031,7083185,3200388
2025-05-21,5100954,,1231170,5001630,2597181,1846837,1365628,2160369,3122206,507968,4034861,1285364,2195287,2010507,2884033,2174633,2466966,,357503,3046540,11876406,695706,6941988,2004339,10871977,4704511,1580239,3449468,12774207,265237,1725656,46146740,2511376,,1466471,4668315,1089818,4439554,173778,1014577,541006,3867985,9171142,1654045,2612589,2709256,670492,2092415,6334971,1507121,8623783,1464475,299571,729585,485800,4134954,,3691594,1772779,10131661,4082669,22921370,13082131,1551579,19486970,5675814,3422939,1156331,12010487,4004286,1078871,2759216,584991,6894307,3115119
2025-07-07,5045362,,1203561,4946965,2576810,1831049,1345105,2143877,3094716,503516,3899082,1255755,2170663,1971848,2858339,2121645,2447914,,350567,2998575,11810018,685536,6820529,1964452,10773421,4680625,1566862,3364595,12679914,262192,1686497,45310716,2491748,,1426083,4615484,1080944,4422713,172560,1007073,535015,3827191,9055063,1937455,2580923,2632059,658524,2072501,6215952,1493267,8541961,1461725,294041,724011,487450,3985259,,3633035,1770882,10073551,4053664,22501971,12914989,1523366,19216819,5608681,3407002,1109947,11831136,3966506,1069761,2735372,570648,6724918,3121777
2025-07-08,5045362,,1203561,4946965,2576810,1831049,1345105,2143877,3094716,503516,3899082,1255755,2170663,1971848,2858339,2121645,2447914,,350567,2998575,11810018,685536,6820529,1964452,10773421,4680625,1566862,3364595,12679914,262192,1686497,45310716,2491748,,1426083,4615484,1080944,4422713,172560,1007073,535015,3827191,9055063,1937455,2580923,2632059,658524,2072501,6215952,1493267,8541961,1461725,294041,724011,487450,3985259,,3633035,1770882,10073551,4053664,22501971,12914989,1523366,19216819,5608681,3407002,1109947,11831136,3966506,1069761,2735372,570648,6724918,3121777
2025-07-09,5017282,,1196865,4919533,2562446,1820897,1337653,2131997,3077544,500708,3877374,1248735,2158567,1960940,2842463,2109873,2434306,,348623,2981943,11744462,681756,6782621,1953544,10713589,4654597,1558114,3345911,12609498,260788,1677101,45058968,2477924,,1418199,4589888,1074896,4398197,171588,1001457,531991,3805915,9004735,1926655,2566559,2617479,654852,2060945,6181392,1484951,8494549,1453625,292421,720015,484750,3963119,,3612839,1761054,10017607,4031092,22377015,12843277,1514942,19110115,5577577,3388102,1103791,11765364,3944474,1063821,2720144,567516,6687550,3104389
2025-07-10,5044582,,1203375,4946203,2576411,1830767,1344898,2143547,3094239,503438,3898479,1255560,2170327,1971545,2857898,2121318,2447536,,350513,2998113,11808197,685431,6819476,1964149,10771759,4679902,1566619,3364076,12677958,262153,1686236,45303723,2491364,,1425864,4614773,1080776,4422032,172533,1006917,534931,3826600,9053665,1937155,2580524,2631654,658422,2072180,6214992,1493036,8540644,1461500,293996,723900,487375,3984644,,3632474,1770609,10071997,4053037,22498500,12912997,1523132,19213855,5607817,3406477,1109776,11829309,3965894,1069596,2734949,570561,6723880,3121294
2025-07-11,5053162,,1205421,4954585,2580800,1833869,1347175,2147177,3099486,504296,3905112,1257705,2174023,1974878,2862749,2124915,2451694,,351107,3003195,11828261,686586,6831059,1967482,10790041,4687855,1569292,3369785,12699474,262582,1689107,45380646,2495588,,1428273,4622594,1082624,4429556,172830,1008633,535855,3833101,9069043,1940455,2584913,2636109,659544,2075711,6225552,1495577,8555131,1463975,294491,725121,488200,3991409,,3638645,1773612,10089091,4059934,22536714,12934909,1525706,19246492,5617354,3412252,1111657,11849406,3972626,1071411,2739602,571518,6735298,3126607
2025-07-14,5047442,,1204057,4948997,2577874,1831801,1345657,2144757,3095988,503724,3900690,1256275,2171559,1972656,2859515,2122517,2448922,,350711,2999807,11814885,685816,6823337,1965260,10777853,4682553,1567510,3365979,12685130,262296,1687193,45329364,2492772,,1426667,4617380,1081392,4424540,172632,1007489,535239,3828767,9058791,1938255,2581987,2633139,658796,2073357,6218512,1493883,8545473,1462325,294161,724307,487650,3986899,,3634531,1771610,10077695,4055336,22511238,12920301,1523990,19224734,5610996,3408402,1110403,11836008,3968138,1070201,2736500,570880,6727686,3123065
2025-07-15,5047702,,1204119,4949251,2578007,1831895,1345726,2144867,3096147,503750,3900891,1256340,2171671,1972757,2859662,2122626,2449048,,350729,2999961,11815493,685851,6823688,1965361,10778407,4682794,1567591,3366152,12685782,262309,1687280,45331695,2492900,,1426740,4617617,1081448,4424768,172641,1007541,535267,3828964,9059257,1938355,2582120,2633274,658830,2073464,6218832,1493960,8545912,1462400,294176,724344,487675,3987104,,3634718,1771701,10078213,4055545,22512396,12920965,1524068,19225723,5611285,3408577,1110460,11836617,3968342,1070256,2736641,570909,6728032,3123226
2025-07-16,5037562,,1201701,4939345,2572820,1828229,1343035,2140577,3089946,502736,3893052,1253805,2167303,1968818,2853929,2118375,2444134,,350027,2993955,11791781,684486,6809999,1961422,10756801,4673395,1564432,3359405,12660354,261802,1683887,45240786,2487908,,1423893,4608374,1079264,4415876,172290,1005513,534175,3821281,9041083,1934455,2576933,2628009,657504,2069291,6206352,1490957,8528791,1459475,293591,722901,486700,3979109,,3627425,1768152,10058011,4047394,22467273,12895069,1521026,19187152,5600014,3401752,1108237,11812866,3960386,1068111,2731142,569778,6714538,3116947
2025-07-17,5092422,,1214783,4993150,2600883,1848063,1357594,2163787,3123495,508222,3935463,1267520,2190935,1990129,2884946,2141374,2470720,,353825,3026449,11920069,691871,6884060,1982733,10873695,4724246,1581523,3395908,12797926,264545,1702244,45732627,2514916,,1439296,4658381,1091080,4463984,174189,1016485,540083,3862848,9139409,1955555,2604996,2656494,664678,2091868,6273872,1507204,8621420,1475300,296756,730708,491975,4022364,,3666882,1787353,10167309,4091493,22711611,13035173,1537484,19395831,5660993,3438677,1120264,11941365,4003430,1079716,2760893,575897,6787544,3150918
2025-07-18,5088002,,1213729,4988815,2598622,1846465,1356421,2161917,3120792,507780,3932046,1266415,2189031,1988412,2882447,2139521,2468578,,353519,3023831,11909733,691276,6878093,1981016,10864277,4720149,1580146,3392967,12786842,264324,1700765,45693000,2512740,,1438055,4654352,1090128,4460108,174036,1015601,539607,3859499,9131487,1953855,2602735,2654199,664100,2090049,6268432,1505895,8613957,1474025,296501,730079,491550,4018879,,3663703,1785806,10158503,4087940,22691925,13023885,1536158,19379018,5656080,3435702,1119295,11931012,3999962,1078781,2758496,575404,6781662,3148181
2025-07-21,5078122,,1211373,4979163,2593568,1842893,1353799,2157737,3114750,506792,3924408,1263945,2184775,1984574,2876861,2135379,2463790,,352835,3017979,11886629,689946,6864755,1977178,10843225,4710991,1577068,3386393,12762066,263830,1697459,45604422,2507876,,1435281,4645346,1088000,4451444,173694,1013625,538543,3852013,9113779,1950055,2597681,2649069,662808,2085983,6256272,1502969,8597275,1471175,295931,728673,490600,4011089,,3656597,1782348,10138819,4079998,22647921,12998653,1533194,19341436,5645098,3429052,1117129,11907870,3992210,1076691,2753138,574302,6768514,3142063
2025-07-22,5092162,,1214721,4992879,2600750,1847969,1357525,2163677,3123336,508196,3935262,1267455,2190823,1990028,2884799,2141265,2470594,,353807,3026295,11919461,691836,6883709,1982632,10873141,4724005,1581442,3395735,12797274,264532,1702157,45730296,2514788,,1439223,4658144,1091024,4463756,174180,1016433,540055,3862651,9138943,1955455,2604863,2656359,664644,2091761,6273552,1507127,8620981,1475225,296741,730671,491950,4022159,,3666695,1787262,10166791,4091284,22710453,13034509,1537406,19394842,5660704,3438502,1120207,11940756,4003226,1079661,2760752,575868,6787198,3150757
2025-07-23,5075522,,1210683,4976633,2592433,1842063,1353244,2156787,3113245,506522,3922513,1263070,2183535,1983679,2875396,2134424,2462420,,352725,3016449,11880669,689721,6861110,1976283,10837795,4708496,1576073,3384658,12755626,263895,1696494,45581377,2506616,3854500,1434746,4643131,1087280,4449284,173539,1012985,538183,3849998,9109309,1949555,2596246,2647844,662378,2084718,6253072,1502154,8592970,1470550,295906,728358,490325,4009014,,3654732,1781403,10133709,4077843,22636411,12992073,1532484,19331681,5642343,3427427,1116514,11901815,3990230,1076166,2751643,574147,6765044,3140568
2025-07-24,5104676,,1217689,5005222,2607349,1852685,1361041,2169217,3131099,509460,3945000,1270302,2196078,1995092,2891894,2146741,2476545,,354759,3033738,11948921,693676,6900547,1987583,10900058,4735503,1585113,3404094,12828850,265364,1706212,45843198,2520967,3886748,1442995,4669799,1093495,4474822,174556,1018748,541234,3872146,9161628,1960742,2611162,2663099,666220,2096696,6289006,1510742,8642351,1479025,297601,732539,493150,4032066,,3675750,1791686,10191904,4101234,22766474,13066653,1541298,19442760,5674774,3447089,1122955,11970180,4013169,1082381,2767463,577424,6803916,3158648
2025-07-25,5132798,,1224447,5032799,2621737,1862931,1368562,2181207,3148321,512294,3966691,1277278,2208177,2006101,2907808,2158622,2490170,,356721,3050415,12014757,697491,6938588,1998483,10960117,4761554,1593833,3422842,12899482,266781,1715586,46095751,2534810,3908112,1450952,4695523,1099490,4499456,175537,1024307,544177,3893510,9212095,1971533,2625550,2677814,669926,2108250,6323668,1519026,8689984,1487200,299236,736572,495875,4054302,,3696024,1801605,10248039,4123797,22891933,13138593,1549800,19549907,5706057,3466055,1129168,12036125,4035296,1088376,2782723,580585,6841412,3176088
2025-07-28,5151116,,1228849,5050762,2631109,1869605,1373461,2189017,3159539,514140,3980820,1281822,2216058,2013272,2918174,2166361,2499045,,357999,3061278,12057641,699976,6963367,2005583,10999238,4778523,1599513,3435054,12945483,267704,1721692,46260258,2543827,3922028,1456135,4712279,1103395,4515502,176176,1027999,546094,3907426,9244968,1978562,2634922,2687399,672340,2115776,6346246,1524422,8721011,1492525,300301,739199,497650,4068786,,3709230,1808066,10284604,4138494,22973654,13185446,1555338,19619700,5726434,3478409,1133215,12079080,4049709,1092281,2792663,582644,6865836,3187448
2025-07-29,5162468,,1231577,5061894,2636917,1873741,1376497,2193857,3166491,515284,3989576,1284638,2220942,2017716,2924598,2171157,2504545,,358791,3068010,12084217,701516,6978723,2009983,11023482,4789039,1603033,3442622,12974039,268276,1725476,46362206,2549415,3930652,1459347,4722663,1105815,4525446,176572,1030287,547282,3916050,9265340,1982918,2640730,2693339,673836,2120440,6360238,1527766,8740239,1495825,300961,740827,498750,4077762,,3717414,1812070,10307264,4147602,23024298,13214530,1558770,19662952,5739062,3486065,1135723,12105700,4058641,1094701,2798823,583920,6880972,3194488
2025-07-30,5201684,,1241001,5100350,2656981,1888029,1386985,2210577,3190507,519236,4019824,1294366,2237814,2033068,2946790,2187725,2523545,,361527,3091266,12176025,706836,7031771,2025183,11107234,4825367,1615193,3468766,13072687,270252,1738548,46714390,2568719,3960444,1470443,4758535,1114175,4559798,177940,1038191,551386,3945842,9335716,1997966,2660794,2713859,679004,2136552,6408574,1539318,8806663,1507225,303241,746451,502550,4108770,,3745686,1825902,10385544,4179066,23199250,13315002,1570626,19812368,5782686,3512513,1144387,12197660,4089497,1103061,2820103,588328,6933260,3218808
2025-07-31,5202200,,1241125,5100856,2657245,1888217,1387123,2210797,3190823,519288,4020222,1294494,2238036,2033270,2947082,2187943,2523795,,361563,3091572,12177233,706906,7032469,2025383,11108336,4825845,1615353,3469110,13073985,270278,1738720,46719024,2568973,3960836,1470589,4759007,1114285,4560250,177958,1038295,551440,3946234,9336642,1998164,2661058,2714129,679072,2136764,6409210,1539470,8807537,1507375,303271,746525,502600,4109178,,3746058,1826084,10386574,4179480,23201552,13316324,1570782,19814334,5783260,3512861,1144501,12198870,4089903,1103171,2820383,588386,6933948,3219128
2025-08-01,5163500,,1231825,5062906,2637445,1874117,1376773,2194297,3167123,515388,3990372,1284894,2221386,2018120,2925182,2171593,2505045,,358863,3068622,12086633,701656,6980119,2010383,11025686,4789995,1603353,3443310,12976635,268328,1725820,46371324,2549923,3931286,1459639,4723607,1106035,4526350,176608,1030495,547390,3916834,9267192,1983314,2641258,2693879,673972,2120864,6361510,1528070,8741987,1496125,301021,740975,498850,4078578,,3718158,1812434,10309324,4148430,23028902,13217174,1559082,19666884,5740210,3486761,1135951,12108120,4059453,1094921,2799383,584036,6882348,3195128
2025-08-04,5141312,,1226493,5041148,2626093,1866033,1370839,2184837,3153535,513152,3973258,1279390,2211840,2009434,2912626,2162219,2494295,,357315,3055464,12034689,698646,6950105,2001783,10978300,4769441,1596473,3428518,12920821,267210,1718424,46171976,2539001,3914344,1453361,4703311,1101305,4506914,175834,1026023,545068,3899978,9227374,1974800,2629906,2682269,671048,2111748,6334162,1521534,8704405,1489675,299731,737793,496700,4061034,,3702162,1804608,10265034,4130628,22929916,13160328,1552374,19582346,5715528,3471797,1131049,12056090,4041995,1090191,2787343,581542,6852764,3181368
2025-08-05,5134088,,1224757,5034064,2622397,1863401,1368907,2181757,3149111,512424,3967658,1277598,2208732,2006606,2908538,2159167,2490795,,356811,3051180,12017777,697666,6940333,1998955,10962872,4762721,1594233,3423702,12902649,266846,1716016,46107044,2535417,3908828,1451317,4696703,1099765,4500586,175582,1024567,544312,3894490,9214410,1972028,2626210,2678489,670096,2108780,6325258,1519406,8692169,1487575,299311,736757,496000,4055322,,3696954,1802060,10250614,4124832,22897688,13141820,1550190,19554822,5707492,3466925,1129453,12039150,4036311,1088651,2783423,580730,6843132,3176888
2025-08-06,5138990,,1225935,5038871,2624905,1865187,1370218,2183847,3152113,512918,3971458,1278814,2210841,2008525,2911312,2161238,2493170,,357153,3054087,12029253,698331,6946964,2000874,10973341,4767281,1595753,3426970,12914980,267093,1717650,46151105,2537849,3912571,1452704,4701187,1100810,4504880,175753,1025555,544825,3898214,9223207,1973909,2628718,2681054,670742,2110794,6331300,1520850,8700472,1489000,299596,737460,496475,4059198,,3700488,1803789,10260399,4128765,22919557,13154379,1551672,19573499,5712945,3470231,1130536,12050645,4040168,1089696,2786083,581281,6849668,3179928
2025-08-07,5144666,,1227299,5044437,2627809,1867255,1371736,2186267,3155589,513490,3975858,1280222,2213283,2010747,2914524,2163636,2495920,,357549,3057453,12042541,699101,6954642,2003096,10985463,4772561,1597513,3430754,12929258,267379,1719542,46202123,2540665,3916905,1454310,4706379,1102020,4509852,175951,1026699,545419,3902526,9233393,1976087,2631622,2684024,671490,2113126,6338296,1522522,8710086,1490650,299926,738274,497025,4063686,,3704580,1805791,10271729,4133319,22944879,13168921,1553388,19595125,5719259,3474059,1131790,12063955,4044634,1090906,2789163,581919,6857236,3183448
2025-08-08,5118866,,1221099,5019137,2614609,1857855,1364836,2175267,3139789,510890,3955858,1273822,2202183,2000647,2899924,2152736,2483420,,355749,3042153,11982141,695601,6919742,1992996,10930363,4748561,1589513,3413554,12864358,266079,1710942,45970223,2527865,3897205,1447010,4682779,1096520,4487252,175051,1021499,542719,3882926,9187093,1966187,2618422,2670524,668090,2102526,6306496,1514922,8666386,1483150,298426,734574,494525,4043286,,3685980,1796691,10220229,4112619,22829779,13102821,1545588,19496825,5690559,3456659,1126090,12003455,4024334,1085406,2775163,579019,6822836,3167448
2025-08-11,5125316,,1222649,5025462,2617909,1860205,1366561,2178017,3143739,511540,3960858,1275422,2204958,2003172,2903574,2155461,2486545,,356199,3045978,11997266,696476,6928467,1995521,10944138,4754561,1591513,3417854,12880583,266404,1713092,46028198,2531065,3902130,1448835,4688679,1097895,4492902,175276,1022799,543394,3887826,9198693,1968662,2621722,2673899,668940,2105176,6314446,1516822,8677311,1485025,298801,735499,495150,4048386,,3690630,1798966,10233129,4117819,22858579,13119346,1547538,19521425,5697734,3461009,1127515,12018605,4029409,1086781,2778663,579744,6831436,3171448
2025-08-12,5125316,,1222649,5025462,2617909,1860205,1366561,2178017,3143739,511540,3960858,1275422,2204958,2003172,2903574,2155461,2486545,,356199,3045978,11997266,696476,6928467,1995521,10944138,4754561,1591513,3417854,12880583,266404,1713092,46028198,2531065,3902130,1448835,4688679,1097895,4492902,175276,1022799,543394,3887826,9198693,1968662,2621722,2673899,668940,2105176,6314446,1516822,8677311,1485025,298801,735499,495150,4048386,,3690630,1798966,10233129,4117819,22858579,13119346,1547538,19521425,5697734,3461009,1127515,12018605,4029409,1086781,2778663,579744,6831436,3171448
2025-08-13,5174336,,1234429,5073532,2642989,1878065,1379671,2198917,3173759,516480,3998858,1287582,2226048,2022362,2931314,2176171,2510295,,359619,3075238,12112216,703126,6994777,2014711,11049018,4800161,1606713,3450534,13003893,268874,1729432,46468998,2555385,3939560,1462705,4733519,1108345,4535842,176986,1032679,548524,3925066,9286853,1987472,2646802,2699549,675400,2125316,6374866,1531262,8760341,1499275,301651,742529,499900,4087146,,3725970,1816256,10331169,4157339,23077459,13244936,1562358,19708385,5752264,3494069,1138345,12133745,4067979,1097231,2805263,585254,6896796,3201848
2025-08-14,5145440,,1227485,5045196,2628205,1867537,1371943,2186597,3156063,513568,3976458,1280414,2213616,2011050,2914962,2163963,2496295,,357603,3057990,12044456,699206,6955689,2003399,10987194,4773281,1597753,3431270,12931205,267418,1719800,46209158,2541049,3917496,1454529,4707087,1102185,4510530,175978,1026855,545500,3903114,9234885,1976384,2632018,2684429,671592,2113444,6339250,1522750,8711397,1490875,299971,738385,497100,4064298,,3705138,1806064,10273377,4134043,22948435,13170904,1553622,19598177,5720120,3474581,1131961,12065873,4045243,1091071,2789583,582006,6858268,3183928
2025-08-15,5146274,,1227611,5046065,2628541,1867799,1372080,2186827,3156697,513566,3977158,1280686,2214019,2011423,2915520,2164220,2496820,,357617,3058532,12046321,699361,6956866,2003772,10988890,4774201,1597993,3431926,12933582,267667,1720078,46217118,2541593,3918477,1454758,4707915,1102400,4511328,175935,1027151,545671,3903622,9236357,1976811,2632454,2684784,671574,2113782,6340264,1523098,8712898,1491050,299966,738586,497225,4064890,,3705716,1806307,10275045,4134727,22952131,13173357,1553916,19601209,5721071,3475283,1132122,12067711,4045862,1091186,2790003,582223,6859380,3184308
2025-08-18,5107574,,1218311,5008115,2608741,1853699,1361730,2170327,3132997,509666,3947158,1271086,2197369,1996273,2893620,2147870,2478070,,354917,3035432,11955571,694111,6904516,1988622,10906090,4738201,1585993,3406126,12836232,265717,1707178,45869118,2522393,3888927,1443808,4672515,1094150,4477428,174585,1019351,541621,3874222,9166757,1961961,2612654,2664534,666474,2097882,6292564,1511698,8647348,1479800,297716,733036,493475,4034290,,3677816,1792657,10197645,4103527,22779331,13074207,1542216,19453609,5678021,3449183,1123572,11976811,4015412,1082936,2769003,577873,6807780,3160308
2025-08-19,5065004,,1208081,4966370,2586961,1838189,1350345,2152177,3106927,505376,3914158,1260526,2179054,1979608,2869530,2129885,2457445,,351947,3010022,11855746,688336,6846931,1971957,10815010,4698601,1572793,3377746,12729147,263572,1692988,45486318,2501273,3856422,1431763,4633575,1085075,4440138,173100,1010771,537166,3841882,9090197,1945626,2590874,2642259,660864,2080392,6240094,1499158,8575243,1467425,295241,726931,489350,4000630,,3647126,1777642,10112505,4069207,22589251,12965142,1529346,19291249,5630666,3420473,1114167,11876821,3981917,1073861,2745903,573088,6751020,3133908
2025-08-20,5043848,,1202997,4945624,2576137,1830481,1344687,2143157,3093971,503244,3897758,1255278,2169952,1971326,2857558,2120947,2447195,,350471,2997394,11806136,685466,6818313,1963675,10769746,4678921,1566233,3363642,12675929,262506,1685936,45296078,2490777,3840268,1425777,4614223,1080565,4421606,172362,1006507,534952,3825810,9052149,1937508,2580050,2631189,658076,2071700,6214018,1492926,8539409,1461275,294011,723897,487300,3983902,,3631874,1770180,10070193,4052151,22494787,12910940,1522950,19210561,5607132,3406205,1109493,11827129,3965271,1069351,2734423,570710,6722812,3120788
2025-08-21,5086160,,1213165,4987116,2597785,1845897,1356003,2161197,3119883,507508,3930558,1265774,2188156,1987890,2881502,2138823,2467695,,353423,3022650,11905356,691206,6875549,1980239,10860274,4718281,1579353,3391850,12782365,264638,1700040,45676558,2511769,3872576,1437749,4652927,1089585,4458670,173838,1015035,539380,3857954,9128245,1953744,2601698,2653329,663652,2089084,6266170,1505390,8611077,1473575,296471,729965,491400,4017358,,3662378,1785104,10154817,4086263,22683715,13019344,1535742,19371937,5654200,3434741,1118841,11926513,3998563,1078371,2757383,575466,6779228,3147028
2025-08-22,5136212,,1225193,5036198,2623393,1864133,1369389,2182537,3150535,512552,3969358,1278190,2209690,2007484,2909826,2159969,2491945,,356915,3052526,12022726,697996,6943255,1999833,10967362,4764841,1594873,3425218,12908271,267160,1716724,46126638,2536601,3910794,1451911,4698711,1100255,4502514,175584,1025123,544618,3895978,9218261,1972950,2627306,2679519,670248,2109648,6327862,1520134,8695855,1488125,299381,737143,496250,4056934,,3698462,1802758,10254921,4126615,22907203,13147578,1550874,19562833,5709878,3468497,1129899,12044077,4037945,1089041,2784543,581092,6845964,3178068
2025-08-25,5119700,,1221225,5020006,2614945,1858117,1364973,2175497,3140423,510888,3956558,1274094,2202586,2001020,2900482,2152993,2483945,,355763,3042670,11984006,695756,6920919,1993369,10932034,4749481,1589753,3414210,12866735,266328,1711220,45978158,2528409,3898186,1447239,4683607,1096735,4488050,175008,1021795,542890,3883434,9188565,1966614,2618858,2670879,668072,2102864,6307510,1515270,8667887,1483325,298421,734775,494650,4043878,,3686558,1796934,10221897,4113303,22833475,13105274,1545882,19499857,5691510,3457361,1126251,12005293,4024953,1085521,2775583,579236,6823948,3167828
2025-08-26,5119700,,1221225,5020006,2614945,1858117,1364973,2175497,3140423,510888,3956558,1274094,2202586,2001020,2900482,2152993,2483945,,355763,3042670,11984006,695756,6920919,1993369,10932034,4749481,1589753,3414210,12866735,266328,1711220,45978158,2528409,3898186,1447239,4683607,1096735,4488050,175008,1021795,542890,3883434,9188565,1966614,2618858,2670879,668072,2102864,6307510,1515270,8667887,1483325,298421,734775,494650,4043878,,3686558,1796934,10221897,4113303,22833475,13105274,1545882,19499857,5691510,3457361,1126251,12005293,4024953,1085521,2775583,579236,6823948,3167828
2025-08-27,5138792,,1225813,5038728,2624713,1865073,1370079,2183637,3152115,512812,3971358,1278830,2210800,2008494,2911286,2161059,2493195,,357095,3054066,12028776,698346,6946745,2000843,10972882,4767241,1595673,3426938,12914761,267290,1717584,46149838,2537881,3912764,1452641,4701071,1100805,4504774,175674,1025643,544888,3897938,9222901,1973940,2628626,2680869,670588,2110708,6331042,1520894,8700225,1488875,299531,737513,496500,4058974,,3700322,1803668,10260081,4128695,22918723,13154188,1551654,19572673,5712748,3470237,1130469,12050137,4039975,1089591,2785943,581382,6849404,3179668
2025-08-28,5212081,,1243210,5110557,2662050,1891634,1389767,2214830,3197031,520264,4028131,1297058,2242372,2037246,2952878,2191900,2528795,,362231,3097847,12200782,708266,7045866,2029468,11129832,4835394,1618433,3475882,13099155,270966,1742056,46809062,2574210,3968781,1473437,4768243,1116465,4569126,178242,1040220,552592,3953603,9354675,2002088,2666190,2719162,680356,2140920,6421351,1542446,8824422,1510275,303811,748037,503600,4116855,3093358,3753067,1829373,10406659,4187784,23246019,13342006,1573910,19852360,5794245,3519785,1146733,12222395,4097604,1105351,2825823,589590,6947165,3225061
2025-08-29,5212081,,1243210,5110557,2662050,1891634,1389767,2214830,3197031,520264,4028131,1297058,2242372,2037246,2952878,2191900,2528795,,362231,3097847,12200782,708266,7045866,2029468,11129832,4835394,1618433,3475882,13099155,270966,1742056,46809062,2574210,3968781,1473437,4768243,1116465,4569126,178242,1040220,552592,3953603,9354675,2002088,2666190,2719162,680356,2140920,6421351,1542446,8824422,1510275,303811,748037,503600,4116855,3093358,3753067,1829373,10406659,4187784,23246019,13342006,1573910,19852360,5794245,3519785,1146733,12222395,4097604,1105351,2825823,589590,6947165,3225061
2025-09-02,5201544,,1240709,5100225,2656702,1887821,1386938,2210361,3190553,519198,4019972,1294434,2237821,2033105,2946892,2187472,2523670,,361493,3091574,12176059,706831,7031598,2025368,11107282,4825595,1615153,3468830,13072628,270433,1738530,46714270,2569003,3960745,1470444,4758567,1114210,4559860,177873,1038129,551485,3945608,9335733,1998029,2660778,2713668,678962,2136574,6408354,1539330,8806546,1507200,303196,746520,502575,4108532,3087044,3745482,1825683,10385585,4179297,23198951,13314987,1570712,19812139,5782519,3512651,1144396,12197631,4089322,1103096,2820083,588401,6933102,3218565
2025-09-03,5218056,,1244613,5116417,2665150,1893773,1391354,2217337,3200665,520862,4032708,1298530,2244925,2039569,2956236,2194384,2531670,,362645,3101366,12214651,709071,7053870,2031768,11142482,4840891,1620273,3479838,13114036,271265,1744034,46862302,2577131,3973289,1475116,4773671,1117730,4574324,178449,1041393,553213,3958088,9365301,2004365,2669226,2722244,681138,2143358,6428642,1544194,8834450,1512000,304156,748888,504175,4121524,3096900,3757322,1831443,10418481,4192545,23272487,13357163,1575704,19874923,5800823,3523787,1148044,12236287,4102250,1106616,2829043,590257,6955054,3228805
2025-09-04,5253918,,1253092,5151584,2683498,1906700,1400945,2232488,3222627,524476,4060369,1307426,2260354,2053608,2976530,2209396,2549045,,365147,3122633,12298468,713936,7102242,2045668,11218932,4874112,1631393,3503746,13203969,273072,1755988,47183809,2594784,4000533,1485263,4806475,1125375,4605738,179700,1048482,556966,3985193,9429519,2018126,2687574,2740870,685864,2158092,6472705,1554758,8895054,1522425,306241,754031,507650,4149741,3118306,3783037,1843953,10489927,4221318,23432198,13448764,1586546,20011282,5840577,3547973,1155967,12320243,4130328,1114261,2848503,594288,7002731,3251045
2025-09-05,5201544,,1240709,5100225,2656702,1887821,1386938,2210361,3190553,519198,4019972,1294434,2237821,2033105,2946892,2187472,2523670,,361493,3091574,12176059,706831,7031598,2025368,11107282,4825595,1615153,3468830,13072628,270433,1738530,46714270,2569003,3960745,1470444,4758567,1114210,4559860,177873,1038129,551485,3945608,9335733,1998029,2660778,2713668,678962,2136574,6408354,1539330,8806546,1507200,303196,746520,502575,4108532,3087044,3745482,1825683,10385585,4179297,23198951,13314987,1570712,19812139,5782519,3512651,1144396,12197631,4089322,1103096,2820083,588401,6933102,3218565
2025-09-08,5153040,,1229241,5052661,2631886,1870149,1373966,2189869,3160849,514310,3982560,1282402,2216953,2014117,2919444,2167168,2500170,,358109,3062810,12062695,700251,6966174,2006568,11003882,4780663,1600113,3436494,12950992,267989,1722362,46279238,2545127,3923897,1456720,4714199,1103870,4517372,176181,1028541,546409,3908948,9248877,1979417,2635962,2688476,672570,2116646,6348758,1525042,8724578,1493100,300376,739564,497875,4070368,3058092,3710514,1808763,10288953,4140381,22982939,13191095,1556048,19627711,5728751,3479939,1133680,12084079,4051158,1092756,2793763,582949,6868618,3188485
2025-09-09,5153040,,1229241,5052661,2631886,1870149,1373966,2189869,3160849,514310,3982560,1282402,2216953,2014117,2919444,2167168,2500170,,358109,3062810,12062695,700251,6966174,2006568,11003882,4780663,1600113,3436494,12950992,267989,1722362,46279238,2545127,3923897,1456720,4714199,1103870,4517372,176181,1028541,546409,3908948,9248877,1979417,2635962,2688476,672570,2116646,6348758,1525042,8724578,1493100,300376,739564,497875,4070368,3058092,3710514,1808763,10288953,4140381,22982939,13191095,1556048,19627711,5728751,3479939,1133680,12084079,4051158,1092756,2793763,582949,6868618,3188485
2025-09-10,5160264,,1230949,5059745,2635582,1872781,1375898,2192921,3165273,515038,3988132,1284194,2220061,2016945,2923532,2170192,2503670,,358613,3067094,12079579,701231,6975918,2009368,11019282,4787355,1602353,3441310,12969108,268353,1724770,46344030,2548683,3929385,1458764,4720807,1105410,4523700,176433,1029969,547165,3914408,9261813,1982189,2639658,2692228,673522,2119614,6357634,1527170,8736786,1495200,300796,740600,498575,4076052,3062404,3715722,1811283,10303345,4146177,23015111,13209547,1558232,19655179,5736759,3484811,1135276,12100991,4056842,1094296,2797683,583761,6878222,3192965
2025-09-11,5229924,,1247419,5128055,2671222,1898161,1394528,2222351,3207933,522058,4041862,1301474,2250031,2044215,2962952,2199352,2537420,,363473,3108404,12242389,710681,7069878,2036368,11167782,4851885,1623953,3487750,13144068,271863,1747990,46968810,2582973,3982305,1478474,4784527,1120260,4584720,178863,1043739,554455,3967058,9386553,2008919,2675298,2728408,682702,2148234,6443224,1547690,8854506,1515450,304846,750590,505325,4131132,3103984,3765942,1835583,10442125,4202067,23325341,13387747,1579292,19920049,5813979,3531791,1150666,12264071,4111652,1109146,2835483,591591,6970832,3236165
2025-09-12,5259078,,1254312,5156644,2686138,1908783,1402325,2234668,3225787,524996,4064349,1308706,2262574,2055628,2979450,2211556,2551545,,365507,3125693,12310528,714636,7109202,2047668,11229932,4878892,1632993,3507186,13217292,273332,1757708,47230292,2597324,4004453,1486723,4811195,1126475,4610258,179880,1049502,557506,3989093,9438759,2020106,2690214,2743550,686544,2160212,6479045,1556278,8903774,1523925,306541,754771,508150,4154184,3121386,3786960,1845753,10500207,4225458,23455178,13462327,1588106,20030902,5846297,3551453,1157107,12332323,4134591,1115361,2851303,594868,7009591,3254245
2025-09-15,5249532,,1252055,5147283,2681254,1905305,1399772,2230635,3219941,524034,4056986,1306338,2258467,2051891,2974048,2207560,2546920,,364841,3120032,12288217,713341,7096326,2043968,11209582,4870049,1630033,3500822,13193316,272851,1754526,47144674,2592625,3997201,1484022,4802463,1124440,4601896,179547,1047615,556507,3981878,9421665,2016443,2685330,2738592,685286,2156290,6467316,1553466,8887642,1521150,305986,753402,507225,4146636,3115688,3780078,1842423,10481189,4217799,23412665,13437907,1585220,19994605,5835715,3545015,1154998,12309975,4127080,1113326,2846123,593795,6996900,3248325
2025-09-16,5227344,,1246809,5125525,2669902,1897221,1393838,2221175,3206353,521798,4039872,1300834,2248921,2043205,2961492,2198272,2536170,,363293,3106874,12236359,710331,7066398,2035368,11162282,4849495,1623153,3486030,13137588,271733,1747130,46945670,2581703,3980345,1477744,4782167,1119710,4582460,178773,1043229,554185,3965108,9381933,2007929,2673978,2727068,682362,2147174,6440054,1546930,8850146,1514700,304696,750220,505075,4129092,3102444,3764082,1834683,10436985,4199997,23313851,13381147,1578512,19910239,5811119,3530051,1150096,12258031,4109622,1108596,2834083,591301,6967402,3234565
2025-09-17,5278170,,1258826,5175366,2695906,1915739,1407431,2242845,3237479,526920,4079075,1313442,2270788,2063102,2990254,2219548,2560795,,366839,3137015,12355150,717226,7134954,2055068,11270632,4896578,1638913,3519914,13265244,274294,1764072,47401528,2606722,4018957,1492125,4828659,1130545,4626982,180546,1053276,559504,4003523,9473144,2027432,2699982,2753466,689060,2168056,6502503,1561902,8936038,1529475,307651,757509,510000,4169280,3132782,3800724,1852413,10538440,4240776,23540204,13511167,1593878,20103693,5867461,3564329,1161325,12377019,4149613,1119431,2861663,597014,7034973,3266085
2025-09-18,5291328,,1261937,5188269,2702638,1920533,1410950,2248455,3245537,528246,4089224,1316706,2276449,2068253,2997700,2225056,2567170,,367757,3144818,12385903,719011,7152702,2060168,11298682,4908767,1642993,3528686,13298292,274957,1768458,47519542,2613199,4028953,1495848,4840695,1133350,4638508,181005,1055877,560881,4013468,9496757,2032481,2706714,2760300,690794,2173462,6518670,1565778,8958274,1533300,308416,759396,511275,4179684,3140636,3810210,1857003,10564705,4251333,23598803,13544827,1597856,20153775,5882047,3573203,1164232,12407823,4159966,1122236,2868803,598493,7052466,3274245
2025-09-19,5146546,,1187397,4924106,2588768,1839965,1335207,2138952,3113913,508721,3900769,1239108,2182188,1980982,3164889,2113682,2457903,5403941,352135,3011739,11913990,681225,6507848,1963426,10865577,4790107,1571802,3361114,12803574,264080,1693893,47580606,2516345,3837485,1415389,4621267,1091755,4465112,177344,1005727,540198,3789858,9003378,2045594,2595344,2597930,658237,2092117,6230522,1505803,8470849,1579209,292681,730023,492850,3868158,3108712,3647303,1789893,10235228,4093188,22367494,12853851,1534023,19199777,5763766,3432715,1090937,11860997,3996966,1077270,2749601,565781,6670880,3212976
2025-09-22,5123544,,1182323,4902150,2577374,1831653,1329245,2129750,3100583,506171,3882999,1233476,2172214,1971968,3150901,2104166,2446725,5379821,350587,2998339,11860620,678101,6478698,1954498,10817179,4768653,1564994,3345866,12746420,262862,1686583,47367370,2505009,3820073,1409283,4600801,1087025,4445234,176570,1001027,537776,3773004,8962878,2036822,2583664,2586150,655299,2082873,6202476,1498853,8433171,1572015,291391,726927,490700,3850960,3094982,3631151,1782039,10189482,4074844,22267332,12796239,1527401,19113703,5737998,3417309,1086293,11807685,3978966,1072426,2737419,563073,6640942,3198616
2025-09-23,5089363,,1174476,4869432,2560217,1819417,1320334,2115519,3079968,502846,3857064,1225230,2157717,1958801,3129887,2090068,2430366,5343911,348193,2978389,11781485,673579,6435473,1941464,10744960,4736866,1554620,3323522,12661433,261133,1675278,47051362,2488251,3794537,1399840,4570078,1079710,4415575,175373,994377,534185,3747867,8903028,2023256,2566374,2568860,650910,2069041,6161113,1488878,8376912,1561508,289396,722139,487375,3825291,3074367,3606945,1770202,10121519,4047712,22118771,12710853,1517160,18986156,5699694,3394566,1079111,11728949,3952366,1065244,2719198,559349,6596653,3177336
2025-09-24,5083709,,1173178,4864020,2557379,1817393,1318860,2113165,3076558,502296,3852774,1223866,2155319,1956623,3126411,2087736,2427660,5337971,347797,2975089,11768395,672831,6428323,1939308,10733014,4731608,1552904,3319826,12647375,260847,1673408,46999090,2485479,3790313,1398278,4564996,1078500,4410669,175175,993277,533591,3743709,8893128,2021012,2563514,2566000,650184,2066753,6154271,1487228,8367606,1559770,289066,721347,486825,3821045,3070957,3602941,1768244,10110277,4043224,22094197,12696729,1515466,18965058,5693358,3390804,1077923,11715925,3947966,1064056,2716184,558733,6589327,3173816
2025-09-25,5072915,,1170700,4853688,2551961,1813529,1316046,2108671,3070048,501246,3844584,1221262,2150741,1952465,3119775,2083284,2422494,5326631,347041,2968789,11743405,671403,6414673,1935192,10710208,4721570,1549628,3312770,12620537,260301,1669838,46899298,2480187,3782249,1395296,4555294,1076190,4401303,174797,991177,532457,3735771,8874228,2016728,2558054,2560540,648798,2062385,6141209,1484078,8349840,1556452,288436,719835,485775,3812939,3064447,3595297,1764506,10088815,4034656,22047283,12669765,1512232,18924780,5681262,3383622,1075655,11691061,3939566,1061788,2710430,557557,6575341,3167096
2025-09-26,5036678,,1162381,4819002,2533772,1800557,1306599,2093584,3048193,497721,3817089,1212520,2135372,1938506,3097497,2068338,2405151,5288561,344503,2947639,11659510,666609,6368848,1921374,10633645,4687871,1538630,3289082,12530438,258468,1657853,46564282,2462421,3755177,1385285,4522723,1068435,4369860,173528,984127,528650,3709122,8810778,2002346,2539724,2542210,644145,2047721,6097358,1473503,8290197,1545313,286321,714759,482250,3785726,3042592,3569635,1751957,10016764,4005892,21889786,12579243,1501375,18789561,5640654,3359511,1068041,11607589,3911366,1054174,2691113,553609,6528388,3144536
2025-09-29,5147702,,1187869,4925274,2589500,1840301,1335543,2139808,3115153,508521,3901329,1239304,2182460,1981274,3165753,2114130,2458287,5405201,352279,3012439,11916550,681297,6509248,1963710,10868221,4791119,1572326,3361658,12806486,264084,1694573,47590714,2516853,3838121,1415957,4622515,1092195,4466196,177416,1005727,540314,3790770,9005178,2046410,2595884,2598370,658401,2092649,6231710,1505903,8472933,1579441,292801,730311,493050,3869102,3109552,3648259,1790405,10237516,4094020,22372330,12856587,1534639,19203849,5765070,3433383,1091369,11863333,3997766,1077502,2750297,565705,6672244,3213656
2025-09-30,5159524,,1190583,4936590,2595434,1844533,1338625,2144730,3122283,509671,3910299,1242156,2187474,1985828,3173021,2119006,2463945,5417621,353107,3019339,11943920,682861,6524198,1968218,10893199,4802113,1575914,3369386,12835880,264682,1698483,47700010,2522649,3846953,1419223,4633141,1094725,4476454,177830,1008027,541556,3799464,9025878,2051102,2601864,2604350,659919,2097433,6246016,1509353,8492391,1583075,293491,731967,494200,3877980,3116682,3656631,1794499,10261022,4103404,22423712,12886119,1538181,19247963,5778318,3441249,1093853,11890565,4006966,1079986,2756599,566993,6687562,3221016
2025-10-01,5140622,,1186709,4918634,2585940,1837821,1333963,2135528,3108867,508221,3896329,1237824,2179400,1978914,3161833,2111090,2455267,5397801,352059,3009139,11899950,680437,6502748,1961290,10853601,4784659,1570220,3357238,12788226,263564,1692473,47523074,2513313,3833341,1414317,4617075,1090795,4459976,177056,1004427,539634,3785510,8993378,2043930,2592684,2595370,657481,2090389,6224870,1503903,8461013,1577281,292601,729671,492650,3864182,3105852,3643779,1788045,10225876,4088360,22340750,12838507,1532759,19176289,5756850,3428743,1090109,11846453,3992266,1076042,2746617,565285,6663424,3209456
2025-10-02,5140108,,1186591,4918142,2585682,1837637,1333829,2135314,3108555,508171,3895939,1237700,2179182,1978716,3161517,2110878,2455021,5397261,352023,3008839,11898760,680369,6502098,1961094,10852515,4784181,1570062,3356902,12786948,263538,1692303,47518322,2513061,3832957,1414175,4616613,1090685,4459530,177038,1004327,539580,3785132,8992478,2043726,2592424,2595110,657415,2090181,6224248,1503753,8460167,1577123,292571,729599,492600,3863796,3105542,3643415,1787867,10224854,4087952,22338516,12837223,1532605,19174371,5756274,3428401,1090001,11845269,3991866,1075934,2746343,565229,6662758,3209136
2025-10-03,5156299,,1190308,4933640,2593809,1843433,1338050,2142055,3118383,509746,3908224,1241606,2186049,1984953,3171471,2117556,2462770,5414271,353157,3018289,11936245,682511,6522573,1967268,10886724,4799238,1575039,3367486,12827205,264357,1697658,47668010,2520999,3845053,1418648,4631166,1094150,4473579,177605,1007477,541281,3797039,9020828,2050152,2600614,2603300,659494,2096733,6243841,1508478,8486816,1582100,293516,731867,494175,3875955,3115307,3654881,1793474,10257047,4100804,22408887,12877669,1537456,19234788,5774418,3439174,1093403,11882565,4004466,1079336,2754974,566993,6683737,3219216
2025-10-06,5143706,,1187417,4921586,2587488,1838925,1334767,2136812,3110739,508521,3898669,1238568,2180708,1980102,3163729,2112362,2456743,5401041,352275,3010939,11907090,680845,6506648,1962466,10860117,4787527,1571168,3359254,12795894,263720,1693493,47551586,2514825,3835645,1415169,4619847,1091455,4462652,177164,1005027,539958,3787778,8998778,2045154,2594244,2596930,657877,2091637,6228602,1504803,8466089,1578229,292781,730103,492950,3866498,3107712,3645963,1789113,10232008,4090808,22354154,12846211,1533683,19187797,5760306,3430795,1090757,11853557,3994666,1076690,2748261,565621,6667420,3211376
2025-10-07,5116464,,1181163,4895510,2573814,1829173,1327665,2125470,3094203,505871,3877999,1231996,2169154,1969608,3146981,2101126,2443705,5372421,350367,2994933,11844020,677241,6472198,1952078,10802559,4762193,1562794,3341446,12728054,262342,1684483,47299518,2501469,3815293,1407643,4595361,1085625,4439014,176210,999727,537096,3767744,8951078,2034342,2580464,2583150,654379,2080507,6195636,1496853,8421251,1569855,291191,726287,490300,3846040,3091282,3626671,1779679,10177842,4069078,22235646,12778159,1525521,19086143,5729778,3412563,1084927,11790699,3973466,1070966,2733739,562653,6632122,3194310
2025-10-08,5139851,,1186532,4917896,2585553,1837545,1333762,2135207,3108399,508146,3895744,1237638,2179073,1978617,3161359,2110772,2454898,5396991,352005,3008674,11898165,680335,6501773,1960996,10851972,4783942,1569983,3356734,12786294,263525,1692218,47515916,2512935,3832765,1414104,4616382,1090630,4459307,177029,1004277,539553,3784943,8992028,2043624,2592294,2594980,657382,2090062,6223937,1503678,8459744,1577044,292556,729563,492575,3863603,3105387,3643233,1787778,10224343,4087733,22337384,12836581,1532528,19173412,5755986,3428215,1089932,11844662,3991666,1075880,2746206,565201,6662425,3208961
2025-10-09,5121347,,1182284,4900184,2576265,1830921,1328938,2127503,3097167,506346,3881704,1233174,2171225,1971489,3149983,2103140,2446042,5377551,350709,2997802,11855325,677887,6478373,1953940,10812876,4766734,1564295,3344638,12740214,262589,1686098,47344700,2503863,3818941,1408992,4599750,1086670,4443251,176381,1000677,537609,3771335,8959628,2036280,2582934,2585620,655006,2082502,6201545,1498278,8429288,1571356,291476,726971,490775,3849707,3094227,3630129,1781370,10187551,4072973,22256888,12790357,1526984,19104364,5735250,3415831,1085972,11801966,3977266,1071992,2736342,563185,6638449,3197369
2025-10-10,5082797,,1173434,4863284,2556915,1817121,1318888,2111453,3073767,502596,3852454,1223874,2154875,1956639,3126283,2087240,2427592,5337051,348009,2975152,11766075,672787,6429623,1939240,10731426,4730884,1552445,3319438,12644214,260639,1673348,46988000,2484963,3790141,1398342,4565100,1078420,4409801,175031,993177,533559,3742985,8892128,2020980,2563434,2566120,650056,2066752,6154895,1487028,8365838,1559506,289226,721571,487025,3820757,3070977,3602829,1768020,10110751,4042223,22089188,12694057,1515434,18960364,5692050,3390031,1077722,11713016,3947266,1063892,2715792,558985,6588499,3173219
2025-10-13,5165037,,1192314,4942004,2598195,1846561,1340328,2145693,3123687,510596,3914854,1243714,2189755,1988319,3176843,2121160,2466952,5423451,353769,3023472,11956475,683667,6533623,1970600,10905186,4807364,1577725,3373198,12849014,264799,1700548,47748960,2525283,3851581,1421062,4639020,1096020,4481161,177911,1009177,542199,3803465,9036128,2053620,2605034,2607720,660616,2100352,6254415,1511028,8501198,1584786,294026,733091,495025,3882517,3120577,3661069,1796500,10274591,4107823,22446948,12899497,1540074,19267564,5784210,3445071,1095322,11902776,4011266,1081172,2759632,567945,6695059,3224739
2025-10-14,5200503,,1200456,4975952,2615997,1859257,1349574,2160459,3145215,514046,3941764,1252270,2204797,2001981,3198647,2135788,2483926,5460711,356253,3044310,12038585,688359,6578473,1984124,10980120,4840346,1588627,3396382,12937334,266593,1712278,48077124,2542671,3878077,1430860,4670898,1103610,4511935,179153,1016077,545925,3829547,9098228,2067696,2622974,2625660,665170,2114842,6297333,1521378,8559572,1595688,296096,738059,498475,3909151,3141967,3686185,1808782,10345247,4136113,22601232,12988093,1550700,19400044,5823954,3468807,1102912,11984610,4038866,1088624,2778538,571809,6741013,3246957
2025-10-15,5165808,,1192491,4942742,2598582,1846837,1340529,2146014,3124155,510671,3915439,1243900,2190082,1988616,3177317,2121478,2467321,5424261,353823,3023925,11958260,683769,6534598,1970894,10906815,4808081,1577962,3373702,12850934,264838,1700803,47756094,2525661,3852157,1421275,4639713,1096185,4481830,177938,1009327,542280,3804032,9037478,2053926,2605424,2608110,660715,2100667,6255348,1511253,8502467,1585023,294071,733064,495100,3883096,3121042,3661615,1796767,10276127,4108438,22450302,12901423,1540305,19270444,5785074,3445587,1095487,11904555,4011866,1081334,2760043,568029,6696058,3225222
2025-10-16,5138823,,1186296,4916912,2585037,1837177,1333494,2134779,3107775,508046,3894964,1237390,2178637,1978221,3160727,2110348,2454406,5395911,351933,3008070,11895785,680199,6500473,1960604,10849800,4782986,1569667,3356062,12783734,263473,1691878,47506404,2512431,3831997,1413820,4615458,1090410,4458415,176993,1004077,539445,3784187,8990228,2043216,2591774,2594460,657250,2089642,6222693,1503378,8458052,1576728,292496,729179,492475,3862831,3104767,3642505,1787422,10222367,4086913,22332912,12834013,1532220,19169644,5754834,3427527,1089712,11842290,3990866,1075664,2745658,565089,6661093,3208317
2025-10-17,5152187,,1189364,4929704,2591745,1841961,1336978,2140343,3115887,509346,3905104,1240614,2184305,1983369,3168943,2115860,2460802,5409951,352869,3015922,11926777,681967,6517373,1965700,10878036,4795414,1573775,3364798,12817014,264149,1696298,47630060,2518983,3841981,1417512,4627470,1093270,4470011,177461,1006677,540849,3794015,9013628,2048520,2598534,2601220,658966,2095102,6238865,1507278,8480048,1580836,293276,731103,493775,3872867,3112827,3651969,1792050,10988291,4097573,22391048,12867397,1536224,19219564,5769810,3436471,1092572,11873126,4001266,1078472,2752782,566545,6678409,3216689
2025-10-20,5202816,,1200987,4978166,2617158,1860085,1350177,2161422,3146619,514271,3943519,1252828,2205778,2002872,3200069,2136742,2485033,5463141,356415,3045669,12043992,688665,6581398,1985006,10985007,4842497,1589338,3397894,12943094,266710,1713043,48098526,2543805,3879805,1431499,4672977,1104105,4513942,179234,1016527,546168,3831248,9102278,2068614,2624144,2626830,665467,2115787,6300132,1522053,8563379,1596399,296231,738195,498700,3910888,3143362,3687823,1809583,11096444,4137958,22611294,12993871,1551393,19408487,5826546,3470355,1103407,11989947,4040666,1089110,2779771,572061,6744010,3248406
2025-10-21,5202816,,1200987,4978166,2617158,1860085,1350177,2161422,3146619,514271,3943519,1252828,2205778,2002872,3200069,2136742,2485033,5463141,356415,3045669,12043992,688665,6581398,1985006,10985007,4842497,1589338,3397894,12943094,266710,1713043,48098526,2543805,3879805,1431499,4672977,1104105,4513942,179234,1016527,546168,3831248,9102278,2068614,2624144,2626830,665467,2115787,6300132,1522053,8563379,1596399,296231,738195,498700,3910888,3143362,3687823,1809583,11096444,4137958,22611294,12993871,1551393,19408487,5826546,3470355,1103407,11989947,4040666,1089110,2779771,572061,6744010,3248406
2025-10-22,5126487,,1183464,4905104,2578845,1832761,1330278,2129643,3100287,506846,3885604,1234414,2173405,1973469,3153143,2105260,2448502,5382951,351069,3000822,11867277,678567,6484873,1955900,10823736,4771514,1565875,3347998,12753014,262849,1687798,47392260,2506383,3822781,1410412,4604370,1087770,4447711,176561,1001677,538149,3775115,8968628,2038320,2585534,2588220,655666,2084602,6207765,1499778,8437748,1572936,291776,727503,491275,3853567,3097327,3633769,1783150,10933391,4077073,22279248,12803197,1528524,19123664,5741010,3419271,1087072,11813826,3981266,1073072,2739082,563745,6645109,3200589
2025-10-23,5125459,,1183228,4904120,2578329,1832393,1330010,2129215,3099663,506746,3884824,1234166,2172969,1973073,3152511,2104836,2448010,5381871,350997,3000218,11864897,678431,6483573,1955508,10821564,4770558,1565559,3347326,12750454,262797,1687458,47382748,2505879,3822013,1410128,4603446,1087550,4446819,176525,1001477,538041,3774359,8966828,2037912,2585014,2587700,655534,2084182,6206521,1499478,8436056,1572620,291716,727359,491175,3852795,3096707,3633041,1782794,10931195,4076253,22274776,12800629,1528216,19119828,5739858,3418583,1086852,11811454,3980466,1072856,2738534,563633,6643777,3199945
2025-10-24,5129828,,1184231,4908302,2580522,1833957,1331149,2131034,3102315,507171,3888139,1235220,2174822,1974756,3155197,2106638,2450101,5386461,351303,3002785,11875012,679009,6489098,1957174,10830795,4774621,1566902,3350182,12761334,263018,1688903,47423174,2508021,3825277,1411335,4607373,1088485,4450610,176678,1002327,538500,3777572,8974478,2039646,2587224,2589910,656095,2085967,6211808,1500753,8443247,1573963,291971,727971,491600,3856076,3099342,3636135,1784307,10940528,4079738,22293782,12811543,1529525,19136131,5744754,3421507,1087787,11821535,3983866,1073774,2740863,564109,6649438,3202682
2025-10-27,5183541,,1196562,4959716,2607483,1853185,1345152,2153397,3134919,512396,3928894,1248178,2197603,1995447,3188219,2128792,2475808,5442891,355065,3034344,11999367,686115,6557023,1977656,10944282,4824572,1583413,3385294,12895094,265735,1706668,47920176,2534355,3865405,1426174,4655652,1099980,4497217,178559,1012777,544143,3817073,9068528,2060964,2614394,2617080,662992,2107912,6276807,1516428,8531654,1590474,295106,735495,496825,3896413,3131737,3674173,1802908,11055269,4122583,22527444,12945721,1545618,19336562,5804946,3457455,1099282,11945472,4025666,1085060,2769496,569961,6719035,3236331
2025-10-28,5160925,,1191370,4938068,2596131,1845089,1339256,2143981,3121191,510196,3911734,1242722,2188011,1986735,3174315,2119464,2464984,5419131,353481,3021056,11947007,683123,6528423,1969032,10896498,4803540,1576461,3370510,12838774,264591,1699188,47710912,2523267,3848509,1419926,4635324,1095140,4477593,177767,1008377,541767,3800441,9028928,2051988,2602954,2605640,660088,2098672,6249439,1509828,8494430,1583522,293786,732327,494625,3879429,3118097,3658157,1795076,11006957,4104543,22429060,12889225,1538842,19252170,5779602,3442319,1094442,11893288,4008066,1080308,2757440,567497,6689731,3222163
2025-10-29,5176088,,1194851,4952582,2603742,1850517,1343209,2150294,3130395,511671,3923239,1246380,2194442,1992576,3183637,2125718,2472241,5435061,354543,3029965,11982112,685129,6547598,1974814,10928535,4817641,1581122,3380422,12876534,265358,1704203,47851214,2530701,3859837,1424115,4648953,1098385,4490750,178298,1011327,543360,3811592,9055478,2058006,2610624,2613310,662035,2104867,6267788,1514253,8519387,1588183,294671,734451,496100,3890816,3127242,3668895,1800327,11039348,4116638,22495022,12927103,1543385,19308751,5796594,3452467,1097687,11928275,4019866,1083494,2765523,569149,6709378,3231662
2025-10-30,5168635,,1193140,4945448,2600001,1847849,1341266,2147191,3125871,510946,3917584,1244582,2191281,1989705,3179055,2122644,2468674,5427231,354021,3025586,11964857,684143,6538173,1971972,10912788,4810710,1578831,3375550,12857974,264981,1701738,47782252,2527047,3854269,1422056,4642254,1096790,4484283,178037,1009877,542577,3806111,9042428,2055048,2606854,2609540,661078,2101822,6258769,1512078,8507120,1585892,294236,733407,495375,3885219,3122747,3663617,1797746,11023427,4110693,22462600,12908485,1541152,19280911,5788242,3447479,1096092,11911078,4014066,1081928,2761550,568337,6699721,3226993
2025-10-31,5168635,,1193140,4945448,2600001,1847849,1341266,2147191,3125871,510946,3917584,1244582,2191281,1989705,3179055,2122644,2468674,5427231,354021,3025586,11964857,684143,6538173,1971972,10912788,4810710,1578831,3375550,12857974,264981,1701738,47782252,2527047,3854269,1422056,4642254,1096790,4484283,178037,1009877,542577,3806111,9042428,2055048,2606854,2609540,661078,2101822,6258769,1512078,8507120,1585892,294236,733407,495375,3885219,3122747,3663617,1797746,11023427,4110693,22462600,12908485,1541152,19280911,5788242,3447479,1096092,11911078,4014066,1081928,2761550,568337,6699721,3226993
2025-11-03,5175060,,1194615,4951598,2603226,1850149,1342941,2149866,3129771,511571,3922459,1246132,2194006,1992180,3183005,2125294,2471749,5433981,354471,3029361,11979732,684993,6546298,1974422,10926363,4816685,1580806,3379750,12873974,265306,1703863,47841702,2530197,3859069,1423831,4648029,1098165,4489858,178262,1011127,543252,3810836,9053678,2057598,2610104,2612790,661903,2104447,6266544,1513953,8517695,1587867,294611,734320,496000,3890044,3126622,3668167,1799971,11037152,4115818,22490550,12924535,1543077,19304899,5795442,3451779,1097467,11925903,4019066,1083278,2764975,569037,6708046,3231018
2025-11-04,5175060,,1194615,4951598,2603226,1850149,1342941,2149866,3129771,511571,3922459,1246132,2194006,1992180,3183005,2125294,2471749,5433981,354471,3029361,11979732,684993,6546298,1974422,10926363,4816685,1580806,3379750,12873974,265306,1703863,47841702,2530197,3859069,1423831,4648029,1098165,4489858,178262,1011127,543252,3810836,9053678,2057598,2610104,2612790,661903,2104447,6266544,1513953,8517695,1587867,294611,734320,496000,3890044,3126622,3668167,1799971,11037152,4115818,22490550,12924535,1543077,19304899,5795442,3451779,1097467,11925903,4019066,1083278,2764975,569037,6708046,3231018
2025-11-05,5132286,,1184377,4910526,2581748,1834705,1331447,2132892,3105079,507121,3889569,1235548,2175888,1975362,3156249,2107722,2450863,5389041,351295,3003279,11880660,679205,6489648,1957786,10835537,4776787,1567508,3351574,12767974,263260,1689193,47447324,2509185,3826525,1411409,4608587,1088755,4452772,176864,1002787,538698,3779438,8978078,2040134,2587944,2590530,656377,2086237,6212860,1501423,8447327,1574689,291961,728186,491610,3857518,3100212,3637243,1785093,10950034,4081608,22304974,12817809,1529763,19146019,5747786,3422975,1087957,11827617,3985666,1074210,2742041,564041,6652058,3203916
2025-11-06,5164668,,1191811,4941522,2598002,1846297,1339889,2146374,3124735,510271,3914139,1243360,2189622,1987836,3176157,2121078,2466361,5423061,353563,3022305,11955756,683489,6530598,1970134,10903955,4807027,1577462,3372742,12848614,264898,1699903,47747078,2525061,3850717,1420355,4637693,1095685,4480870,177998,1009087,542100,3803252,9034778,2052986,2604324,2606910,660535,2099467,6252172,1510873,8500751,1584643,293851,732848,494760,3881836,3119742,3660175,1796307,11019208,4107438,22445842,12898827,1539465,19266979,5784074,3444647,1094887,11902335,4010866,1081014,2759303,567569,6694142,3224202
2025-11-07,5152589,,1189038,4929960,2591939,1841973,1336740,2141345,3117403,509096,3904974,1240446,2184499,1983183,3168731,2116096,2460580,5410371,352717,3015208,11927744,681891,6515323,1965528,10878434,4795747,1573749,3364846,12818534,264287,1695908,47635265,2519139,3841693,1417018,4626836,1093100,4470389,177575,1006737,540831,3794369,9013628,2048192,2598214,2600800,658984,2094532,6237508,1507348,8480823,1580930,293146,731109,493585,3872765,3112457,3651621,1792077,10993405,4097803,22393296,12868606,1535846,19221859,5770538,3436563,1092302,11874464,4001466,1078476,2752864,566253,6678444,3216635
2025-11-10,5163640,,1191575,4940538,2597486,1845929,1339621,2145946,3124111,510171,3913359,1243112,2189186,1987440,3175525,2120654,2465869,5421981,353491,3021701,11953372,683353,6529298,1969742,10901783,4806067,1577146,3372070,12846054,264846,1699563,47737562,2524557,3849949,1420071,4636769,1095465,4479978,177962,1008887,541992,3802496,9032978,2052578,2603804,2606390,660403,2099047,6250924,1510573,8499055,1584327,293791,732700,494660,3881064,3119122,3659447,1795947,11017012,4106618,22441370,12896255,1539157,19263139,5782922,3443959,1094667,11899963,4010066,1080798,2758755,567457,6692806,3223558
2025-11-11,5153360,,1189215,4930698,2592326,1842249,1336941,2141666,3117871,509171,3905559,1240632,2184826,1983480,3169205,2116414,2460949,5411181,352771,3015661,11929532,681993,6516298,1965822,10880063,4796467,1573986,3365350,12820454,264326,1696163,47642402,2519517,3842269,1417231,4627529,1093265,4471058,177602,1006887,540912,3794896,9014978,2048498,2598604,2601190,659083,2094847,6238444,1507573,8482095,1581167,293191,731220,493660,3873344,3112922,3652167,1792347,10995052,4098418,22396610,12870535,1536077,19224739,5771402,3437079,1092467,11876243,4002066,1078638,2753235,566337,6679446,3217118
2025-11-12,5177775,3818516,1194820,4954068,2604581,1850989,1343306,2151831,3132691,511546,3924084,1246522,2195181,1992885,3184215,2126484,2472634,5436831,354481,3030006,11986152,685223,6547173,1975132,10931648,4819267,1581491,3381310,12881254,265561,1704238,47868407,2531487,3860509,1423976,4649474,1098490,4492243,178457,1011637,543477,3812946,9057728,2058188,2610954,2613540,662218,2104822,6268084,1514698,8522375,1588672,294616,734735,496035,3891679,3127647,3669457,1800897,11047207,4117893,22502915,12931620,1543392,19315939,5798762,3453419,1097692,11932578,4021066,1083768,2766345,568997,6711176,3232413
2025-11-13,5188826,3826686,1197357,4964646,2610128,1854945,1346187,2156432,3139399,512621,3932469,1249188,2199868,1997142,3191009,2131042,2477923,5448441,355255,3036499,12011780,686685,6561148,1979346,10954997,4829587,1584888,3388534,12908774,266120,1707893,47970704,2536905,3868765,1427029,4659407,1100855,4501832,178844,1013787,544638,3821116,9077078,2062574,2616544,2619130,663637,2109337,6281500,1517923,8540607,1592069,295261,736326,497110,3899978,3134312,3677283,1804767,11070814,4126708,22551032,12959269,1546703,19357219,5811146,3460815,1100057,11958077,4029666,1086090,2772279,570201,6725538,3239336
2025-11-14,5168780,3811866,1192755,4945458,2600066,1847769,1340961,2148086,3127231,510671,3917259,1244352,2191366,1989420,3178685,2122774,2468329,5427381,353851,3024721,11965292,684033,6535720,1971702,10912643,4810867,1578726,3375430,12858854,265106,1701263,47785064,2527077,3853789,1421491,4641389,1096565,4484438,178142,1009887,542532,3806296,9041978,2054618,2606404,2608990,661063,2101147,6257164,1512073,8507535,1585907,294091,733440,495160,3884924,3122222,3663087,1797747,11027992,4110718,22463750,12909115,1540697,19282339,5788682,3447399,1095767,11911823,4014066,1081878,2761515,568017,6699486,3226778
2025-11-17,5172635,3814716,1193640,4949148,2602001,1849149,1341966,2149691,3129571,511046,3920184,1245282,2193001,1990905,3181055,2124364,2470174,5431431,354121,3026986,11974232,684543,6540610,1973172,10920788,4814467,1579911,3377950,12868454,265301,1702538,47820764,2528967,3856669,1422556,4644854,1097390,4487783,178277,1010637,542937,3809146,9048728,2056148,2608354,2610940,661558,2102722,6261844,1513198,8513895,1587092,294316,733995,495535,3887819,3124547,3665817,1799097,11036227,4113793,22480535,12918760,1541852,19296739,5793002,3449979,1096592,11920718,4017066,1082688,2763585,568437,6704496,3229193
