date,jci_price,emr_price,wm_price,unp_price,rtx_price,fast_price,lii_price,expd_price,ba_price,gww_price,payx_price,odfl_price,ftv_price,swk_price,alle_price,cprt_price,axon_price,gd_price,br_price,hii_price,hon_price,luv_price,efx_price,adp_price,ldos_price,dal_price,itw_price,gev_price,aos_price,ndsn_price,wab_price,ph_price,noc_price,pwr_price,vrsk_price,lhx_price,xyl_price,cat_price,j_price,dov_price,jbht_price,nsc_price,txt_price,uri_price,hwm_price,ual_price,tt_price,uber_price,etn_price,rsg_price,otis_price,tdg_price,ge_price,cmi_price,lmt_price,de_price,ups_price,iex_price,pcar_price,bldr_price,rol_price,csx_price,fdx_price,pnr_price,payc_price,mas_price,chrw_price,ctas_price,hubb_price,ir_price,ame_price,vlto_price,mmm_price,gnrc_price,sna_price,rok_price,carr_price,xli_calculated_price,eme_price,fix_price
2025-07-18,108.96,144.23,227.32,224.87,151.50,46.06,609.43,111.67,229.34,1028.35,143.46,162.09,50.53,70.11,152.82,45.98,756.09,298.98,239.11,254.49,236.54,36.51,263.09,301.79,162.54,56.29,255.15,574.60,70.30,217.07,211.91,722.58,519.04,403.31,301.90,264.77,132.71,413.71,138.67,188.24,148.89,276.66,85.00,808.05,190.49,92.25,447.33,90.59,378.62,240.50,99.44,1597.30,263.27,350.40,463.96,499.82,99.22,183.38,93.68,123.15,55.80,34.39,226.62,106.07,229.71,65.56,97.48,221.94,430.28,85.55,178.51,103.34,153.23,153.11,336.71,356.00,76.63,151.10,,
2025-07-24,110.02,146.82,230.61,220.52,155.22,47.93,664.54,116.84,231.27,1052.21,146.40,167.79,51.06,72.69,163.67,46.27,709.26,314.24,252.99,263.33,224.48,33.26,245.98,306.24,163.25,54.71,261.83,623.97,73.94,219.15,200.70,729.62,568.48,407.22,296.09,273.22,131.24,429.52,142.13,186.63,149.73,278.00,80.93,875.25,186.80,89.73,461.73,90.87,384.90,245.11,89.20,1599.24,268.01,365.27,420.55,514.66,102.53,183.66,101.43,132.79,58.03,35.00,236.51,102.85,237.95,67.43,103.17,222.88,437.50,86.89,179.72,103.27,149.30,153.39,330.33,357.01,79.44,152.97,,
2025-07-25,111.73,149.63,229.67,224.74,156.88,47.75,660.82,116.70,233.06,1054.02,147.99,167.09,51.52,73.90,165.39,46.69,735.01,314.02,253.69,264.82,224.24,33.21,246.26,308.63,163.25,54.86,261.70,644.59,72.06,220.84,197.21,738.82,569.74,421.68,297.96,269.28,132.57,433.75,143.45,186.50,149.31,282.38,79.50,890.00,189.52,91.11,472.07,91.29,392.17,245.16,89.79,1607.45,271.59,369.52,421.17,517.38,103.56,185.69,101.57,136.46,58.09,35.76,243.20,103.08,238.80,67.75,102.71,223.56,442.54,88.27,180.09,103.28,151.27,156.96,330.27,358.52,80.73,154.93,,
2025-07-28,111.52,149.48,227.90,229.24,156.07,46.80,654.42,115.36,236.41,1048.37,146.26,164.32,51.26,73.93,163.67,46.08,736.29,313.10,252.47,262.49,225.08,32.52,240.95,306.89,160.35,55.61,260.01,647.66,71.03,219.38,197.01,739.06,568.62,411.99,294.43,269.47,132.26,432.94,143.28,184.93,148.39,286.42,78.56,899.46,188.17,92.43,472.54,90.60,392.76,241.41,87.90,1606.39,270.61,370.70,421.34,510.55,101.58,184.43,100.64,135.63,57.26,35.71,242.41,103.34,236.44,67.50,101.49,220.38,438.31,87.83,178.84,103.10,152.05,155.46,326.53,356.03,80.18,155.04,,
2025-07-29,103.24,147.61,235.56,223.77,157.12,46.60,639.52,114.46,226.08,1055.07,147.29,162.12,50.92,68.61,164.11,46.45,728.74,314.70,247.97,260.84,221.72,31.10,247.21,308.64,161.51,54.50,259.50,632.67,71.64,220.21,192.78,734.86,573.22,410.99,294.05,272.31,131.96,430.05,142.79,184.05,146.78,277.70,78.14,882.24,189.17,90.65,470.98,87.11,390.01,246.01,87.30,1606.69,270.31,366.34,420.13,512.50,90.84,185.18,99.48,133.42,57.32,35.42,234.54,102.35,237.45,66.65,99.79,222.68,427.33,87.07,178.96,105.03,151.79,151.32,325.36,353.90,71.67,152.16,,
2025-07-30,104.02,146.06,232.51,225.28,158.40,46.41,615.57,111.37,225.84,1042.67,145.91,146.46,49.65,67.77,164.82,46.28,748.60,312.18,246.68,258.52,222.16,30.71,242.09,310.94,161.05,53.60,253.67,655.00,70.83,215.76,190.64,732.03,572.81,411.11,275.47,274.12,130.60,434.12,141.40,182.22,143.87,279.00,78.05,880.42,192.14,90.24,431.44,87.64,390.09,231.69,86.43,1620.83,273.55,365.50,418.68,507.87,87.18,164.28,99.00,126.11,57.64,35.29,223.86,101.30,235.57,65.73,97.65,223.13,437.44,85.76,176.76,105.78,146.62,181.00,322.27,351.19,68.20,152.32,,
2025-07-31,105.00,145.51,229.16,221.97,157.57,46.13,609.00,116.24,221.84,1039.54,144.33,149.25,47.93,67.65,165.92,45.33,755.49,311.61,247.51,278.86,222.35,30.93,240.23,309.50,159.65,53.21,255.97,660.29,70.79,214.21,192.05,731.90,576.61,406.13,278.71,274.82,144.62,438.02,141.87,181.14,144.05,278.00,77.77,882.94,179.77,88.31,438.08,87.75,384.72,230.65,85.69,1608.46,271.08,367.62,420.98,524.37,86.16,163.51,98.76,127.13,57.27,35.54,223.49,102.20,231.54,68.13,115.32,222.55,437.48,84.63,184.85,104.83,149.22,194.69,321.19,351.71,68.62,153.02,,
2025-08-01,106.48,141.78,228.88,219.40,156.81,45.44,605.87,114.65,221.90,932.44,139.34,141.85,46.55,66.98,165.13,45.51,742.47,310.74,244.65,269.83,217.71,29.80,239.99,300.44,159.20,51.15,252.31,656.50,70.41,209.25,186.89,712.13,586.44,395.17,271.89,278.26,142.18,428.69,139.08,174.97,139.56,274.85,77.23,859.62,184.26,84.57,439.25,86.91,381.29,231.21,84.93,1585.00,269.38,355.84,421.01,500.98,84.50,159.12,96.48,130.18,57.74,35.01,217.10,100.62,226.44,68.83,113.86,221.50,426.74,74.98,182.36,104.75,144.41,193.63,317.79,344.50,66.92,150.09,,
2025-08-04,106.48,142.62,230.54,222.06,157.38,45.37,600.48,116.89,222.34,938.27,139.43,144.36,47.22,67.93,166.73,45.74,744.88,312.78,248.46,265.67,220.79,29.75,243.24,302.26,160.95,52.52,253.58,662.77,70.34,212.46,186.99,719.04,589.75,393.62,268.00,278.06,143.97,433.70,139.92,176.10,142.06,278.12,77.81,868.57,181.16,87.01,433.97,88.43,384.76,231.71,85.41,1608.98,276.23,361.59,423.70,510.56,85.02,158.25,96.34,128.18,58.46,35.46,217.49,102.21,229.32,69.46,115.03,225.09,429.06,78.60,184.49,106.95,147.87,196.43,318.93,350.16,66.54,152.19,,
2025-08-05,104.84,140.57,229.78,222.97,156.33,45.44,603.00,116.31,224.86,935.63,139.18,147.15,48.40,69.36,165.40,46.55,867.12,313.76,265.33,270.92,221.06,29.92,240.15,299.44,172.94,52.87,256.04,649.72,70.32,213.98,188.89,714.88,589.95,389.12,264.72,278.22,143.61,434.23,145.21,177.18,143.24,279.87,78.22,867.08,179.32,87.66,428.76,89.39,356.45,232.08,86.28,1416.94,272.12,373.23,428.24,508.58,86.78,161.84,98.20,132.95,58.12,35.65,222.41,104.23,223.27,69.96,116.32,222.86,427.67,77.65,184.95,106.56,150.09,197.28,322.07,346.00,66.38,150.83,,
2025-08-06,104.67,133.93,231.60,225.46,155.75,46.78,594.93,118.73,225.04,960.27,139.08,149.93,47.59,68.27,164.49,47.11,863.65,314.99,266.89,267.49,219.23,29.71,240.58,301.64,174.49,54.12,257.51,664.55,70.56,211.13,188.35,697.13,589.29,387.50,264.98,276.88,143.62,427.72,146.95,174.30,143.51,282.95,77.47,861.26,182.06,88.87,427.03,89.22,358.16,235.52,86.97,1401.22,272.28,381.68,434.85,509.64,86.25,159.72,97.37,130.74,58.33,36.01,226.45,102.55,223.26,69.33,117.74,224.28,423.57,76.48,185.47,107.48,150.82,193.91,323.19,328.67,66.11,150.38,,
2025-08-07,104.31,132.83,233.22,222.66,155.76,47.48,593.86,118.07,227.33,942.51,140.52,145.33,47.45,68.74,163.74,46.11,870.97,312.73,266.48,266.45,216.58,29.56,241.92,303.49,175.27,53.63,256.78,645.86,70.62,212.06,187.91,725.36,587.38,387.35,264.52,273.81,143.48,417.12,146.98,173.97,140.33,280.47,77.38,854.61,181.58,87.98,428.11,92.67,360.16,235.63,87.33,1429.15,272.02,384.61,430.75,506.64,86.49,158.53,96.77,131.26,58.51,35.25,224.66,102.06,233.38,69.35,117.82,223.40,417.84,76.28,182.24,107.54,151.74,193.52,320.96,332.59,66.36,149.66,,
2025-08-08,105.55,132.74,235.09,222.24,154.86,47.99,582.19,117.12,229.12,950.13,141.19,144.46,47.10,69.32,163.72,46.19,842.50,314.13,265.94,264.69,216.31,29.62,239.81,305.81,176.50,53.64,256.99,649.09,70.83,211.04,191.42,727.74,581.11,386.15,265.04,269.72,142.65,416.52,148.16,173.52,139.44,280.03,77.02,858.97,180.75,89.29,430.09,89.56,362.84,235.21,87.47,1389.77,275.01,387.03,425.63,510.37,86.67,158.26,97.34,132.20,58.64,35.43,228.05,102.72,229.85,69.29,116.78,226.27,418.65,75.89,182.08,107.70,153.30,196.25,321.80,333.23,66.03,148.65,,
2025-08-11,105.71,131.96,237.10,219.65,154.80,47.84,582.36,116.97,225.96,939.76,138.60,143.02,46.72,68.84,164.45,46.69,818.69,314.93,263.47,266.65,216.45,29.06,239.63,303.72,177.14,53.50,256.89,650.76,70.53,210.61,191.91,730.66,580.24,384.12,267.42,270.32,142.87,408.54,147.85,175.29,137.78,278.32,77.58,869.70,179.88,89.33,428.07,90.58,360.11,237.03,86.03,1409.55,275.20,388.31,426.26,506.98,86.31,157.53,97.15,128.76,58.41,35.23,224.61,102.88,221.04,68.90,116.24,223.88,417.54,76.45,182.52,107.14,155.31,196.52,321.17,329.76,64.88,152.07,,
2025-08-12,106.64,132.95,232.98,218.80,155.49,48.45,590.52,120.72,232.61,960.70,134.99,149.23,47.65,71.43,166.43,47.20,768.57,314.01,262.50,268.00,217.01,30.72,240.99,299.63,178.02,58.44,260.48,657.44,71.33,215.79,192.91,752.04,580.80,391.57,260.00,270.21,143.43,412.71,149.81,177.99,142.83,278.24,78.54,916.95,180.90,98.47,438.95,91.73,363.30,233.53,88.15,1410.70,279.63,399.06,431.56,505.85,87.43,163.32,98.95,137.45,57.88,35.82,230.42,106.13,215.21,71.21,118.77,223.31,432.14,78.43,184.94,108.81,157.85,198.86,325.56,339.75,65.73,151.81,,
2025-08-13,105.77,135.00,229.90,223.18,155.71,49.21,611.69,122.25,233.37,982.07,138.61,153.46,48.73,75.98,169.62,47.65,765.52,317.49,261.68,269.43,219.74,30.97,253.30,304.95,181.95,59.42,267.32,634.31,73.64,221.58,194.40,762.05,582.09,379.96,264.19,270.22,143.53,413.70,152.18,182.83,145.85,281.84,81.35,932.23,176.80,99.79,434.87,90.83,357.49,232.74,89.23,1425.81,268.86,406.80,442.57,513.54,88.18,169.50,100.66,144.40,58.12,36.08,230.50,109.01,221.49,74.64,120.99,225.10,443.95,80.77,186.91,109.75,160.20,202.85,333.81,349.01,67.05,152.41,,
2025-08-14,105.02,134.37,226.15,221.52,155.08,48.69,599.16,119.87,233.19,974.56,137.49,151.11,47.80,74.42,168.55,46.86,749.83,315.84,259.23,267.46,218.20,30.70,248.07,301.68,178.44,58.96,262.49,625.27,72.52,217.22,190.97,745.34,583.72,377.51,267.70,271.05,141.84,417.50,148.33,179.40,144.45,282.50,80.32,921.45,175.99,99.14,428.53,91.40,355.10,232.51,87.54,1412.73,269.70,404.80,437.32,478.84,88.55,167.19,99.69,138.15,57.42,36.35,231.07,106.63,216.00,73.57,121.52,221.36,437.67,80.20,184.78,107.67,156.65,198.97,324.72,347.51,65.76,151.11,,
2025-08-15,103.52,131.75,226.81,220.78,154.09,48.88,591.66,119.86,235.26,969.93,138.25,151.14,48.16,74.06,167.17,47.08,754.24,313.69,260.60,266.25,216.77,31.50,247.72,301.79,177.63,60.24,258.64,621.91,72.21,213.44,189.16,729.96,583.96,380.81,267.86,270.55,140.81,407.79,147.95,176.54,143.45,280.74,78.89,908.88,171.25,100.93,423.43,92.60,351.03,232.85,87.43,1387.88,267.85,399.42,437.56,488.80,88.48,164.77,98.22,136.88,57.33,36.32,227.26,104.98,217.18,73.52,121.24,216.55,427.65,78.32,181.36,107.27,152.39,198.80,326.01,342.28,65.40,150.24,,
2025-08-18,105.71,131.83,224.20,220.08,155.50,49.11,600.06,120.01,232.41,978.13,137.57,150.46,47.75,74.54,167.20,47.36,791.62,313.58,260.06,267.60,216.40,31.31,245.62,302.65,178.12,61.09,259.22,625.02,72.15,214.10,189.81,736.20,584.82,383.32,265.69,271.92,140.85,412.64,146.79,177.15,142.52,279.79,79.07,914.04,173.05,102.37,428.88,93.98,353.50,232.43,87.61,1390.14,268.45,401.95,440.64,491.13,86.51,163.78,98.38,136.52,57.09,35.99,227.72,105.60,225.28,73.05,122.97,214.28,432.22,78.89,182.62,106.69,152.86,198.14,323.20,342.82,66.49,150.84,,
2025-08-19,104.52,131.59,228.49,223.77,153.66,49.90,613.47,121.40,225.00,995.40,139.01,154.80,48.16,76.21,169.86,47.81,758.29,316.40,262.92,265.40,216.74,31.59,249.91,305.72,178.74,60.50,263.94,603.13,72.82,217.50,192.68,744.23,586.23,379.27,271.01,272.23,141.83,416.09,147.76,179.71,147.23,285.53,79.68,915.64,171.90,102.19,428.79,95.32,349.00,234.80,88.59,1397.78,265.93,402.21,441.10,489.44,87.80,165.90,99.46,138.15,57.94,36.52,233.13,107.08,227.93,74.48,123.82,216.43,432.81,79.84,185.20,108.10,154.34,199.08,324.76,343.51,66.98,151.12,,
2025-08-20,106.00,130.89,230.03,225.68,156.59,49.54,589.08,119.29,225.62,999.63,138.88,150.24,48.04,73.92,168.52,47.61,760.89,317.48,261.86,267.09,217.00,31.18,248.35,309.03,180.16,59.05,262.02,604.59,71.85,213.52,192.85,742.97,592.54,375.87,270.85,276.15,141.87,420.59,146.54,178.74,142.53,285.49,79.29,901.87,171.94,99.84,426.30,93.73,346.22,236.11,89.12,1402.16,266.44,396.35,446.00,492.72,86.94,164.47,98.18,132.75,58.44,35.99,227.21,105.04,226.95,73.02,121.08,216.73,429.96,79.04,183.34,108.91,154.75,189.65,323.16,339.62,66.84,150.98,,
2025-08-21,104.75,130.09,229.61,225.30,156.32,49.14,570.64,118.41,224.46,994.07,138.41,149.75,47.76,73.13,167.21,47.68,763.51,316.53,260.83,266.48,217.42,31.07,245.45,304.94,180.44,57.84,261.00,606.00,71.75,219.93,191.41,733.05,597.21,378.21,271.91,276.11,140.22,417.89,147.32,177.41,143.40,284.35,79.48,890.12,173.25,97.19,422.27,94.23,345.38,235.44,87.57,1393.14,268.71,394.20,447.20,486.76,86.15,162.38,97.54,133.22,58.00,35.87,225.28,104.44,225.32,72.32,122.80,216.11,427.57,77.45,183.44,108.47,154.38,190.55,321.38,339.52,65.01,150.87,,
2025-08-22,107.26,133.77,227.02,227.85,156.24,50.39,591.92,120.02,230.12,1021.86,140.81,159.13,49.31,77.53,172.24,48.96,766.24,319.61,262.18,269.98,222.83,32.77,255.00,307.95,181.74,61.69,269.41,607.07,73.61,227.17,195.74,752.33,592.44,379.84,271.06,275.77,143.74,435.67,148.49,183.07,150.14,284.60,81.53,929.95,171.00,102.98,424.11,96.79,347.61,234.32,88.58,1408.46,266.53,402.30,446.20,495.99,88.82,168.56,101.50,144.45,57.99,34.58,236.80,108.60,233.89,75.58,125.18,215.59,440.85,80.63,186.95,109.15,158.72,194.64,333.03,351.19,67.75,154.11,,
2025-08-25,106.40,132.38,224.04,223.32,156.27,50.27,570.54,120.35,226.87,1013.45,138.50,155.47,48.51,76.47,169.82,48.39,763.52,319.89,256.69,270.72,220.61,32.52,250.76,303.84,181.61,60.41,266.74,602.31,72.54,225.79,193.31,750.30,586.74,378.31,267.07,276.17,142.67,432.30,147.10,180.51,142.75,277.39,80.76,939.49,171.24,102.34,419.63,95.16,345.76,232.22,86.86,1389.98,266.61,396.10,447.72,487.90,87.74,165.98,100.51,141.91,56.64,32.81,233.00,107.93,230.78,74.50,126.41,211.86,437.56,79.68,185.57,107.15,155.85,193.28,328.95,349.97,66.00,150.67,,
2025-08-26,108.46,133.35,225.25,222.74,159.57,49.96,567.63,121.60,234.83,1011.96,138.04,154.48,48.51,75.19,171.53,48.65,769.02,322.18,257.29,271.74,222.56,33.40,247.60,303.45,182.35,61.15,266.24,625.91,72.38,226.35,195.34,761.55,593.02,383.92,268.31,277.66,143.34,431.26,148.14,182.21,144.32,276.67,81.38,943.70,175.92,104.13,426.19,96.53,352.02,234.33,87.63,1413.34,273.94,398.46,455.46,487.76,87.46,166.00,100.25,142.67,56.47,32.41,231.10,109.17,225.97,74.26,126.90,212.99,442.52,81.13,186.78,107.11,156.57,189.32,329.79,355.67,66.48,152.91,,
2025-08-27,109.27,133.45,225.83,220.95,159.84,50.20,567.00,122.33,235.62,1017.05,138.65,153.82,48.57,75.74,172.00,48.61,769.68,325.46,258.15,276.39,221.25,33.19,245.98,303.09,183.39,61.26,266.83,622.39,72.42,225.67,195.32,768.10,586.61,381.56,267.70,276.76,144.62,432.67,148.36,182.71,145.79,272.35,81.89,949.34,175.65,104.21,424.19,95.33,351.40,234.90,87.72,1395.04,273.35,401.40,454.47,493.08,87.86,166.08,101.44,141.76,56.67,32.54,232.21,109.34,227.89,74.54,128.06,213.20,446.06,80.64,186.55,107.37,156.53,186.99,330.21,349.20,67.59,152.89,,
2025-08-28,108.65,134.55,224.58,222.35,160.66,50.18,559.48,121.28,236.16,1014.47,138.72,149.70,48.01,75.30,170.97,48.75,781.90,324.91,257.07,275.27,221.35,32.98,243.85,304.10,181.36,61.97,265.75,633.69,71.62,224.67,195.18,766.84,587.90,385.96,266.19,277.04,144.01,434.91,146.91,181.59,143.98,277.80,80.46,955.24,176.16,105.08,424.50,95.96,355.34,233.10,86.25,1398.06,276.00,401.92,456.18,491.44,87.27,165.22,100.68,140.14,56.24,32.66,231.27,109.18,225.71,73.55,129.29,208.32,444.48,80.26,186.73,106.50,157.56,186.92,327.14,349.13,66.17,153.19,,
2025-08-29,106.89,132.00,226.39,223.57,158.60,49.66,557.86,120.54,234.68,1013.50,139.46,150.97,47.86,74.29,169.80,48.81,747.29,324.57,255.62,270.79,219.50,32.90,246.30,304.05,180.92,61.78,264.65,612.97,71.29,225.09,193.50,759.35,590.04,377.96,268.12,277.62,141.56,419.04,146.23,178.86,144.99,279.98,80.16,956.34,174.10,105.00,415.60,93.75,349.14,233.97,86.38,1398.88,275.20,398.44,455.63,478.64,87.44,164.50,99.98,138.68,56.54,32.51,231.07,107.53,227.15,73.39,128.70,210.03,430.99,79.43,184.80,106.19,155.53,185.25,325.24,343.43,65.20,151.74,,
2025-09-02,105.96,131.38,225.73,221.99,158.01,49.19,543.57,120.85,237.38,1016.86,135.96,149.90,47.36,71.72,167.99,48.48,743.59,324.39,251.96,269.71,217.60,32.25,234.03,299.77,180.89,61.13,262.26,579.68,70.38,222.70,192.62,749.93,589.32,374.68,265.00,275.12,140.35,416.05,145.23,175.77,144.25,278.25,79.53,958.77,173.22,104.68,410.93,92.81,343.75,233.12,85.77,1304.88,275.39,395.23,452.50,476.78,85.23,162.15,98.86,137.36,56.67,32.19,224.18,106.29,220.00,72.38,128.89,205.51,430.15,77.94,184.81,105.28,154.27,179.51,323.45,337.84,63.50,151.10,,
2025-09-03,105.34,129.50,224.41,221.76,158.11,49.52,545.04,120.40,232.38,1018.74,135.63,148.11,47.03,72.85,167.69,48.12,725.29,322.81,249.82,269.33,214.00,32.33,237.49,298.86,177.71,61.27,261.25,577.04,70.79,221.97,191.25,748.53,581.01,374.41,268.44,273.11,139.70,415.12,143.37,174.73,145.38,278.19,79.70,945.26,174.49,106.16,408.31,92.94,342.99,232.49,85.67,1278.48,275.93,392.13,449.06,469.52,85.29,161.32,96.22,136.33,56.30,32.28,225.34,106.84,221.35,72.33,128.79,205.61,428.80,77.38,184.35,105.07,152.00,175.14,321.85,338.66,62.47,149.59,,
2025-09-04,107.09,133.10,224.95,223.06,158.68,50.27,561.37,121.64,230.75,1028.03,137.32,148.81,47.58,74.74,170.75,49.97,730.16,322.44,252.02,269.98,215.16,31.12,240.60,301.19,178.58,60.55,265.67,598.81,72.64,226.01,193.78,756.96,579.76,376.09,270.05,272.99,141.94,420.22,143.74,178.36,145.28,279.76,81.33,964.66,179.53,106.05,413.15,91.98,348.22,233.85,86.50,1281.81,282.27,400.93,456.85,474.90,84.48,164.86,98.21,143.27,56.86,32.66,225.28,110.06,224.50,73.98,127.84,206.84,437.16,79.20,187.87,106.60,155.52,178.18,328.77,341.86,63.54,150.90,,
2025-09-05,106.23,132.55,220.06,220.31,157.52,47.99,578.05,120.91,229.61,993.47,135.44,150.71,47.87,78.42,171.86,48.57,728.41,322.86,251.02,271.13,214.25,31.39,249.67,295.97,179.00,61.18,266.24,582.08,73.68,225.03,193.18,758.56,580.80,372.50,270.31,272.39,140.56,423.08,145.42,177.75,143.73,277.75,81.45,975.23,178.20,106.59,413.83,90.99,349.03,229.73,87.00,1271.04,279.23,399.85,463.90,473.26,85.04,164.93,99.05,149.21,56.52,32.53,227.72,110.64,224.12,76.07,126.13,204.50,436.04,80.95,187.45,105.71,155.30,181.30,328.70,339.76,65.51,150.50,,
2025-09-08,107.17,132.73,219.05,217.26,154.22,48.19,580.46,121.72,230.95,997.80,135.43,151.11,47.98,78.42,173.10,48.75,740.61,322.72,253.43,269.94,214.75,31.71,252.97,298.43,178.41,61.76,266.68,600.23,73.96,226.13,190.93,760.18,581.90,375.53,273.03,273.89,140.03,422.78,144.76,178.00,142.99,275.59,82.74,970.23,179.43,107.77,414.93,94.36,349.49,228.13,87.37,1293.24,276.05,397.40,459.11,481.51,84.32,164.17,98.25,147.89,57.13,32.43,225.00,110.68,224.30,75.80,125.90,202.78,436.62,80.38,188.67,106.90,154.00,183.97,326.96,344.67,65.61,150.86,,
2025-09-09,106.29,132.05,219.16,216.05,151.75,47.90,558.08,120.96,229.52,994.85,134.41,148.22,47.71,76.74,169.97,48.07,731.98,321.33,252.37,267.07,214.20,30.99,252.01,297.24,179.03,60.68,262.18,605.70,72.00,222.11,190.06,755.24,571.63,373.47,268.66,270.71,137.55,418.09,143.71,174.68,141.00,273.45,80.53,945.33,178.98,105.65,409.41,95.45,348.23,229.07,88.01,1312.09,276.24,394.78,457.06,475.60,84.40,162.01,97.53,140.45,57.32,32.20,225.75,109.13,222.49,73.45,126.05,202.07,437.24,79.66,187.48,105.03,153.08,181.80,322.64,342.95,63.47,150.28,,
2025-09-10,107.80,133.67,217.69,215.19,155.00,47.97,558.78,121.34,227.52,994.06,133.07,146.31,47.75,76.97,170.43,48.52,747.55,323.05,250.11,271.93,211.70,31.11,245.55,292.39,180.37,61.39,262.55,643.56,72.49,223.72,189.59,765.28,579.87,390.17,262.77,275.64,137.73,422.91,144.71,175.64,136.94,272.36,81.02,944.81,183.80,107.51,417.32,94.21,362.25,228.51,87.63,1287.32,283.41,405.27,463.87,471.35,83.85,160.17,98.66,140.25,56.37,32.05,225.69,109.26,220.88,73.17,127.64,201.40,442.33,80.24,187.41,106.01,153.57,185.01,324.16,339.39,62.50,150.98,,
2025-09-11,107.82,137.47,220.50,216.04,157.65,47.33,567.28,123.35,219.99,1014.69,135.46,149.40,49.57,79.52,177.18,48.90,751.11,329.62,254.82,276.07,215.31,31.72,260.23,298.03,185.13,60.44,266.37,634.15,74.30,227.98,192.18,769.67,582.95,389.64,266.24,280.63,141.80,431.38,148.74,178.10,141.45,274.00,82.24,959.59,184.21,109.36,414.88,94.68,360.08,232.21,89.38,1293.30,281.56,411.03,470.73,476.46,84.65,164.49,101.76,146.56,58.22,32.85,228.81,112.59,226.37,75.22,131.02,204.50,450.93,81.02,192.03,109.10,159.47,187.86,331.98,350.54,62.30,153.81,,
2025-09-12,107.53,135.10,218.16,214.91,155.85,47.45,544.48,123.51,215.94,1004.06,135.11,144.89,48.83,77.57,175.02,48.40,756.13,326.15,252.03,274.71,211.46,31.66,256.25,293.50,183.86,59.87,263.36,625.55,72.57,223.17,188.82,758.78,575.96,382.53,262.20,279.20,141.55,431.52,146.70,172.98,137.93,274.72,81.23,938.00,185.77,106.58,400.77,95.89,365.90,228.48,89.06,1271.45,281.69,410.27,471.31,470.51,84.35,160.55,102.51,142.73,57.37,32.47,229.55,110.95,222.63,73.63,132.41,202.37,437.43,78.79,189.93,109.03,157.87,184.39,333.59,344.93,61.67,151.42,,
2025-09-15,107.81,135.66,216.13,216.25,158.37,47.76,551.85,124.18,215.75,1012.62,131.97,145.25,48.56,78.56,176.20,47.60,760.79,326.98,249.79,273.02,211.74,31.43,256.88,290.87,182.73,58.42,263.87,628.68,73.25,225.92,188.34,759.96,574.54,385.68,255.08,281.89,141.74,435.94,146.74,171.94,136.35,277.16,82.23,947.90,189.25,104.55,402.44,98.85,375.54,228.14,89.63,1288.13,286.78,414.20,473.25,469.11,84.02,161.16,102.17,140.17,56.43,32.50,225.69,110.65,218.20,73.46,133.27,199.71,438.11,79.05,189.56,107.80,156.66,185.71,339.72,346.44,61.24,151.51,,
2025-09-16,106.96,129.03,213.88,216.00,158.58,47.25,550.40,124.80,215.02,993.64,131.62,147.02,48.75,77.81,177.04,46.57,750.67,326.40,245.61,273.19,210.95,31.57,260.58,288.69,182.58,57.86,261.84,617.91,73.61,226.13,187.65,754.05,579.36,378.24,251.83,284.27,140.72,440.67,146.16,172.57,137.80,278.09,83.43,958.65,187.46,104.20,399.99,97.83,371.19,225.33,89.21,1281.73,292.97,415.44,474.32,468.70,85.20,163.84,102.86,136.99,55.23,32.47,227.70,111.01,213.32,73.30,133.77,199.29,435.44,77.70,187.27,106.54,156.50,183.61,334.01,342.26,60.93,150.10,,
2025-09-17,107.41,131.00,215.66,217.17,158.31,47.12,545.93,124.95,214.63,997.93,132.46,141.79,48.03,78.18,176.61,46.62,751.81,325.28,245.12,272.46,211.68,32.12,262.33,288.75,183.80,58.82,262.48,614.79,73.12,223.64,185.65,738.50,577.08,376.01,249.69,281.86,140.99,450.66,147.30,171.45,134.52,278.00,82.71,931.01,185.39,105.51,398.96,92.95,363.35,226.27,89.64,1275.96,289.50,411.78,473.12,469.12,84.18,159.59,100.86,129.28,56.14,32.77,225.78,109.46,214.73,72.47,135.09,199.98,433.26,79.00,186.25,106.74,155.16,181.29,331.37,344.66,60.72,150.54,,
2025-09-18,108.48,131.91,215.92,220.36,158.19,47.22,541.74,124.05,215.66,1005.23,131.11,142.39,48.83,79.37,178.78,45.46,766.47,324.57,242.56,274.69,210.20,32.27,260.72,290.95,187.15,59.47,263.59,611.00,73.07,227.63,190.37,755.70,573.75,390.65,245.33,282.73,142.18,466.96,149.63,172.80,135.06,282.68,83.92,942.79,191.84,105.38,402.49,94.70,371.27,226.71,90.35,1286.12,297.09,426.39,473.62,476.12,85.05,162.06,101.42,128.93,55.73,33.43,226.50,111.52,216.55,72.99,137.09,199.51,440.10,81.53,188.70,107.06,155.40,184.04,339.49,348.56,61.10,153.07,,
2025-09-19,108.69,132.34,216.40,220.61,158.24,47.58,539.64,120.15,215.65,987.61,130.00,140.84,48.63,76.67,179.33,45.85,774.53,324.08,241.46,275.13,209.37,32.52,257.58,292.00,187.45,59.76,261.86,624.17,73.09,225.08,188.70,755.68,573.03,388.58,243.47,283.94,142.88,466.54,149.17,171.34,132.52,283.71,83.62,941.52,190.23,106.31,406.58,98.51,374.50,226.94,89.16,1282.46,301.14,423.64,472.94,469.63,84.06,161.03,99.46,124.15,55.51,32.98,231.75,110.30,216.60,72.24,136.07,200.13,441.44,81.61,187.87,106.90,156.60,182.28,337.24,347.82,60.39,152.38,632.02,
2025-09-22,109.29,132.84,216.99,225.85,159.43,47.12,533.83,119.48,212.09,979.17,130.40,138.93,48.32,75.02,177.81,45.38,775.92,322.66,241.60,276.16,209.00,32.30,256.97,293.66,187.87,58.89,260.89,644.37,72.26,225.34,197.96,759.95,576.15,396.02,244.18,284.32,143.54,472.10,150.61,170.24,130.65,290.55,83.49,943.42,192.15,104.18,407.63,99.39,378.31,226.26,89.33,1295.29,301.02,424.85,480.39,469.03,84.23,160.60,97.07,121.81,55.56,33.20,230.12,110.09,220.10,71.03,133.98,202.59,438.49,81.80,188.45,105.82,153.86,185.86,337.52,345.36,60.31,152.75,655.83,
2025-09-23,108.29,131.46,218.23,227.98,160.54,47.99,530.66,121.13,216.34,975.78,129.30,139.34,48.44,75.27,177.44,45.28,777.58,323.20,238.82,276.01,209.31,33.34,257.58,289.21,187.11,58.75,261.22,633.41,72.17,224.84,194.51,760.17,577.08,389.53,242.30,286.19,143.11,471.26,147.86,169.09,131.98,292.08,83.01,955.22,193.58,104.13,405.16,97.80,368.52,227.53,89.12,1299.37,305.63,424.16,486.67,471.67,84.41,159.40,97.75,121.21,55.40,34.07,233.70,110.09,219.66,71.58,134.24,200.59,435.23,81.32,186.68,105.39,156.29,166.77,340.15,342.73,59.74,152.92,644.70,
2025-09-24,106.54,131.92,219.42,230.36,161.38,47.54,522.44,120.98,215.10,952.93,128.27,141.06,48.16,75.09,175.34,45.39,698.02,323.62,236.01,277.51,208.60,33.06,257.43,291.50,187.40,57.71,259.56,628.97,71.96,223.12,192.31,748.76,586.27,402.87,242.95,284.00,141.46,469.79,147.46,167.29,132.87,293.32,82.76,935.78,190.22,101.39,404.09,97.78,372.21,227.40,88.73,1300.00,300.30,417.98,486.25,468.94,83.90,159.76,96.89,119.25,56.11,33.82,233.75,109.00,217.42,71.58,133.30,200.04,431.16,80.91,186.17,105.63,154.60,167.36,339.47,342.48,58.99,152.00,626.57,
2025-09-25,105.77,130.11,217.16,232.00,160.51,47.85,516.18,121.23,213.53,951.71,126.69,140.43,47.67,73.45,172.97,44.89,712.15,324.43,234.88,271.25,207.70,31.93,251.77,288.89,182.36,56.74,257.89,607.52,71.40,221.52,194.52,745.08,585.77,400.41,244.06,289.24,141.45,463.72,146.28,165.59,132.40,294.57,82.35,931.25,189.85,99.15,406.40,97.60,364.74,226.86,89.44,1290.00,297.18,414.04,484.34,466.70,82.58,159.28,95.57,116.91,56.44,33.78,236.42,108.31,214.85,70.48,133.84,202.05,420.44,80.50,184.39,104.49,153.03,164.26,336.98,340.03,58.75,151.19,625.00,
2025-09-26,107.01,128.60,218.69,235.20,163.35,48.70,521.94,121.84,221.26,959.73,128.21,138.59,48.53,73.85,175.01,44.87,708.84,330.34,236.00,278.77,208.19,32.53,254.27,291.54,184.90,57.20,261.04,605.17,72.45,227.00,196.67,750.72,594.52,405.44,247.07,293.56,143.03,465.76,147.86,167.99,134.46,297.49,83.49,947.27,193.15,97.91,415.23,98.45,365.58,228.21,90.38,1295.72,294.98,418.04,487.44,463.99,83.72,161.35,100.50,118.20,58.43,34.01,237.82,109.76,217.51,70.44,131.81,204.24,425.22,82.30,186.38,104.63,152.81,168.27,341.91,343.58,58.84,152.95,640.57,
2025-09-29,108.16,129.25,219.43,236.18,163.63,48.87,520.65,122.76,217.08,947.98,128.53,141.04,48.91,73.90,175.04,44.60,716.02,332.17,237.63,279.53,209.28,32.76,255.59,292.66,185.61,57.66,261.38,602.43,72.75,227.35,197.58,753.57,593.99,409.11,248.78,296.95,143.95,471.61,148.46,166.64,134.80,299.62,84.03,943.89,191.92,98.64,414.38,99.57,367.15,229.06,91.29,1289.29,293.63,419.43,491.98,465.49,84.50,162.19,99.85,119.61,58.52,35.83,236.58,109.64,218.17,70.04,131.87,203.91,426.44,82.55,186.87,105.08,154.08,165.82,344.54,344.53,59.13,152.59,640.63,
2025-09-30,109.95,131.18,220.83,236.37,167.33,49.04,529.36,122.59,215.83,952.96,126.76,140.78,48.99,74.33,177.35,44.97,717.64,341.00,238.17,287.91,210.50,31.91,256.53,293.50,188.96,56.75,260.76,614.90,73.41,226.95,200.47,758.15,609.32,414.42,251.51,305.41,147.50,477.15,149.86,166.83,134.17,300.41,84.49,954.66,196.23,96.50,421.96,97.97,374.25,229.48,91.43,1318.02,300.82,422.37,499.21,457.26,83.53,162.76,98.32,121.25,58.74,35.51,235.81,110.76,208.14,70.39,132.40,205.26,430.31,82.62,188.00,106.61,155.18,167.40,346.53,349.53,59.70,154.45,649.54,
2025-10-01,108.89,131.19,219.87,234.74,167.20,47.72,537.06,121.53,215.20,944.00,124.01,139.24,50.08,73.62,176.73,45.09,711.34,340.75,234.60,286.01,210.18,32.28,253.84,291.61,191.63,56.11,259.92,606.15,73.10,228.55,198.56,755.22,605.42,420.65,249.55,300.47,147.88,480.82,152.49,166.40,132.68,298.68,85.21,962.92,194.85,93.15,425.41,96.61,373.84,227.29,92.36,1300.80,300.88,424.65,499.00,451.73,84.38,164.10,97.71,126.74,58.13,35.00,239.55,110.50,199.23,70.22,132.66,203.64,430.47,83.50,187.44,106.04,156.00,167.89,345.24,349.32,59.46,153.76,654.92,
2025-10-02,108.66,133.05,216.91,234.52,166.63,48.17,546.61,123.06,217.43,953.75,123.42,140.60,49.78,74.04,177.74,44.57,720.53,341.05,233.69,282.22,211.01,32.31,232.35,289.87,192.89,57.08,260.73,606.23,73.54,232.25,197.87,758.14,605.01,420.86,247.43,296.10,149.01,490.57,153.99,166.75,134.20,298.30,86.35,978.22,191.08,94.83,423.53,96.61,376.76,222.57,92.24,1283.81,299.45,432.59,499.36,461.82,85.57,165.18,99.08,127.72,58.31,35.57,242.32,112.36,201.38,71.00,134.77,202.91,423.42,84.18,186.13,106.46,158.80,169.99,349.13,348.69,58.90,153.98,660.28,
2025-10-03,108.79,134.76,219.76,236.80,166.58,47.88,550.63,123.52,216.30,956.59,124.61,141.33,50.41,75.42,177.29,45.11,715.51,343.62,234.69,284.24,209.05,32.52,236.67,291.31,195.58,57.26,260.00,594.99,73.35,233.45,200.08,763.23,609.54,421.17,249.04,297.39,149.85,497.85,154.60,166.61,137.95,300.15,86.85,980.80,189.25,95.33,424.09,96.60,373.46,224.15,91.54,1288.83,297.00,432.80,504.49,462.88,86.78,167.00,98.09,128.55,58.71,36.01,244.61,112.23,201.86,70.38,135.40,202.61,413.00,83.95,183.75,107.14,158.66,165.67,347.42,349.40,59.65,154.34,654.41,
2025-10-06,109.58,134.77,217.69,237.41,168.80,47.78,553.60,123.67,219.73,958.90,124.37,142.82,50.03,74.35,177.36,44.45,721.59,346.50,235.17,288.49,209.00,32.58,237.33,290.55,198.04,58.26,258.71,603.22,72.42,234.12,201.28,763.44,618.52,427.80,245.07,303.01,149.90,495.38,155.01,166.52,141.67,299.65,87.34,987.34,190.48,97.07,424.77,100.10,380.02,223.18,90.83,1291.74,298.22,438.88,514.24,457.31,86.62,167.05,98.52,127.11,58.32,36.25,247.03,112.05,200.22,68.79,134.36,199.04,413.05,83.41,182.99,106.10,155.93,164.13,340.56,348.57,59.81,154.62,670.00,
2025-10-07,108.31,131.49,217.56,231.86,169.27,47.45,542.03,122.28,221.82,958.82,127.02,141.36,49.61,73.19,177.03,44.23,714.60,343.43,236.90,285.38,208.98,32.39,237.99,292.94,197.00,56.63,255.75,606.12,71.40,230.85,197.80,750.68,621.63,421.51,246.09,301.43,148.13,486.71,155.31,164.59,140.00,295.86,85.03,988.59,191.46,96.65,423.11,97.80,370.94,222.75,90.40,1284.38,301.74,434.17,511.07,461.51,85.98,165.80,96.68,126.88,57.98,35.99,242.33,110.66,203.71,68.53,133.79,199.17,412.93,81.35,181.42,104.84,155.33,166.95,336.84,344.22,59.18,153.49,673.08,
2025-10-08,108.43,132.94,219.98,232.65,168.57,47.55,554.58,120.75,225.32,967.19,126.59,144.78,49.84,72.74,178.27,44.93,727.41,346.44,236.60,290.83,209.85,32.45,239.68,290.70,198.23,57.12,252.75,625.45,71.07,234.32,199.47,753.34,637.95,443.45,243.48,306.76,148.19,502.12,157.36,164.75,146.55,296.62,86.22,994.37,191.65,98.09,426.37,99.28,376.70,225.35,91.25,1285.85,302.56,436.35,514.02,460.75,86.25,166.89,95.73,129.54,58.12,35.95,239.93,111.80,205.08,68.81,134.04,198.81,419.67,80.99,183.19,104.00,156.00,171.33,339.25,348.11,59.80,155.60,695.03,
2025-10-09,107.76,131.53,217.53,231.54,162.18,46.71,534.34,116.22,216.00,968.53,125.21,141.28,49.30,69.72,175.45,44.04,734.04,342.77,234.12,286.14,204.23,31.68,233.25,285.89,194.05,59.57,248.29,634.27,69.73,233.76,195.62,738.74,635.01,429.92,241.27,298.20,146.81,500.36,155.44,162.30,142.62,294.89,84.64,980.43,188.83,101.34,418.64,96.00,377.19,221.69,89.72,1275.44,299.35,426.69,507.76,456.22,85.28,165.85,95.22,127.76,56.59,36.05,237.00,109.85,202.59,67.40,128.90,191.75,418.89,78.48,183.31,102.87,152.88,171.92,331.79,342.80,58.10,152.72,680.83,
2025-10-10,105.55,126.01,219.25,225.45,157.70,45.78,524.50,113.13,210.73,947.56,125.55,134.31,47.80,64.43,173.29,43.88,703.03,332.94,232.85,282.99,200.91,31.29,230.30,285.19,188.03,57.48,244.93,604.56,67.75,228.16,191.03,716.66,623.49,417.61,243.06,292.34,144.32,491.30,151.13,161.45,137.09,288.37,81.53,950.03,184.09,96.67,414.14,93.40,369.08,225.16,89.46,1277.99,291.49,413.08,505.05,446.35,82.87,161.16,93.00,122.50,57.00,35.49,224.63,107.21,199.82,65.09,125.31,187.96,408.46,76.10,179.28,101.87,148.75,170.08,327.33,333.75,56.66,148.40,663.74,
2025-10-13,106.38,128.18,217.09,225.85,158.85,42.33,524.25,113.97,215.56,935.49,127.42,136.18,48.58,64.49,173.69,44.07,710.00,334.39,232.67,287.90,202.91,31.90,225.46,284.35,185.94,58.72,244.46,648.25,67.68,230.52,193.54,728.66,618.88,430.98,242.08,293.42,146.00,504.76,153.91,161.16,138.12,289.57,81.74,974.54,189.99,99.25,418.76,94.08,375.37,223.04,89.18,1293.08,297.53,409.00,503.83,439.11,83.18,160.84,93.23,120.71,56.09,35.57,229.65,108.83,201.30,65.99,124.39,187.94,418.72,76.10,182.24,101.44,151.10,174.12,331.99,339.20,56.87,151.67,677.02,
2025-10-14,107.85,129.77,218.11,227.08,159.40,42.75,530.84,117.39,214.30,959.74,128.59,135.43,49.03,67.02,175.60,44.77,704.67,335.50,235.01,291.94,208.61,33.42,228.33,285.92,187.27,61.27,248.09,644.41,68.82,233.37,196.00,736.48,626.93,431.60,243.36,299.99,146.57,527.47,158.02,162.55,139.37,290.31,83.76,1000.50,193.03,103.15,424.04,94.25,374.35,224.48,90.82,1312.48,300.08,416.65,505.18,447.95,84.05,163.65,95.11,128.09,56.89,36.13,234.67,110.41,200.53,68.13,127.98,188.23,427.43,77.24,185.78,101.99,152.53,183.82,337.02,344.01,57.50,153.80,674.14,
2025-10-15,110.82,130.27,213.69,225.72,157.00,42.24,526.99,117.35,214.00,957.99,127.52,135.04,48.49,67.72,177.28,44.56,644.99,332.04,231.49,284.96,202.50,33.56,229.64,284.21,186.57,61.70,247.69,615.95,69.21,231.85,197.13,737.86,608.93,436.93,243.98,289.72,145.77,534.05,160.63,162.66,138.83,289.70,82.51,1020.00,192.27,104.05,422.45,94.52,381.72,221.03,91.47,1237.71,300.12,423.39,499.41,448.46,84.09,163.19,95.23,126.29,56.02,36.24,235.80,110.31,199.50,67.51,128.01,187.45,434.05,76.67,185.78,101.87,153.47,191.67,332.59,352.09,57.21,151.88,690.64,
2025-10-16,109.37,128.89,213.29,224.04,157.05,41.96,523.94,118.25,211.89,954.56,126.49,138.10,48.69,67.91,177.50,44.06,652.17,330.59,226.38,282.66,203.17,33.29,227.20,280.16,184.41,60.40,246.94,602.00,69.36,232.00,193.61,726.16,598.98,437.52,229.06,284.29,144.83,540.96,156.07,166.13,169.57,288.49,81.65,1005.65,191.68,98.19,415.92,92.52,375.59,218.23,90.67,1249.42,299.84,422.67,493.25,457.16,85.64,165.03,95.16,122.95,55.24,35.99,236.91,108.70,200.49,68.03,125.99,184.36,428.82,75.81,184.49,101.91,151.41,192.64,344.17,348.02,56.75,151.67,687.22,
2025-10-17,108.83,129.28,215.48,226.04,157.95,42.46,522.95,119.92,212.94,954.99,126.56,138.04,48.66,67.85,177.49,44.34,670.68,331.15,228.99,280.02,202.96,33.52,226.91,281.27,184.51,59.64,249.26,600.00,69.71,233.34,194.15,733.59,594.50,433.85,232.34,283.87,145.91,527.08,155.39,166.50,164.85,289.78,81.36,980.37,189.68,99.14,415.82,92.30,373.30,219.82,91.29,1265.88,300.14,411.83,495.15,458.50,86.41,166.31,94.69,122.54,55.82,36.60,237.80,108.79,200.69,67.87,127.39,188.10,425.71,77.22,185.47,102.76,152.64,190.49,339.75,347.66,56.20,151.20,689.01,
2025-10-20,110.60,130.35,215.40,227.30,160.71,42.99,534.75,120.44,216.82,970.92,126.59,140.71,49.28,69.09,177.97,44.76,683.13,337.19,230.68,285.77,206.03,34.43,231.12,283.03,190.49,61.75,252.38,594.07,69.81,235.66,196.12,740.01,602.00,440.74,235.29,290.56,146.76,531.18,162.57,168.92,165.49,291.15,82.40,1000.29,192.52,101.29,418.37,93.70,377.69,220.13,91.51,1301.68,302.68,414.01,505.90,462.44,86.91,166.61,97.48,122.46,56.07,36.67,239.81,109.30,201.09,68.71,127.46,192.33,431.65,78.47,187.39,103.98,154.78,195.77,340.87,352.79,57.67,153.98,700.18,
2025-10-21,111.18,132.17,214.89,226.54,173.04,43.32,548.99,121.03,217.26,971.54,127.54,144.36,49.78,70.86,179.47,45.76,707.04,340.69,232.32,287.53,209.08,34.68,229.93,283.98,193.16,62.32,257.14,585.33,71.00,237.73,198.00,757.83,599.35,437.43,237.03,292.30,147.19,524.65,164.44,173.04,168.98,289.78,83.02,1002.29,197.18,100.11,424.20,93.03,373.46,220.94,92.70,1329.17,306.63,417.97,489.50,459.82,88.06,169.33,99.85,125.68,56.33,35.73,242.84,109.02,206.86,70.18,128.28,196.49,435.29,79.56,188.30,103.79,166.64,192.50,345.73,354.16,59.82,157.65,689.95,
2025-10-22,108.54,130.11,216.46,225.24,177.98,42.60,493.07,118.61,216.59,968.00,126.61,141.02,49.08,69.23,175.50,44.93,701.09,338.24,232.95,283.64,206.61,33.76,230.64,283.95,188.47,60.00,252.96,576.00,68.20,234.15,193.43,741.39,596.48,412.21,237.47,288.97,145.99,513.91,157.70,167.61,168.53,288.63,82.58,991.50,191.23,96.27,408.50,92.21,360.60,223.28,91.42,1314.19,297.89,407.98,487.14,462.36,87.08,166.35,99.80,122.57,56.70,35.92,239.41,109.34,202.35,68.98,127.15,193.54,422.63,78.13,184.94,103.80,167.23,183.09,343.01,350.30,56.74,152.07,662.93,
2025-10-23,110.55,133.19,216.11,220.04,179.44,42.99,494.99,118.47,217.77,964.07,124.75,135.86,49.62,70.40,171.22,44.67,716.39,341.50,232.10,290.09,220.67,31.65,231.31,281.55,191.39,58.77,257.44,595.15,69.04,235.95,196.95,766.20,605.74,427.36,234.79,293.28,147.69,520.50,160.77,181.22,166.74,283.83,79.47,914.30,200.10,95.68,415.85,94.61,372.40,223.11,92.97,1350.00,306.39,417.74,488.05,469.42,87.03,168.37,99.38,124.20,56.79,35.53,238.17,110.70,200.25,69.49,125.41,192.34,433.27,80.36,189.20,104.87,171.60,189.04,346.67,357.16,57.12,155.38,696.28,
2025-10-24,112.94,132.68,214.66,216.61,178.65,42.87,496.24,117.81,221.35,968.41,124.60,136.12,49.47,70.21,167.30,44.66,735.95,350.77,232.29,299.91,216.14,32.20,233.80,280.94,189.96,60.95,245.75,584.39,68.90,235.90,197.63,772.00,605.58,440.93,234.94,293.20,148.25,522.73,159.59,177.43,165.11,280.50,81.22,913.33,198.51,99.31,425.87,94.07,376.29,223.09,91.95,1359.30,303.87,421.45,485.41,472.76,87.22,167.95,100.13,124.06,56.60,36.13,241.15,109.73,199.51,68.14,126.06,190.83,434.39,79.78,187.14,104.65,168.50,191.95,343.93,356.48,57.84,154.97,748.24,
2025-10-27,113.05,134.46,213.77,218.23,179.24,42.54,502.22,119.65,223.00,978.31,125.01,136.73,49.47,72.08,170.94,44.16,749.00,353.77,231.92,301.69,215.07,32.25,229.02,280.53,189.11,60.45,247.81,584.39,68.61,238.35,200.34,774.18,595.95,441.82,233.68,291.14,149.40,527.07,161.00,177.96,167.77,281.64,80.47,900.34,201.84,98.80,428.28,96.42,379.74,221.04,92.05,1354.46,312.84,421.06,486.91,478.10,89.22,167.60,101.08,123.19,56.23,36.00,247.34,109.13,200.24,68.32,129.06,188.68,433.98,80.24,186.75,104.12,168.40,190.41,346.25,361.53,58.29,155.50,754.85,
2025-10-28,112.21,134.52,204.23,217.59,178.67,41.63,501.16,119.40,223.33,963.48,124.05,136.09,49.16,71.88,169.08,44.07,755.00,346.68,229.80,299.14,214.41,31.09,224.16,279.63,187.81,57.86,245.87,570.98,66.84,235.32,197.99,767.01,595.05,439.57,232.13,287.38,150.50,524.47,158.31,179.71,166.56,280.40,79.95,875.67,201.04,94.94,426.36,95.43,376.01,217.73,91.30,1335.12,309.79,414.30,485.77,468.19,96.36,166.95,99.17,119.35,56.05,35.68,249.55,108.87,198.50,68.43,128.07,189.89,455.34,78.85,185.10,102.53,166.83,190.15,342.70,361.98,58.74,154.41,751.44,
2025-10-29,113.34,136.43,197.53,216.37,176.36,41.09,487.78,117.57,213.58,958.97,117.40,136.13,50.34,69.96,165.59,42.50,759.44,343.48,219.88,298.42,212.89,30.66,214.51,261.22,188.16,58.76,242.03,577.97,65.58,233.18,201.55,775.03,584.99,448.69,208.00,286.87,152.95,585.49,158.36,180.80,168.88,279.53,79.99,870.78,203.48,95.93,427.48,95.76,387.75,210.50,93.38,1316.00,314.28,441.26,485.33,473.49,97.40,173.40,98.21,115.29,53.87,35.30,249.64,107.62,186.46,65.22,129.38,183.90,472.57,79.70,184.19,99.50,164.63,180.86,337.15,368.15,60.75,155.16,777.00,
2025-10-30,114.21,136.82,200.57,218.83,177.42,41.55,495.69,120.19,200.08,956.24,117.23,137.25,51.25,68.58,165.29,42.48,738.88,344.66,221.00,319.07,200.11,30.09,211.50,261.53,190.92,57.12,243.64,574.07,66.70,231.79,203.14,774.35,578.60,453.83,217.60,295.90,151.53,583.15,158.22,180.14,166.64,281.62,79.42,858.91,201.77,93.38,446.37,96.49,383.09,209.92,92.49,1306.14,310.75,438.09,489.72,465.41,95.06,170.30,98.82,111.69,57.79,35.64,248.93,107.14,185.29,64.99,154.88,183.98,469.96,78.73,198.32,100.38,166.45,165.78,338.61,365.66,58.85,154.71,648.00,
2025-10-31,114.39,139.57,199.77,220.37,178.50,41.15,505.00,121.90,201.02,979.00,117.03,140.42,50.34,67.72,165.77,43.01,732.23,344.90,220.40,322.02,201.33,30.30,211.10,260.30,190.47,57.38,243.92,585.14,65.99,231.95,204.44,772.83,583.45,449.13,218.76,289.10,150.85,577.26,155.81,181.46,168.86,283.38,80.81,871.18,205.95,94.04,448.65,96.50,381.56,208.24,92.76,1308.51,308.95,437.68,491.88,461.63,96.42,171.46,98.40,116.17,57.61,36.02,253.82,106.35,187.09,64.76,153.99,183.27,470.00,76.33,202.11,98.68,166.50,168.02,335.55,368.36,59.49,154.90,675.78,
2025-11-03,113.18,140.03,196.77,218.82,177.04,41.04,493.88,122.46,204.55,966.32,115.11,137.51,50.10,66.36,164.68,43.00,724.10,341.87,221.18,317.54,197.77,30.43,209.84,257.17,193.05,58.50,243.13,581.26,65.66,229.66,204.92,771.88,575.41,450.82,215.40,288.59,149.09,570.59,154.25,178.16,169.75,282.17,79.98,857.41,206.74,96.11,446.31,99.72,386.57,205.28,90.17,1300.00,308.62,437.71,487.94,461.94,94.09,168.25,97.46,112.97,58.50,35.83,252.99,106.84,184.85,63.70,152.15,182.04,467.61,76.00,198.71,98.94,162.19,163.75,337.78,364.54,57.86,154.59,673.52,
2025-11-04,111.04,137.74,200.68,220.91,175.61,41.30,492.16,135.73,198.05,955.87,115.14,141.36,50.34,66.63,165.55,42.85,706.13,343.47,222.86,315.90,196.46,29.67,208.46,259.22,199.55,55.65,244.92,547.96,65.15,230.32,204.46,768.99,577.14,438.66,220.00,291.12,149.69,547.58,154.57,178.24,172.64,283.80,79.76,852.76,205.02,90.77,432.99,94.67,377.72,207.74,90.70,1291.97,304.20,428.74,484.98,468.30,93.25,167.86,96.92,109.79,59.62,35.84,251.88,107.18,181.91,63.00,152.91,184.11,459.44,77.24,198.06,99.63,160.59,156.59,338.73,359.85,57.55,152.47,654.50,
2025-11-05,120.86,132.45,200.54,217.38,174.00,41.68,489.99,137.92,197.62,962.39,116.50,140.78,50.23,69.62,165.81,41.93,639.53,342.91,218.58,306.68,197.05,31.62,207.33,259.57,195.07,58.54,245.06,559.70,66.03,233.30,206.02,774.15,570.50,453.45,214.05,287.10,150.68,569.15,155.99,179.65,170.25,280.77,80.27,844.51,206.31,96.65,436.16,92.75,385.44,206.43,91.24,1266.31,305.11,439.18,473.14,473.69,92.91,168.27,100.74,111.56,59.67,35.32,256.10,107.95,183.71,63.41,153.13,185.81,468.06,78.40,198.06,99.92,164.32,159.18,342.75,362.60,56.85,153.08,675.42,
2025-11-06,122.25,131.49,199.62,217.99,175.10,40.77,491.00,134.54,196.50,952.66,112.82,137.69,51.08,67.47,165.07,39.98,587.14,340.30,217.49,305.43,195.91,31.51,204.19,252.36,194.76,57.81,244.30,550.17,65.58,230.57,203.77,834.15,571.96,442.90,212.87,285.02,150.34,569.78,153.49,178.57,169.03,282.10,80.43,845.04,205.72,95.72,435.60,92.12,377.40,204.23,91.15,1271.60,305.27,462.80,468.92,475.38,93.60,166.82,98.28,109.04,58.65,35.16,258.86,106.66,164.01,62.10,148.23,184.89,461.47,77.68,197.25,98.52,163.85,153.79,341.35,372.50,56.57,152.45,653.75,
2025-11-07,122.25,129.49,201.92,221.48,176.97,40.85,492.22,137.43,194.61,955.04,111.96,139.90,51.23,68.27,167.35,40.51,602.51,346.34,221.72,309.56,194.07,32.45,207.59,254.16,196.98,58.88,245.49,575.13,66.26,232.61,206.31,844.01,568.61,445.01,214.66,290.66,151.31,563.10,153.36,180.33,170.96,284.25,82.03,848.25,206.66,97.43,434.50,91.99,373.77,205.59,91.02,1284.76,307.27,473.34,458.35,467.79,95.95,167.96,98.69,109.42,58.61,35.34,262.09,107.36,162.15,61.99,149.44,185.07,462.43,77.50,196.29,98.61,164.84,155.29,343.71,373.49,57.51,153.16,649.34,
2025-11-10,122.58,129.99,200.47,223.88,179.03,41.35,489.42,140.44,194.81,949.96,111.48,137.76,51.33,67.94,166.88,41.41,584.69,349.49,223.16,318.66,196.07,32.66,208.82,254.06,196.87,58.56,244.27,579.80,66.17,234.77,210.00,840.63,562.98,450.38,212.94,297.00,151.05,570.85,154.28,182.09,168.48,286.92,82.06,854.53,209.74,96.14,433.50,94.10,379.57,204.12,90.26,1288.91,311.94,484.34,452.10,474.39,93.06,168.80,98.98,107.06,58.56,35.12,253.89,108.69,166.80,61.47,151.72,185.25,462.28,77.25,198.01,98.26,167.67,156.64,343.18,391.24,57.33,154.05,656.33,
2025-11-11,121.94,129.53,203.27,224.80,179.22,41.26,487.39,139.51,195.21,945.61,111.64,139.51,51.88,67.62,167.55,41.34,572.18,352.42,222.87,324.19,200.41,31.99,212.65,255.20,198.25,57.74,245.36,576.08,65.79,236.41,207.94,857.93,566.74,448.91,215.27,301.68,149.78,567.93,154.67,183.97,168.03,287.57,82.45,855.01,208.90,94.95,421.64,93.60,367.91,207.13,90.32,1294.00,310.72,476.01,457.07,477.95,95.03,169.51,98.02,106.91,58.53,34.98,267.72,108.24,170.34,61.93,150.70,185.76,450.12,77.33,197.64,97.89,168.67,157.92,343.07,392.08,56.97,154.06,640.85,
2025-11-12,122.66,132.44,203.80,223.55,177.69,40.97,476.95,140.68,195.50,944.97,111.08,138.85,52.03,68.24,168.38,41.28,569.51,349.45,223.66,317.89,201.59,33.34,208.35,254.55,193.02,60.48,245.43,575.40,66.37,236.24,209.65,854.32,558.57,449.42,212.91,300.24,149.87,573.02,154.62,183.62,169.26,286.49,82.48,860.71,205.07,99.97,421.75,93.57,369.40,205.15,90.98,1307.97,309.02,479.49,457.04,480.78,96.18,169.57,98.47,106.42,58.48,35.39,268.67,108.68,167.66,62.52,152.99,185.28,453.00,77.71,196.79,97.73,171.08,162.42,341.71,394.54,55.99,154.25,643.38,
2025-11-13,120.20,128.46,204.51,221.48,173.96,40.75,476.66,138.44,194.58,934.94,111.80,135.45,51.96,67.40,164.52,41.62,557.29,344.06,225.61,312.67,199.87,33.04,207.00,254.61,191.32,59.91,245.29,558.17,66.09,233.15,204.27,841.94,558.00,426.93,217.68,288.37,147.27,553.55,153.20,181.97,166.31,283.53,81.45,843.26,201.30,97.17,414.85,91.78,354.07,206.02,90.59,1325.04,304.17,467.49,455.85,473.41,95.97,167.06,96.55,103.89,57.61,34.88,267.34,106.75,164.66,61.80,151.66,187.91,437.65,76.20,194.15,98.56,170.62,154.63,336.18,379.69,55.16,151.92,618.96,
2025-11-14,118.72,127.58,209.17,223.02,175.57,40.45,471.50,138.42,194.52,926.21,112.10,132.29,51.59,65.65,161.25,41.08,554.37,344.25,226.06,313.97,199.04,32.82,207.15,253.09,191.41,58.41,243.97,578.31,64.74,230.27,203.92,831.95,558.00,429.30,215.84,289.39,142.73,554.03,154.41,183.12,162.81,283.98,80.72,834.03,203.29,95.03,418.16,91.62,352.39,209.80,88.77,1340.60,304.82,462.61,465.77,476.23,95.98,164.49,95.59,103.44,58.22,34.90,267.56,104.33,166.12,60.75,152.80,186.72,432.82,75.47,193.36,98.78,167.58,151.21,329.98,377.13,54.10,151.89,619.86,
2025-11-17,116.38,126.93,207.97,221.00,175.63,39.70,459.89,142.23,191.81,923.47,110.48,129.89,50.52,63.67,159.97,41.33,543.23,341.78,224.77,309.74,196.08,31.85,204.86,250.90,188.79,55.76,241.41,577.02,63.31,227.79,199.58,820.97,563.03,426.87,219.10,287.69,140.99,552.05,150.59,180.05,160.30,281.41,80.06,806.61,200.28,89.95,413.78,92.11,342.75,209.81,88.07,1335.77,300.13,455.98,470.78,475.98,94.19,162.76,94.15,99.42,57.96,34.01,264.73,101.83,164.09,59.36,152.64,183.76,420.57,73.67,191.19,98.07,165.39,140.51,328.69,370.10,53.13,150.33,611.40,
2025-11-18,114.44,126.75,211.30,220.82,174.72,39.96,455.54,139.91,189.63,918.18,109.96,130.66,50.38,62.83,161.07,41.32,533.77,341.29,224.94,309.16,191.45,31.96,204.52,249.69,189.11,57.13,241.93,554.93,63.38,226.69,197.61,817.30,566.76,439.29,222.96,285.44,140.16,546.88,150.76,179.78,162.03,280.74,79.85,800.50,201.22,91.92,407.04,90.86,338.29,213.96,87.70,1351.06,296.01,464.92,474.72,473.85,92.83,161.68,97.00,98.60,58.61,33.99,263.08,102.12,161.33,59.09,151.69,183.91,417.28,73.56,189.90,97.80,165.79,142.46,329.90,366.01,52.01,149.62,614.59,
2025-11-19,114.42,128.17,215.66,221.17,173.77,39.55,446.44,139.13,185.70,922.56,109.55,127.51,50.42,62.12,160.68,41.37,531.09,343.06,226.33,309.74,190.57,31.92,206.26,250.41,189.18,56.87,241.07,595.37,63.61,227.57,197.92,820.67,565.00,445.47,224.87,285.25,138.98,553.11,145.05,179.64,159.92,281.77,79.78,792.27,202.06,91.33,406.83,89.53,345.65,217.47,86.58,1341.19,300.82,473.26,469.91,474.77,92.41,161.68,96.49,95.75,59.35,33.96,262.57,102.52,160.97,59.44,151.36,183.47,419.09,73.71,191.57,98.26,166.58,147.26,330.16,372.48,51.25,150.15,605.84,
2025-11-20,112.99,123.72,216.80,221.21,172.73,39.15,444.26,138.30,179.38,925.15,108.46,126.29,50.84,62.44,159.45,41.02,519.61,339.44,227.12,301.83,188.14,31.16,206.65,249.06,185.66,55.97,241.10,558.03,63.25,228.08,196.14,819.40,567.35,429.78,221.88,284.22,138.04,546.13,129.17,178.03,158.92,280.22,79.53,770.00,197.92,90.05,400.06,83.36,328.19,218.43,86.86,1327.87,290.62,465.19,468.26,476.33,90.87,163.00,97.60,94.85,59.63,33.68,263.10,101.48,159.91,60.10,148.57,183.20,407.36,74.54,190.02,97.29,164.61,140.22,331.22,368.70,50.36,147.59,583.08,
2025-11-21,113.55,128.22,216.62,226.22,169.68,39.91,465.12,143.21,179.70,952.15,111.46,134.28,52.82,66.15,162.87,40.73,521.99,340.34,228.39,305.49,190.02,32.80,213.73,253.12,186.49,58.57,247.77,555.84,65.10,233.48,200.22,839.57,566.70,430.15,223.16,277.78,140.39,550.43,128.77,183.58,166.43,286.29,81.33,800.00,197.28,92.20,410.10,83.87,331.71,219.00,88.06,1347.22,287.44,472.51,460.78,487.24,94.66,170.65,102.99,101.62,60.31,34.28,269.43,104.79,162.14,62.24,151.68,185.80,421.84,78.54,195.02,98.98,168.09,146.04,335.90,378.73,52.41,149.36,581.58,
2025-11-24,114.19,128.62,211.84,224.50,173.21,39.59,465.17,144.26,179.12,929.96,109.91,132.33,52.46,67.19,162.29,38.91,524.60,338.13,226.23,309.92,188.66,33.28,209.62,250.10,186.81,60.67,242.53,580.49,64.10,233.04,200.01,840.02,565.56,442.64,219.84,275.40,141.83,559.60,132.87,183.04,166.65,283.11,82.39,811.00,200.12,95.62,409.94,83.69,330.43,215.16,86.96,1335.76,294.05,485.62,451.06,487.23,93.56,169.91,102.46,100.53,60.12,34.39,266.98,104.11,159.21,61.74,154.57,182.16,424.08,77.74,195.22,98.14,169.56,144.73,333.02,384.37,51.75,149.79,602.84,
2025-11-25,114.65,130.90,216.23,229.13,172.15,40.09,484.16,147.58,182.44,941.75,112.11,134.33,53.28,70.73,166.09,39.06,528.89,341.07,228.22,314.73,191.02,34.36,214.88,256.31,191.50,62.15,248.35,572.56,65.41,238.33,206.08,852.04,569.42,450.14,223.02,276.33,141.51,566.61,133.54,186.02,172.03,289.06,82.92,810.00,203.68,98.91,418.82,83.69,336.65,217.09,88.44,1352.54,293.44,494.94,452.41,498.13,94.54,173.65,104.92,108.97,61.22,34.90,273.87,106.03,164.34,63.34,157.35,183.67,429.82,79.46,197.22,103.96,171.54,148.56,340.29,391.30,53.95,151.66,605.61,
2025-11-28,116.31,133.38,217.87,231.83,174.91,40.40,498.87,146.90,189.00,948.63,111.69,135.29,53.48,71.52,166.03,38.98,540.14,341.63,228.09,313.62,192.19,34.81,212.37,255.30,191.10,64.10,249.28,599.77,65.98,237.66,208.55,861.70,572.25,464.88,225.07,278.69,140.67,575.76,134.81,185.28,173.96,292.09,83.16,815.18,204.59,101.96,421.48,87.54,345.89,217.06,88.85,1360.17,298.45,497.98,457.86,464.49,95.79,173.93,105.42,112.23,61.48,35.36,275.68,105.24,161.17,64.87,158.87,186.02,431.43,80.34,197.89,101.22,172.05,151.63,340.05,395.86,54.88,153.41,615.07,
2025-12-01,114.94,131.94,215.93,231.36,168.02,40.15,489.46,146.45,186.46,944.87,110.54,139.67,52.77,70.56,165.17,39.15,533.21,332.38,226.55,306.65,190.22,34.77,208.94,255.84,188.42,64.15,247.49,576.90,66.02,235.03,208.65,856.12,545.51,452.23,224.01,272.32,139.41,568.06,132.84,184.89,179.73,289.83,82.00,805.24,198.74,101.12,410.16,86.57,339.71,214.07,88.15,1354.86,288.45,496.15,439.19,468.11,95.22,174.64,103.97,113.18,61.18,34.85,273.34,105.06,161.81,64.77,160.32,185.43,427.85,79.19,195.61,100.97,170.48,149.22,338.47,389.96,54.25,151.12,607.78,
2025-12-02,115.28,131.84,214.54,232.24,168.80,40.47,487.29,146.48,205.38,961.15,110.78,141.46,53.14,71.24,164.16,38.96,537.75,335.80,227.61,307.20,193.15,35.43,208.67,257.18,187.07,65.14,248.38,601.58,65.96,236.53,208.38,858.94,546.97,454.72,224.85,273.97,139.42,582.47,135.02,187.48,185.73,291.75,82.43,800.83,196.26,104.38,411.22,87.57,333.11,212.67,87.24,1343.65,289.32,501.50,441.82,469.15,95.58,175.10,105.89,112.10,60.90,34.97,270.37,105.16,161.95,64.27,159.63,184.19,427.48,79.18,197.29,101.80,171.56,155.31,340.58,391.20,53.82,152.44,606.37,
2025-12-03,114.22,134.89,216.15,235.23,168.45,41.22,500.01,148.09,202.54,971.16,113.39,150.95,53.45,72.53,164.03,38.85,543.55,338.08,230.46,309.23,193.47,35.68,209.75,260.22,188.44,67.49,250.04,601.97,67.32,238.59,213.45,869.20,553.32,456.02,224.48,277.74,140.89,591.49,138.73,190.27,187.92,294.05,83.70,813.66,194.29,108.48,409.07,90.68,335.57,215.37,86.94,1337.33,288.49,507.81,446.80,481.82,98.21,178.21,108.54,114.44,60.62,35.95,270.45,106.47,164.56,64.62,159.54,184.71,429.34,79.75,199.22,102.18,173.09,159.17,344.34,400.37,54.62,153.88,612.00,
2025-12-04,114.20,136.64,214.19,237.29,171.31,41.75,504.73,150.50,201.87,968.91,111.77,153.51,53.38,72.21,160.85,38.80,550.61,341.70,230.88,315.88,192.23,35.81,211.28,259.40,192.42,67.24,249.38,629.11,67.20,238.41,214.04,873.66,553.00,464.84,222.09,280.51,140.87,599.15,140.73,190.64,187.54,295.13,83.14,807.74,196.27,104.73,405.35,90.99,338.93,215.12,86.91,1360.10,291.86,510.74,448.35,483.03,94.76,179.03,108.50,111.01,60.34,36.18,274.05,104.89,166.14,64.40,158.05,184.03,437.71,79.99,199.22,102.89,169.27,163.24,346.13,403.89,54.50,154.67,635.36,
2025-12-05,114.23,137.39,213.58,235.31,171.10,41.50,511.63,151.47,201.89,975.54,112.06,155.15,53.75,72.47,159.08,38.72,550.95,337.31,232.02,304.58,191.33,37.85,211.51,261.63,186.82,67.10,249.70,631.32,68.03,238.93,214.95,880.00,548.97,460.64,221.24,278.50,139.01,603.17,140.22,191.09,188.41,294.19,83.47,796.91,190.98,104.95,401.43,91.32,337.66,216.53,86.45,1346.86,283.94,510.65,452.20,475.11,94.87,177.54,110.33,110.01,61.40,36.30,274.29,104.25,165.72,63.20,157.22,186.75,440.53,79.86,199.80,102.16,167.48,162.33,347.21,404.29,54.29,154.36,623.62,
2025-12-08,114.98,135.93,210.23,235.44,171.52,40.80,503.43,148.05,206.27,959.07,112.45,151.68,54.13,72.36,158.86,38.41,553.12,336.01,227.54,315.88,191.99,37.95,210.29,258.69,185.62,67.22,248.13,621.90,67.15,234.45,212.20,879.67,553.56,463.09,218.96,281.65,138.32,596.50,140.06,191.28,189.89,293.00,84.41,785.04,193.64,104.50,397.27,92.57,343.39,211.44,86.12,1347.17,287.19,507.70,465.38,466.35,95.55,175.95,109.72,107.46,60.54,36.35,276.64,104.25,163.97,62.46,153.41,182.98,441.51,79.31,199.26,99.62,163.96,164.04,347.45,402.22,53.03,154.15,629.22,
2025-12-09,115.77,135.25,209.31,231.56,171.93,40.34,500.49,147.71,200.37,958.68,112.74,148.89,53.67,71.88,157.49,38.44,546.65,334.27,225.32,314.95,190.17,38.15,209.02,258.23,184.95,67.41,246.63,625.30,66.43,233.44,209.62,862.93,550.63,457.96,216.03,277.37,136.95,594.36,137.28,190.08,189.77,289.53,83.90,789.90,191.36,105.70,399.00,89.07,341.76,209.32,87.09,1318.02,285.31,500.16,466.89,462.86,96.97,173.50,108.91,105.01,58.01,36.37,275.13,101.86,162.70,61.11,152.52,183.15,438.70,78.38,195.97,98.41,165.09,160.11,342.87,400.61,52.84,153.02,623.74,
2025-12-10,115.81,137.01,209.15,235.46,174.72,40.93,505.78,151.35,198.72,995.57,112.88,157.32,54.80,75.86,160.30,39.19,568.39,342.23,226.91,323.14,192.06,39.83,215.18,259.34,188.31,69.93,253.53,723.00,67.92,236.32,215.58,889.25,555.36,462.21,214.48,285.94,138.46,615.35,135.25,195.70,198.13,294.26,85.10,813.59,192.39,107.74,399.14,84.16,353.45,207.56,87.85,1302.90,283.60,524.53,467.94,468.90,99.64,176.51,113.48,109.58,58.77,37.09,284.31,105.25,163.80,63.44,158.34,185.54,448.18,80.98,200.66,97.75,165.66,166.57,348.46,410.23,53.40,155.83,627.02,
2025-12-11,118.06,139.57,212.05,236.12,177.42,41.75,514.86,153.02,200.71,1032.39,114.63,158.92,55.46,76.54,164.71,38.69,581.03,341.48,231.50,326.72,193.85,40.74,220.60,264.69,190.53,70.56,257.41,704.20,68.58,234.43,217.77,899.13,560.04,466.91,216.29,289.86,140.06,625.61,136.73,201.28,199.55,294.06,86.85,833.85,195.89,108.39,403.38,85.44,350.36,211.18,87.73,1317.49,288.42,523.41,474.88,475.94,100.48,181.24,112.79,109.87,59.49,37.15,284.78,105.89,166.08,64.69,159.80,188.83,462.82,83.44,203.84,98.73,168.60,167.65,351.49,413.05,54.15,157.57,639.58,
2025-12-12,114.76,136.64,215.61,239.95,178.66,42.01,505.76,151.76,204.38,1022.54,115.45,159.49,54.93,75.68,160.83,38.67,564.28,337.49,230.05,326.92,193.66,41.17,220.83,266.10,189.73,69.81,258.02,671.71,68.72,235.45,214.41,884.87,569.76,438.11,217.14,286.95,137.10,597.89,135.72,199.12,198.68,296.98,87.17,818.31,198.31,106.84,391.19,85.11,331.98,213.65,88.14,1294.65,299.81,510.05,480.25,484.80,100.92,178.93,111.56,108.48,60.05,37.39,284.34,106.01,166.61,63.94,157.09,187.53,448.00,81.76,201.74,98.71,168.90,160.75,350.83,405.18,52.94,156.57,623.65,
2025-12-15,116.88,137.26,218.32,240.47,182.11,42.58,496.13,151.57,205.50,1029.56,115.38,157.46,55.35,74.15,163.06,38.67,551.79,340.69,229.23,329.16,197.45,41.72,217.02,264.95,185.95,71.27,258.66,681.35,68.82,237.79,215.38,883.47,575.79,435.87,218.23,288.53,138.25,589.76,135.52,201.30,197.60,299.49,87.94,810.44,197.24,107.70,394.87,81.86,333.21,215.33,88.57,1292.08,300.98,517.25,484.42,488.01,100.07,178.69,112.96,104.66,60.02,37.18,281.23,105.04,162.81,64.92,157.61,188.45,444.84,81.63,203.19,100.28,165.70,158.43,351.95,401.65,52.58,156.80,624.09,
2025-12-22,119.96,134.99,219.66,234.61,185.68,41.75,495.48,153.02,216.84,1034.87,114.88,159.30,55.68,75.24,160.77,39.36,600.19,345.19,228.22,353.52,195.96,42.24,220.46,259.74,186.04,72.06,251.57,661.81,68.11,243.36,221.71,886.47,584.66,433.03,220.44,295.10,139.11,582.41,135.68,199.51,199.58,291.60,90.88,816.73,208.17,116.02,389.86,81.26,320.39,212.92,87.24,1301.79,314.73,519.28,483.57,468.77,100.73,179.52,112.81,103.65,61.14,36.54,292.78,105.27,165.42,64.26,164.99,191.99,451.03,81.12,206.23,102.01,160.00,140.05,350.03,398.60,53.20,156.94,621.84,950.79
2025-12-23,121.13,135.49,220.34,234.15,185.76,41.72,494.55,151.65,216.85,1023.90,114.10,158.62,55.64,74.65,160.62,39.15,591.02,343.84,227.36,354.52,195.50,41.56,219.99,257.01,186.32,70.50,251.83,661.45,67.74,241.98,219.55,887.14,580.06,435.20,218.46,297.83,138.62,582.42,135.86,199.95,197.03,291.88,90.50,817.85,209.57,113.53,393.74,80.97,322.81,213.06,87.83,1314.52,315.53,517.09,482.55,466.21,100.19,180.34,111.72,102.70,60.74,36.59,295.21,105.47,159.63,64.07,164.59,190.66,455.92,81.45,208.56,102.64,160.15,139.87,352.01,398.84,53.34,156.86,625.69,965.37
2025-12-24,121.39,136.30,221.36,235.05,186.38,41.83,497.23,151.56,218.16,1030.73,114.58,159.36,55.46,74.87,160.85,39.10,591.15,345.39,228.38,355.45,196.93,41.48,220.56,258.10,186.63,70.96,251.95,667.32,67.96,243.47,219.76,887.76,582.35,433.58,218.85,298.14,138.73,583.76,136.11,199.56,198.29,292.71,90.87,824.77,212.17,114.81,393.18,81.15,323.67,213.20,87.90,1313.57,316.75,517.60,485.75,467.44,100.66,180.20,111.51,104.03,60.66,36.78,295.90,105.38,160.40,64.75,164.95,191.18,456.28,81.57,208.28,102.29,160.34,140.81,353.11,398.22,53.50,157.36,626.07,958.07
2025-12-26,122.06,135.71,221.10,233.44,185.17,41.56,498.16,152.24,216.44,1024.28,114.19,159.49,55.69,75.38,160.79,39.30,583.84,342.20,228.19,351.13,197.37,41.28,222.06,258.84,185.86,70.85,252.46,663.46,67.76,243.99,219.31,888.08,577.37,432.67,220.34,296.77,138.80,583.00,135.28,200.15,198.28,290.96,90.22,827.94,211.22,114.04,392.59,81.26,322.17,213.37,87.62,1309.24,315.14,519.12,483.03,468.93,100.54,180.32,111.79,103.99,60.60,36.62,296.33,105.68,160.41,64.74,164.63,191.14,454.94,81.28,208.45,101.75,162.08,140.56,354.00,399.79,53.59,157.04,627.09,963.83
2025-12-29,121.71,135.22,222.29,234.53,184.42,41.29,496.58,151.06,217.25,1026.31,114.00,159.56,56.15,75.14,161.35,39.49,580.55,340.48,227.38,345.73,197.09,41.12,222.13,259.61,185.49,69.53,252.23,663.46,68.08,243.14,217.16,890.55,577.78,431.03,224.74,295.93,138.41,578.61,135.28,199.03,197.55,292.05,88.74,819.51,209.49,111.45,394.19,81.50,321.45,214.52,87.95,1315.96,311.58,514.64,488.87,470.24,99.68,180.01,111.44,103.45,60.77,36.72,292.89,105.80,160.76,64.60,163.94,191.04,451.39,80.90,208.69,101.50,161.72,138.48,351.00,396.48,53.61,156.69,623.26,950.67
2025-12-30,120.94,135.29,222.12,233.06,184.01,40.87,494.00,150.12,218.50,1021.09,113.39,159.31,55.94,75.19,161.13,39.50,572.11,339.47,225.24,341.98,196.36,41.27,220.77,259.53,183.35,69.34,250.83,659.64,67.74,243.96,216.69,888.82,574.57,428.81,224.36,295.47,137.59,577.39,133.94,197.78,196.21,290.11,88.34,817.25,207.81,111.52,391.71,82.12,320.86,214.69,88.01,1316.45,311.79,513.61,488.00,469.94,99.64,179.28,110.96,103.19,60.43,36.42,291.06,105.78,160.52,64.20,161.96,190.35,446.61,80.65,207.03,101.36,161.17,137.86,349.67,393.68,53.43,156.26,617.30,946.93
2025-12-31,119.75,132.72,219.71,231.32,183.40,40.13,485.58,149.01,217.12,1009.05,112.18,156.80,55.21,74.28,159.22,39.15,567.93,336.66,223.17,340.07,195.09,41.33,216.98,257.23,180.40,69.40,246.30,653.57,66.88,240.43,213.45,878.96,570.21,422.06,223.69,293.57,136.18,572.87,132.46,195.24,194.34,288.72,87.17,809.32,205.02,111.82,389.20,81.71,318.51,211.93,87.35,1329.85,308.03,510.45,483.67,465.57,99.19,177.94,109.51,102.89,60.02,36.25,288.86,104.14,159.36,63.46,160.76,188.07,444.11,79.22,205.31,99.78,160.10,136.37,344.60,389.07,52.84,155.23,611.79,933.29
2026-01-02,122.31,135.82,218.40,231.91,187.25,40.44,498.91,151.86,227.77,1003.81,108.60,159.19,55.39,76.47,160.91,37.77,563.45,343.40,220.47,349.75,195.88,41.30,214.03,252.88,183.47,69.06,249.50,679.55,68.32,241.03,216.28,893.98,585.66,439.68,221.02,304.48,137.11,598.41,135.35,195.75,196.78,287.82,87.05,845.06,211.71,113.01,398.00,82.86,327.31,210.20,88.34,1358.55,320.75,522.03,497.07,466.80,101.02,179.06,111.56,104.63,59.01,36.27,293.13,105.47,152.40,64.47,163.72,184.88,463.03,79.76,209.14,98.50,161.82,141.10,350.95,398.55,53.52,157.81,638.65,1003.64
2026-01-06,113.95,145.62,219.08,233.62,190.40,41.54,519.85,157.50,229.84,1028.98,111.22,168.88,55.45,80.76,161.84,38.96,626.65,360.71,221.70,367.60,204.94,42.48,212.25,261.12,197.50,72.22,254.15,686.33,68.65,252.00,220.94,928.76,610.61,438.22,221.23,314.47,141.33,623.09,137.67,203.50,205.54,291.15,90.07,892.10,214.69,117.53,381.10,85.54,332.97,210.93,89.89,1384.40,327.54,546.76,522.04,485.98,105.22,183.87,117.08,111.26,59.51,36.07,307.93,104.47,156.55,66.03,167.66,187.38,477.46,83.43,214.16,99.94,166.21,145.27,357.73,413.36,53.50,161.82,655.94,1035.11
2026-01-07,112.41,142.15,215.97,224.48,185.73,40.61,504.97,156.90,228.12,1004.68,111.63,165.72,54.14,78.69,159.02,38.19,620.91,345.64,219.47,356.45,199.51,42.64,213.50,261.26,196.61,71.65,246.99,662.32,67.12,252.86,216.62,908.39,577.01,436.89,219.61,309.76,139.43,596.52,136.80,199.38,203.82,284.09,88.58,880.88,210.90,116.60,376.43,86.19,322.67,209.08,88.42,1385.25,323.64,539.03,496.87,475.20,105.41,180.49,115.30,105.05,59.45,35.05,307.33,100.06,156.82,64.30,166.73,186.70,468.20,81.33,211.18,100.31,162.91,141.86,352.58,409.34,52.57,158.75,650.97,1035.12
2026-01-08,111.29,143.85,217.86,229.85,187.17,41.80,516.62,158.15,227.38,1033.33,114.25,171.07,55.21,81.49,164.27,39.04,612.98,351.44,222.91,378.47,205.24,42.92,218.03,265.67,195.22,71.29,253.73,628.40,70.40,255.26,222.44,906.47,590.79,413.17,222.85,325.74,140.89,608.13,138.39,201.99,205.42,289.72,91.71,917.86,210.02,115.47,378.36,87.59,320.58,211.86,90.39,1377.42,314.44,544.49,518.44,500.80,106.97,184.74,118.20,111.29,60.21,35.32,309.01,103.06,157.80,67.22,166.01,190.26,460.87,84.37,210.04,101.74,165.24,148.79,361.31,403.66,53.86,160.10,628.27,971.49
2026-01-09,110.85,144.20,220.91,228.44,188.50,41.98,530.23,158.89,234.53,1029.82,113.77,173.13,55.00,82.35,162.69,39.83,631.69,353.89,223.36,386.99,207.38,44.52,226.96,266.02,198.34,72.31,255.12,622.50,70.52,261.22,224.42,920.99,618.82,422.57,224.87,335.77,139.69,617.62,139.95,201.89,206.85,287.21,93.83,938.79,218.27,117.32,381.70,85.44,324.51,212.22,90.27,1392.09,321.59,552.09,542.92,488.08,108.06,184.71,118.80,124.66,60.68,35.20,312.36,103.06,157.17,69.32,170.77,193.12,470.53,85.51,210.64,102.73,165.24,152.78,362.17,410.53,56.25,161.88,646.27,1010.41
2026-01-12,111.39,145.36,218.57,229.50,193.85,41.70,533.25,161.12,239.81,1032.31,112.69,173.57,55.51,82.41,161.46,39.92,631.73,360.94,223.02,398.25,208.60,43.85,221.65,262.80,195.60,71.03,254.54,639.77,71.01,262.40,226.48,928.94,629.32,432.66,224.82,340.68,139.08,629.77,139.51,203.44,206.33,288.73,93.28,948.49,220.15,115.29,385.47,84.67,329.10,210.85,89.49,1386.12,324.17,562.18,551.24,490.74,108.03,186.33,118.46,124.08,61.01,35.22,311.92,103.08,158.94,69.55,172.54,193.03,472.88,86.04,209.76,101.90,167.94,156.60,358.14,414.13,55.38,163.10,660.65,1038.18
2026-01-13,112.09,146.35,216.18,229.29,194.08,42.42,531.00,160.69,244.55,1041.90,109.66,171.65,54.68,82.90,161.69,39.87,641.51,363.30,221.21,411.66,210.28,43.20,217.56,257.07,195.96,69.33,256.76,652.09,70.57,264.80,227.48,938.35,625.50,444.20,222.09,341.24,140.11,636.53,139.50,204.40,205.17,288.20,93.50,940.17,219.64,114.41,391.08,85.41,332.38,209.65,89.78,1381.98,327.23,567.44,558.30,499.52,106.58,187.33,119.43,124.86,61.64,35.63,309.66,103.24,157.50,69.85,173.42,192.72,481.68,85.83,211.73,101.77,169.42,157.70,360.55,416.88,55.21,163.94,670.55,1073.14
2026-01-14,112.13,148.15,218.79,227.14,198.84,42.42,525.25,162.22,242.61,1053.25,110.29,173.52,55.76,83.79,161.62,39.99,629.22,366.00,220.96,415.39,213.04,42.55,219.77,258.50,190.82,68.49,258.89,644.18,71.18,266.54,226.77,936.21,653.14,437.07,224.16,342.85,140.09,638.75,139.00,204.34,205.81,286.37,94.17,917.34,220.25,110.75,385.84,84.65,331.14,210.98,89.95,1423.84,318.88,565.18,572.70,512.10,107.40,190.54,119.00,126.38,62.16,36.18,313.55,104.08,154.58,70.07,172.31,194.23,476.06,85.99,211.12,102.30,169.99,160.26,362.42,417.21,55.60,164.17,660.73,1053.10
2026-01-15,112.95,148.02,219.86,230.51,199.83,43.53,522.33,163.76,247.74,1063.30,110.51,178.21,55.51,84.40,163.49,41.25,637.19,368.69,219.36,418.86,215.02,43.10,219.21,260.20,193.36,71.34,261.89,642.23,71.99,271.91,228.52,944.58,654.61,447.64,222.05,340.42,144.81,647.18,141.50,205.86,206.52,290.77,93.56,926.57,224.26,116.02,387.27,84.38,333.46,210.79,90.35,1433.54,319.94,574.84,577.89,515.04,108.62,195.30,121.92,128.96,62.17,36.30,313.16,106.97,152.78,71.21,175.33,195.58,484.11,87.32,215.02,103.18,171.10,161.43,363.45,421.13,55.55,165.69,682.13,1091.04
2026-01-16,114.61,149.46,221.23,229.49,201.92,43.74,525.87,162.41,247.68,1068.72,111.18,175.65,54.96,84.61,164.99,41.04,636.04,367.38,218.64,425.90,219.39,43.12,219.57,260.44,194.70,70.43,263.47,681.55,72.48,271.92,229.60,944.27,666.90,466.75,220.41,346.46,146.13,646.89,139.94,206.61,204.38,290.63,94.23,921.24,224.89,113.49,389.53,84.85,343.75,210.96,90.16,1450.00,325.12,578.94,582.43,514.40,106.91,196.93,121.36,126.79,62.73,36.25,308.18,107.30,148.41,70.47,175.77,195.42,489.31,88.16,215.65,102.67,167.80,160.85,361.36,415.52,56.19,166.71,698.69,1119.98
2026-01-20,114.56,145.22,221.30,221.69,196.36,42.62,505.44,159.12,249.00,1034.25,107.42,170.00,52.70,80.74,163.01,40.71,620.52,359.17,209.28,415.58,215.07,42.38,208.35,255.10,190.92,67.46,254.45,684.86,70.56,266.08,227.56,929.49,657.30,463.49,218.49,342.33,138.82,629.00,136.23,201.27,203.50,280.39,93.16,910.55,220.36,108.57,387.33,83.72,337.59,210.62,88.14,1448.55,312.34,565.80,576.06,508.68,106.54,193.30,119.38,122.52,63.11,35.51,301.03,104.33,147.48,68.16,175.10,193.74,472.54,85.16,213.14,101.11,156.12,162.06,364.58,404.00,55.21,163.45,687.76,1134.75
2026-01-21,115.49,149.57,226.49,229.39,197.50,44.61,516.42,162.51,250.07,1058.58,107.19,178.40,54.44,83.54,165.88,41.31,610.25,364.78,206.85,422.68,219.17,42.85,212.01,256.99,192.12,68.95,259.94,667.89,72.24,273.10,233.00,945.29,664.16,473.24,216.59,347.81,141.76,645.38,138.47,208.55,209.70,289.10,96.32,940.09,225.00,110.96,395.33,84.26,337.96,214.29,89.48,1449.98,318.50,582.04,586.23,529.51,108.48,199.06,123.26,126.82,63.30,36.53,306.95,107.15,149.18,70.18,179.38,195.41,482.50,89.82,220.42,101.91,155.88,172.06,371.64,420.30,57.74,166.24,708.71,1148.00
2026-01-22,114.51,150.26,229.00,231.37,196.34,44.78,509.68,160.80,251.41,1066.63,107.19,178.25,54.72,83.73,166.92,41.27,607.29,365.83,209.79,424.14,222.54,42.44,214.08,259.86,193.45,68.95,259.69,661.67,73.09,273.94,233.70,939.27,670.44,468.78,218.50,355.75,142.91,648.41,140.09,209.43,210.73,289.08,96.03,956.01,217.70,110.40,390.13,82.56,334.04,215.75,90.27,1420.52,295.00,583.07,593.91,522.38,109.30,197.84,123.56,125.25,63.32,35.78,309.81,108.14,152.57,69.90,177.90,193.07,484.06,87.55,221.92,101.48,160.63,175.34,372.27,425.32,57.44,165.39,702.89,1131.70
2026-01-23,113.59,147.68,229.23,229.65,195.93,43.89,509.76,159.21,252.15,1057.86,106.63,174.30,54.59,82.48,166.80,41.40,613.14,363.27,207.54,418.58,221.46,41.95,209.74,257.87,191.23,67.96,258.26,657.78,72.46,271.28,230.11,927.99,672.95,468.76,218.04,354.73,141.23,626.62,137.89,206.71,206.75,287.41,95.00,919.03,214.89,107.74,386.22,82.31,331.22,217.61,90.98,1419.19,293.87,571.78,590.82,514.43,107.98,195.27,122.00,122.36,62.91,36.64,304.21,107.55,152.29,68.73,176.66,192.96,485.53,87.21,220.74,101.31,162.68,173.01,369.10,417.84,57.30,164.07,694.21,1121.44
2026-01-26,115.07,149.13,230.25,230.89,194.13,43.73,512.41,158.84,248.43,1049.97,106.19,173.99,54.75,81.80,166.94,41.54,605.07,363.54,208.87,413.56,221.16,42.03,214.49,258.17,189.50,67.50,259.15,665.99,71.02,271.31,231.70,933.05,660.97,470.77,219.74,354.20,143.35,635.92,136.98,207.70,205.11,288.26,94.64,911.16,215.39,107.76,394.16,81.98,332.28,219.08,90.58,1435.96,295.06,569.96,581.66,516.54,106.97,195.24,122.11,119.19,63.26,37.47,304.47,108.02,147.45,68.59,178.11,193.89,486.82,86.79,219.80,101.89,159.52,167.11,370.13,420.40,57.37,164.24,706.87,1127.55
2026-01-27,116.96,147.67,231.34,232.55,201.28,43.95,498.80,158.38,244.56,1057.56,104.94,174.44,53.15,81.06,166.89,40.37,610.22,366.62,206.42,422.79,220.91,41.34,208.03,254.51,187.15,66.14,258.69,692.70,70.64,273.28,231.72,925.97,678.74,479.27,216.28,360.54,140.41,638.91,136.77,207.26,202.88,288.97,94.23,907.45,215.53,104.04,392.30,81.24,341.19,217.19,90.55,1427.18,297.47,576.23,594.95,519.19,107.20,194.85,120.81,117.29,63.49,37.67,312.42,107.60,142.19,67.17,180.43,191.21,484.14,86.27,220.56,100.56,158.05,170.45,367.82,419.75,57.07,164.92,716.28,1160.38
2026-01-28,116.74,148.42,231.60,227.71,199.46,43.62,487.49,160.07,241.59,1070.01,102.45,172.72,52.80,79.32,164.90,40.62,549.86,356.68,204.89,425.39,216.64,40.86,205.33,250.69,187.77,65.83,258.25,711.59,69.49,271.94,228.89,916.27,689.13,481.28,219.03,360.30,135.52,643.28,136.70,206.00,205.06,284.47,86.79,903.19,210.84,104.91,394.20,79.78,347.32,217.60,88.60,1412.13,292.48,577.86,597.27,525.01,103.70,196.40,123.06,117.09,62.83,37.38,314.65,105.17,139.65,66.48,184.28,189.16,485.73,85.25,222.49,98.72,155.94,174.17,370.07,414.90,57.91,164.06,727.35,1169.05
2026-01-29,120.28,150.72,223.13,233.58,199.88,43.32,496.11,161.50,234.04,1082.21,102.23,172.59,53.08,79.10,164.46,40.28,509.58,349.95,195.96,427.83,227.24,48.50,204.00,245.97,187.19,66.54,262.86,717.39,73.17,275.00,232.63,948.40,695.35,483.43,216.59,356.02,137.92,665.24,136.29,202.53,205.21,290.16,87.82,787.04,208.93,103.94,426.07,81.70,354.37,214.75,87.16,1422.00,298.86,583.94,622.51,530.07,105.99,199.72,123.32,115.23,63.03,37.87,319.93,105.91,134.34,66.28,193.72,189.65,497.97,88.87,226.62,98.67,156.38,170.01,366.63,426.73,59.79,165.72,730.40,1171.46
2026-01-30,119.26,146.96,222.24,235.10,200.93,43.36,495.08,160.54,233.72,1079.94,103.13,173.20,52.81,78.66,165.39,40.58,483.58,351.09,197.11,420.51,227.52,47.52,201.40,246.82,188.28,65.89,261.26,726.37,73.49,274.53,230.14,935.84,692.26,474.63,217.46,342.85,137.87,657.36,135.26,201.49,202.72,291.24,88.06,782.06,208.08,102.32,420.58,80.05,351.42,215.09,85.42,1427.54,306.79,578.82,634.22,528.00,106.22,198.55,122.91,114.40,63.34,37.76,322.25,105.37,134.75,66.09,194.95,191.39,487.94,86.09,223.98,98.98,153.16,168.04,366.11,421.65,59.58,165.27,720.73,1142.10
2026-02-02,122.98,148.63,223.16,235.23,201.09,44.80,495.29,163.55,233.02,1096.18,102.47,186.13,53.70,79.15,165.52,39.68,459.99,346.37,198.34,420.30,227.56,49.64,199.17,247.56,188.04,69.08,264.21,754.97,74.71,276.91,233.69,952.00,685.02,477.77,214.15,340.24,139.88,690.91,136.88,207.32,211.71,291.45,87.56,778.98,207.21,107.35,425.09,80.84,359.44,215.73,86.15,1435.52,308.71,595.13,636.00,532.25,110.27,198.22,124.61,113.27,63.51,38.39,335.30,105.51,133.31,66.57,198.50,190.91,495.59,88.94,227.72,101.48,153.43,170.96,371.52,429.15,60.36,167.35,731.67,1176.26
2026-02-03,124.01,152.10,225.09,241.49,203.50,46.34,508.49,162.22,233.15,1155.00,97.15,189.77,54.35,80.96,167.84,38.94,451.29,355.31,185.95,429.64,230.91,51.19,175.05,235.08,189.79,70.44,278.91,780.25,76.34,278.17,236.27,964.33,704.98,488.60,192.49,351.57,138.57,702.89,132.91,211.66,220.61,298.32,88.63,792.75,213.49,110.86,435.36,77.93,362.53,213.95,87.16,1301.93,309.93,602.69,628.26,545.00,111.85,201.61,127.90,118.56,62.98,39.15,353.43,94.79,124.33,68.05,199.71,190.73,503.86,93.72,228.92,97.45,155.68,173.28,378.40,430.31,61.20,168.84,744.53,1209.97
2026-02-04,129.49,157.32,226.43,249.76,196.74,48.28,534.53,164.92,235.95,1194.93,98.48,208.54,60.13,84.63,173.04,40.16,430.65,353.37,190.12,413.14,235.35,52.59,181.04,234.67,188.44,70.86,288.80,746.22,78.37,285.95,240.79,967.99,689.75,464.57,189.51,339.07,139.74,691.82,143.33,220.02,228.22,306.84,90.73,848.13,208.61,109.48,441.20,73.92,365.00,218.20,90.37,1264.79,308.34,605.63,602.76,567.26,116.74,212.25,128.78,123.80,63.51,39.85,362.54,97.28,129.84,71.41,198.74,192.61,487.16,97.41,227.83,91.41,163.79,177.18,382.91,429.84,63.55,168.89,708.62,1119.81
2026-02-05,132.52,150.94,226.60,251.45,195.97,47.33,517.15,163.78,236.95,1183.15,98.17,202.14,60.20,85.57,175.83,39.88,399.65,352.05,193.54,369.38,233.85,52.51,191.01,233.99,186.08,69.78,288.29,737.53,78.11,282.57,240.12,967.62,696.50,477.72,184.68,342.22,139.24,678.31,143.73,217.55,225.25,306.91,92.85,847.77,209.63,106.09,436.15,75.21,354.67,218.72,91.24,1263.26,306.37,540.65,609.18,565.73,116.55,212.94,127.42,120.06,64.47,39.87,363.96,94.97,131.59,71.11,197.44,194.11,487.40,96.00,229.79,90.79,165.08,172.37,370.80,406.70,63.10,167.86,717.68,1147.97
2026-02-06,137.65,157.38,226.79,252.62,198.66,47.73,529.98,165.04,243.03,1197.65,98.53,202.47,60.12,89.39,179.77,40.36,414.20,360.07,181.91,397.77,238.38,54.26,195.62,231.36,192.99,75.35,293.57,779.35,78.98,290.18,246.32,976.49,709.11,508.11,179.10,349.66,142.12,726.20,148.81,223.66,227.91,306.48,95.44,899.55,223.16,115.91,454.76,74.77,373.82,219.94,89.85,1285.53,321.00,577.73,623.58,583.11,117.34,211.37,127.35,124.42,64.84,40.61,369.23,97.35,130.97,72.87,200.59,195.87,503.80,98.50,231.91,90.57,172.65,183.53,369.34,415.02,63.92,173.24,764.35,1230.26
2026-02-09,139.00,160.01,230.50,254.34,196.19,46.52,529.29,163.64,244.71,1190.15,98.09,196.11,60.70,89.85,177.94,40.30,433.77,360.10,181.05,405.82,239.84,53.36,199.59,226.62,194.58,75.00,290.58,801.54,79.08,291.26,244.74,978.87,698.02,514.56,178.20,350.60,140.19,742.12,150.96,224.99,226.27,305.72,95.47,876.52,225.15,116.20,459.79,73.91,377.06,224.08,89.30,1300.10,316.74,601.38,638.29,585.67,117.92,210.75,127.26,124.30,64.31,40.72,364.60,97.52,129.42,71.61,200.31,194.76,506.14,98.39,233.41,92.69,170.28,185.83,368.12,410.66,65.32,173.66,776.24,1283.65
2026-02-10,138.75,161.69,231.72,261.32,195.19,46.66,548.56,161.71,242.59,1188.03,99.03,194.49,61.92,91.76,178.94,40.35,446.97,358.83,172.51,399.37,243.34,54.07,202.71,225.53,194.72,74.46,294.25,790.79,80.47,295.80,246.45,991.57,685.00,510.64,169.47,345.08,128.92,742.37,151.16,229.48,229.05,315.45,95.87,876.58,224.47,116.36,461.38,73.50,377.47,223.07,90.06,1311.95,316.33,588.07,629.56,593.41,118.70,214.58,127.07,128.42,64.97,40.90,367.95,98.62,124.94,77.82,196.61,199.31,503.10,97.80,233.11,92.81,173.43,182.30,377.41,412.60,65.82,173.87,779.09,1269.63
2026-02-11,140.96,154.67,234.66,262.81,196.51,47.02,557.51,161.89,236.26,1202.47,94.84,194.46,58.71,90.53,179.39,39.51,434.45,346.34,167.55,392.70,242.70,51.43,197.60,217.57,173.00,71.42,298.07,823.67,80.22,294.47,254.42,995.83,678.83,523.96,173.77,340.29,126.77,775.00,142.36,233.07,230.38,317.29,97.28,873.83,230.85,113.94,472.54,71.01,396.09,225.97,89.42,1326.19,313.73,598.90,628.70,612.69,120.00,211.48,129.48,126.94,65.60,41.34,367.16,100.52,118.71,76.48,196.33,200.36,516.03,96.75,235.29,95.00,172.85,214.99,382.68,406.77,67.08,174.85,808.51,1338.65
