date,gnrc_shares,ndsn_shares,ir_shares,odfl_shares,pnr_shares,jci_shares,gd_shares,luv_shares,pcar_shares,csx_shares,aos_shares,bldr_shares,lhx_shares,txt_shares,expd_shares,itw_shares,otis_shares,br_shares,hwm_shares,etn_shares,ame_shares,fix_shares,ba_shares,eme_shares,ldos_shares,dal_shares,carr_shares,jbht_shares,wab_shares,noc_shares,ge_shares,nsc_shares,adp_shares,gev_shares,tdg_shares,j_shares,axon_shares,ual_shares,sna_shares,alle_shares,lmt_shares,hon_shares,chrw_shares,swk_shares,ups_shares,rtx_shares,emr_shares,hii_shares,mmm_shares,ftv_shares,uri_shares,payx_shares,gww_shares,unp_shares,cat_shares,lii_shares,ph_shares,de_shares,rsg_shares,rol_shares,payc_shares,pwr_shares,uber_shares,cmi_shares,fast_shares,xyl_shares,cprt_shares,fdx_shares,rok_shares,wm_shares,tt_shares,efx_shares,vlto_shares,vrsk_shares,ctas_shares,mas_shares,dov_shares,iex_shares,hubb_shares
2025-03-31,294016,269605,2003546,934316,819429,3278412,1260119,2948052,2606688,9579886,588689,569784,935280,906318,694185,1326340,1969423,580881,2014214,1962314,1150064,,3724378,,651169,3185012,4010617,395171,851422,675643,5331900,1124004,2021507,1370023,278655,609929,360200,1636250,260008,429795,1040202,3228569,591616,764705,3631657,6614025,2800329,194564,2698151,1693906,324455,1593053,220361,3000334,2372979,158768,639484,1257657,1009177,1393275,233807,731956,10372185,682837,2846373,1204825,4358667,1100486,562131,1813627,1114932,616772,1230458,702075,1703364,1052442,682695,375546,265712
2025-04-01,294016,269605,2003546,934316,819429,3278412,1260119,2948052,2606688,9579886,588689,569784,935280,906318,694185,1326340,1969423,580881,2014214,1962314,1150064,,3724378,,651169,3185012,4010617,395171,851422,675643,5331900,1124004,2021507,1370023,278655,609929,360200,1636250,260008,429795,1040202,3228569,591616,764705,3631657,6614025,2800329,194564,2698151,1693906,324455,1593053,220361,3000334,2372979,158768,639484,1257657,1009177,1393275,233807,731956,10372185,682837,2846373,1204825,4358667,1100486,562131,1813627,1114932,616772,1230458,702075,1703364,1052442,682695,375546,265712
2025-04-03,291009,266877,1983210,924830,811090,3245097,1247316,2918137,2580224,9482577,582737,563987,925773,897111,687117,1312855,1949428,574991,1993785,1944681,1138387,,3690727,,644545,3152638,3969862,391172,842804,668771,5280343,1112565,2000985,1357804,275834,603760,356542,1619665,257373,425403,1030931,3199450,585633,756924,3599346,6554086,2771871,192580,2670747,1676701,321169,1576871,218129,2973240,2351461,157156,632974,1246285,998947,1379108,231420,726816,10278364,675893,2817450,1192580,4314430,1089295,556427,1797492,1103617,610510,1217965,694945,1686066,1041747,675782,371733,264615
2025-04-07,287711,263885,1960906,914426,801944,3208547,1233274,2885327,2551188,9375851,576209,557629,915335,887013,679365,1298065,1927498,568531,1971379,1922819,1125569,,3649213,,637269,3117137,3925152,386786,833352,661223,5220945,1100019,1978477,1342538,272740,596994,352530,1601475,254483,420575,1019337,3163444,579071,748390,3558852,6480340,2740659,190404,2640691,1657831,317565,1559123,215681,2939784,2325009,155388,625834,1232277,987727,1363570,228802,718656,10162730,668277,2785728,1179150,4265912,1077021,550171,1777262,1091207,603642,1204263,687125,1667094,1030017,668200,367551,261657
2025-04-16,281697,258429,1920234,895454,785266,3141897,1207668,2825497,2498240,9181253,564305,546035,896301,868599,665229,1271095,1887516,556759,1930521,1882953,1102195,,3573511,,624001,3052367,3843622,378788,816116,647459,5112631,1077141,1937433,1314700,267098,584664,345214,1568305,249213,411771,998195,3097786,567105,732828,3485010,6345862,2683743,186436,2585883,1623421,310993,1526759,211217,2878776,2276773,152164,612814,1206733,967267,1335236,224028,703776,9951868,654389,2727890,1154668,4177438,1054639,538763,1740372,1068577,591118,1179277,672865,1632498,1008627,654374,359925,256263
2025-04-22,285868,262213,1948442,908612,796833,3188122,1225427,2866992,2534962,9316290,572561,554076,909502,881370,675033,1289800,1915294,564972,1958876,1910620,1118406,,3626014,,633203,3097302,3900167,384335,828070,657005,5187770,1093008,1965917,1334007,271011,593264,350288,1591328,252868,417877,1012858,3143323,575404,743621,3536223,6439129,2723217,189188,2623895,1647304,315551,1549205,214313,2921088,2310227,154400,621844,1224449,981475,1354887,227339,714096,10098129,664021,2768052,1171696,4238817,1070162,546675,1765957,1084272,599804,1196606,682755,1656510,1023462,663963,365214,260004
2025-04-23,284510,260981,1939258,904328,793067,3173072,1219645,2853482,2523006,9272330,569873,551458,905204,877212,671841,1283710,1906250,562298,1949636,1901604,1113128,,3608920,,630207,3082672,3881757,382529,824178,653897,5163298,1087842,1956635,1327721,269737,590464,348636,1583824,251678,415889,1008084,3128497,572702,740107,3519549,6408763,2710365,188292,2611519,1639520,314067,1541897,213305,2907312,2299335,153672,618904,1218681,976841,1348489,226261,710736,10050501,660885,2754976,1166152,4218825,1065108,544099,1757627,1079162,596976,1190964,679535,1648684,1018632,660841,363492,258786
2025-04-25,284219,260717,1937290,903410,792260,3169847,1218406,2850587,2520444,9262910,569297,550897,904283,876321,671157,1282405,1904312,561725,1947656,1899672,1111997,,3605257,,629565,3079537,3877812,382142,823344,653231,5158054,1086735,1954646,1326374,269464,589864,348282,1582216,251423,415463,1007061,3125320,572123,739354,3515976,6402256,2707611,188100,2608867,1637852,313749,1540331,213089,2904360,2297001,153516,618274,1217445,975848,1347118,226030,710016,10040295,660213,2752174,1164964,4214541,1064025,543547,1755842,1078067,596370,1189755,678845,1647007,1017597,660172,363123,258525
2025-04-28,284122,260629,1936634,903104,791991,3168772,1217993,2849622,2519590,9259770,569105,550710,903976,876024,670929,1281970,1903666,561534,1946996,1899028,1111620,,3604036,,629351,3078492,3876497,382013,823066,653009,5156306,1086366,1953983,1325925,269373,589664,348164,1581680,251338,415321,1006720,3124261,571930,739103,3514785,6400087,2706693,188036,2607983,1637296,313643,1539809,213017,2903376,2296223,153464,618064,1217033,975517,1346661,225953,709776,10036893,659989,2751240,1164568,4213113,1063664,543363,1755247,1077702,596168,1189352,678615,1646448,1017252,659949,363000,258438
2025-05-13,281569,256317,1904490,888110,780510,3118297,1198656,2802337,2477744,9105910,559697,543647,889533,861471,661157,1261655,1872012,552775,1914656,1867472,1093147,,3544207,,618865,3030887,3814562,375692,809444,642731,5070654,1069585,1921896,1303924,264914,579864,342382,1555416,247173,410563,990011,3072370,562473,726804,3456426,6293806,2663611,184900,2564667,1610052,308449,1514231,209489,2855160,2258101,151216,608274,1196845,959298,1326668,222180,698016,9870195,649013,2708574,1147564,4143141,1046675,534347,1726092,1059817,586270,1169605,667345,1620257,1000347,649022,357673,254175
2025-05-14,281569,256317,1904490,888110,780510,3118297,1198656,2802337,2477744,9105910,559697,543647,889533,861471,661157,1261655,1872012,552775,1914656,1867472,1093147,,3544207,,618865,3030887,3814562,375692,809444,642731,5070654,1069585,1921896,1303924,264914,579864,342382,1555416,247173,410563,990011,3072370,562473,726804,3456426,6293806,2663611,184900,2564667,1610052,308449,1514231,209489,2855160,2258101,151216,608274,1196845,959298,1326668,222180,698016,9870195,649013,2708574,1147564,4143141,1046675,534347,1726092,1059817,586270,1169605,667345,1620257,1000347,649022,357673,254175
2025-05-16,283703,258253,1918922,894842,786428,3145047,1208842,2823573,2496532,9187525,563921,547761,896287,868005,666173,1272425,1889524,556977,1929176,1881640,1101441,,3572791,,623573,3053877,3847425,378530,815560,648315,5112116,1077703,1938082,1313802,267216,584264,344978,1567208,249043,413687,997513,3097268,566719,732326,3482634,6345046,2686441,186308,2586215,1626384,310781,1525715,211073,2878408,2276450,152360,613394,1205931,966580,1336755,223874,703296,9950165,655041,2729122,1156276,4174557,1054617,538395,1739182,1067847,590714,1178471,672405,1634055,1007937,653952,360379,256089
2025-05-19,283703,258253,1918922,894842,786428,3145047,1208842,2823573,2496532,9187525,563921,547761,896287,868005,666173,1272425,1889524,556977,1929176,1881640,1101441,,3572791,,623573,3053877,3847425,378530,815560,648315,5112116,1077703,1938082,1313802,267216,584264,344978,1567208,249043,413687,997513,3097268,566719,732326,3482634,6345046,2686441,186308,2586215,1626384,310781,1525715,211073,2878408,2276450,152360,613394,1205931,966580,1336755,223874,703296,9950165,655041,2729122,1156276,4174557,1054617,538395,1739182,1067847,590714,1178471,672405,1634055,1007937,653952,360379,256089
2025-05-20,283703,258253,1918922,894842,786428,3145047,1208842,2823573,2496532,9187525,563921,547761,896287,868005,666173,1272425,1889524,556977,1929176,1881640,1101441,,3572791,,623573,3053877,3847425,378530,815560,648315,5112116,1077703,1938082,1313802,267216,584264,344978,1567208,249043,413687,997513,3097268,566719,732326,3482634,6345046,2686441,186308,2586215,1626384,310781,1525715,211073,2878408,2276450,152360,613394,1205931,966580,1336755,223874,703296,9950165,655041,2729122,1156276,4174557,1054617,538395,1739182,1067847,590714,1178471,672405,1634055,1007937,653952,360379,256089
2025-05-21,281763,256493,1905803,888722,781048,3123527,1200583,2804253,2479453,9124686,560081,544022,890147,862066,661613,1263725,1876604,553157,1915976,1868760,1093901,,3548351,,619293,3032978,3821105,375950,810000,643875,5077136,1070323,1924822,1304802,265396,580264,342618,1556488,247343,410847,990693,3076089,562859,727306,3458794,6301647,2668061,185028,2568515,1615264,308661,1515275,209633,2858708,2260870,151320,609194,1197671,959960,1327595,222334,698497,9882106,650561,2710442,1148356,4145977,1047397,534715,1727282,1060548,586674,1170411,667805,1622875,1001037,649472,357919,254349
2025-07-07,285210,260873,1953004,900226,794133,3181515,1219020,2759975,2538328,9082634,561063,533422,904020,871273,660936,1289084,1910347,568673,1953317,1893149,1116506,,3647937,,623332,3160776,3854900,378212,828304,654704,5158969,1090019,1963964,1320477,271759,579889,357588,1581292,253270,415305,1008942,3109406,573044,746741,3550438,6463358,2721812,189392,2604157,1646286,314287,1550146,211382,2890711,2275386,154672,618320,1221225,982186,1356589,235213,716533,10117010,666129,5547436,1178037,4251299,1065823,545598,1771883,1079121,601251,1200031,677091,1660779,1018090,663787,364528,258506
2025-07-08,285210,260873,1953004,900226,794133,3181515,1219020,2759975,2538328,9082634,561063,533422,904020,871273,660936,1289084,1910347,568673,1953317,1893149,1116506,,3647937,,623332,3160776,3854900,378212,828304,654704,5158969,1090019,1963964,1320477,271759,579889,357588,1581292,253270,415305,1008942,3109406,573044,746741,3550438,6463358,2721812,189392,2604157,1646286,314287,1550146,211382,2890711,2275386,154672,618320,1221225,982186,1356589,235213,716533,10117010,666129,5547436,1178037,4251299,1065823,545598,1771883,1079121,601251,1200031,677091,1660779,1018090,663787,364528,258506
2025-07-09,285404,261051,1954326,900834,794671,3183669,1219844,2761841,2540046,9088786,561443,533784,904632,871865,661384,1289958,1911639,569057,1954639,1894431,1117262,,3650405,,623754,3162914,3857510,378468,828864,655148,5162461,1090757,1965294,1321371,271943,580283,357830,1582362,253442,415587,1009624,3111510,573432,747247,3552840,6467732,2723654,189520,2605919,1647398,314499,1551196,211526,2892667,2276926,154776,618738,1222051,982852,1357509,235373,717019,10123858,666581,5551192,1178833,4254177,1066545,545968,1773083,1079851,601657,1200843,677549,1661903,1018780,664235,364776,258680
2025-07-10,286083,261674,1958953,902962,796554,3191208,1222728,2768372,2546059,9110318,562773,535051,906774,873937,662952,1293017,1916161,570401,1959266,1898918,1119908,,3659043,,625231,3170397,3866645,379364,830824,656702,5174683,1093340,1969949,1324500,272587,581662,358677,1586107,254044,416574,1012011,3118874,574790,749018,3561247,6483041,2730101,189968,2612086,1651290,315241,1554871,212030,2899513,2282316,155140,620201,1224942,985183,1360729,235933,718720,10147826,668163,5564338,1181619,4264250,1069072,547263,1777283,1082406,603078,1203685,679152,1665837,1021195,665803,365644,259289
2025-07-11,285598,261229,1955648,901442,795209,3185823,1220668,2763707,2541764,9094938,561823,534146,905244,872457,661832,1290832,1912931,569441,1955961,1895713,1118018,,3652873,,624176,3165052,3860120,378724,829424,655592,5165953,1091495,1966624,1322265,272127,580677,358072,1583432,253614,415869,1010306,3113614,573820,747753,3555242,6472106,2725496,189648,2607681,1648510,314711,1552246,211670,2894623,2278466,154880,619156,1222877,983518,1358429,235533,717505,10130706,667033,5554948,1179629,4257055,1067267,546338,1774283,1080581,602063,1201655,678007,1663027,1019470,664683,365024,258854
2025-07-14,286180,261763,1959614,903266,796823,3192285,1223140,2769305,2546918,9113394,562963,535232,907080,874233,663176,1293454,1916807,570593,1959927,1899559,1120286,,3660277,,625442,3171466,3867950,379492,831104,656924,5176429,1093709,1970614,1324947,272679,581859,358798,1586642,254130,416715,1012352,3119926,574984,749271,3562448,6485228,2731022,190032,2612967,1651846,315347,1555396,212102,2900491,2283086,155192,620410,1225355,985516,1361189,236013,718963,10151250,668389,5566216,1182017,4265689,1069433,547448,1777883,1082771,603281,1204091,679381,1666399,1021540,666027,365768,259376
2025-07-15,286471,262030,1961597,904178,797630,3195516,1224376,2772104,2549495,9122622,563533,535775,907998,875121,663848,1294765,1918745,571169,1961910,1901482,1121420,,3663979,,626075,3174673,3871865,379876,831944,657590,5181667,1094816,1972609,1326288,272955,582450,359161,1588247,254388,417138,1013375,3123082,575566,750030,3566051,6491789,2733785,190224,2615610,1653514,315665,1556971,212318,2903425,2285396,155348,621037,1226594,986515,1362569,236253,719692,10161522,669067,5571850,1183211,4270006,1070516,548003,1779683,1083866,603890,1205309,680068,1668085,1022575,666699,366140,259637
2025-07-16,287053,262564,1965563,906002,799244,3201978,1226848,2777702,2554649,9141078,564673,536861,909834,876897,665192,1297387,1922621,572321,1965876,1905328,1123688,,3671383,,627341,3181087,3879695,380644,833624,658922,5192143,1097030,1976599,1328970,273507,583632,359887,1591457,254904,417984,1015421,3129394,576730,751548,3573257,6504911,2739311,190608,2620896,1656850,316301,1560121,212750,2909293,2290016,155660,622291,1229072,988513,1365329,236733,721150,10182066,670423,5583118,1185599,4278640,1072682,549113,1783283,1086056,605108,1207745,681442,1671457,1024645,668043,366884,260159
2025-07-17,287635,263098,1969529,907826,800858,3208440,1229320,2783300,2559803,9159534,565813,537947,911670,878673,666536,1300009,1926497,573473,1969842,1909174,1125956,,3678787,,628607,3187501,3887525,381412,835304,660254,5202619,1099244,1980589,1331652,274059,584814,360613,1594667,255420,418830,1017467,3135706,577894,753066,3580463,6518033,2744837,190992,2626182,1660186,316937,1563271,213182,2915161,2294636,155972,623545,1231550,990511,1368089,237213,722608,10202610,671779,5594386,1187987,4287274,1074848,550223,1786883,1088246,606326,1210181,682816,1674829,1026715,669387,367628,260681
2025-07-18,287150,262653,1966224,906306,799513,3203055,1227260,2778635,2555508,9144154,564863,537042,910140,877193,665416,1297824,1923267,572513,1966537,1905969,1124066,,3672617,,627552,3182156,3881000,380772,833904,659144,5193889,1097399,1977264,1329417,273599,583829,360008,1591992,254990,418125,1015762,3130446,576924,751801,3574458,6507098,2740232,190672,2621777,1657406,316407,1560646,212822,2910271,2290786,155712,622500,1229485,988846,1365789,236813,721393,10185490,670649,5584996,1185997,4280079,1073043,549298,1783883,1086421,605311,1208151,681671,1672019,1024990,668267,367008,260246
2025-07-21,287926,263365,1971512,908738,801665,3211671,1230556,2786099,2562380,9168762,566383,538490,912588,879561,667208,1301320,1928435,574049,1971825,1911097,1127090,,3682489,,629240,3190708,3891440,381796,836144,660920,5207857,1100351,1982584,1332993,274335,585405,360976,1596272,255678,419253,1018490,3138862,578476,753825,3584066,6524594,2747600,191184,2628825,1661854,317255,1564846,213398,2918095,2296946,156128,624172,1232789,991510,1369469,237453,723337,10212882,672457,5600020,1189181,4291591,1075931,550778,1788683,1089341,606935,1211399,683503,1676515,1027750,670059,368000,260942
2025-07-22,290254,265501,1987376,916034,808121,3237519,1240444,2808491,2582996,9242586,570943,542834,919932,886665,672584,1311808,1943939,578657,1987689,1926481,1136162,,3712105,,634304,3216364,3922760,384868,842864,666248,5249761,1109207,1998544,1343721,276543,590133,363880,1609112,257742,422637,1026674,3164110,583132,759897,3612890,6577082,2769704,192720,2649969,1675198,319799,1577446,215126,2941567,2315426,157376,629188,1242701,999502,1380509,239373,729169,10295058,677881,5645092,1198733,4326127,1084595,555218,1803083,1098101,611807,1221143,688999,1690003,1036030,675435,370976,263030
2025-07-23,291806,266925,1997952,920914,812425,3254767,1247052,2823419,2596756,9291802,573983,545730,924828,891401,676168,1318800,1954275,581729,1998265,1936737,1142210,,3731865,,637680,3233468,3943656,386916,847344,669800,5277697,1115111,2009184,1350873,278015,593285,365816,1617672,259118,424893,1032130,3180958,586236,763945,3632122,6612090,2784440,193744,2664065,1684110,321495,1585846,216278,2957215,2327746,158208,632532,1249309,1004830,1387869,240653,733057,10349858,681497,5675156,1205117,4349167,1090371,558178,1812683,1103941,615055,1227639,692663,1698995,1041550,679035,372960,264422
2025-07-24,291127,267002,1993325,918779,812542,3249721,1244161,2816888,2592536,9277170,572653,545763,923186,891629,676300,1316741,1949753,580385,1993638,1932250,1139564,,3723220,,636203,3225985,3937414,387020,845384,668246,5266375,1113328,2004529,1347744,277371,593406,365269,1613927,258516,424906,1029743,3173587,586378,764074,3623708,6596774,2777993,193296,2657898,1680211,320953,1583171,215774,2950369,2322356,157844,631069,1246418,1003099,1388149,240693,731856,10325883,680315,5665603,1202324,4339087,1088644,556883,1808483,1101386,613634,1224797,691060,1695061,1041735,677460,373092,263813
2025-07-25,291321,267180,1994647,919389,813080,3251877,1244987,2818754,2594256,9283322,573033,546125,923798,892221,676748,1317615,1951045,580769,1994960,1933532,1140320,,3725690,,636625,3228123,3940026,387276,845944,668690,5269867,1114066,2005859,1348638,277555,593800,365511,1614997,258688,425188,1030425,3175693,586766,764580,3626112,6601150,2779835,193424,2659660,1681325,321165,1584221,215918,2952325,2323896,157948,631487,1247244,1003765,1389069,240853,732342,10332733,680767,5669361,1203122,4341967,1089366,557253,1809683,1102116,614040,1225609,691518,1696185,1042425,677910,373340,263987
2025-07-28,293164,268871,2007206,925184,818191,3272359,1252834,2836481,2610596,9341766,576643,549564,929612,897845,681004,1325918,1963319,584417,2007519,1945711,1147502,,3749155,,640634,3248434,3964840,389708,851264,672908,5303041,1121077,2018494,1357131,279303,597543,367810,1625162,260322,427867,1036904,3195687,590452,769387,3648950,6642722,2797334,194640,2676399,1691908,323179,1594196,217286,2970907,2338526,158936,635458,1255091,1010092,1397809,242373,736959,10397808,685061,5705062,1210703,4369327,1096225,560768,1821083,1109051,617897,1233323,695869,1706863,1048980,682185,375696,265640
2025-07-29,292291,268070,2001257,922439,815770,3262657,1249117,2828084,2602856,9314082,574933,547935,926858,895181,678988,1321985,1957505,582689,2001570,1939942,1144100,,3738040,,638735,3238813,3953086,388556,848744,670910,5287327,1117756,2012509,1353108,278475,595770,366721,1620347,259548,426598,1033835,3186219,588706,767110,3638132,6623030,2789045,194064,2668470,1686895,322225,1589471,216638,2962105,2331596,158468,633577,1251374,1007095,1393669,241653,734772,10366983,683027,5688151,1207112,4356367,1092976,559103,1815683,1105766,616070,1229669,693808,1701805,1045875,680160,374580,264857
2025-07-30,293164,268871,2007206,925184,818191,3272359,1252834,2836481,2610596,9341775,576643,549564,929612,897845,681004,1325918,1963319,584417,2007519,1945711,1147502,,3749155,,640634,3248434,3964840,389708,851264,672908,5303041,1121077,2018494,1357131,279303,597543,367810,1625162,260322,427867,1036913,3195696,590452,769387,3648950,6642722,2797334,194640,2676399,1691908,323179,1594196,217286,2970916,2338526,158936,635458,1255091,1010092,1397809,242373,736959,10397808,685061,5705062,1210703,4369327,1096225,560768,1821083,1109051,617897,1233323,695869,1706863,1048980,682185,375696,265640
2025-07-31,295395,270918,2022409,932199,824378,3297153,1262333,2857940,2630376,9412546,581013,553727,936650,904653,686156,1335969,1978177,588833,2022722,1960454,1156196,,3777560,,645487,3273021,3994878,392652,857704,678014,5343199,1129564,2033789,1367412,281419,602074,370593,1637467,262300,431110,1044779,3219915,594914,775206,3676596,6693046,2818517,196112,2696662,1704719,325617,1606271,218942,2993433,2356236,160132,640265,1264590,1017751,1408389,244213,742548,10476583,690259,5748279,1219880,4402447,1104528,565023,1834883,1117446,622566,1242661,701136,1719789,1056915,687360,378548,267641
2025-08-01,296268,271719,2028358,934944,826799,3306855,1266050,2866337,2638116,9440239,582723,555356,939404,907317,688172,1339902,1983991,590561,2028671,1966223,1159598,,3788675,,647386,3282642,4006632,393804,860224,680012,5358922,1132885,2039774,1371435,282247,603847,371682,1642282,263074,432379,1047857,3229392,596660,777483,3687414,6712738,2826806,196688,2704591,1709732,326571,1610996,219590,3002244,2363166,160600,642146,1268307,1020748,1412529,244933,744735,10507408,692293,5765190,1223471,4415407,1107777,566688,1840283,1120731,624393,1246315,703197,1724847,1060020,689385,379664,268424
2025-08-04,298596,273855,2044222,942264,833255,3332727,1275962,2888729,2658756,9514087,587283,559700,946748,914421,693548,1350390,1999495,595169,2044535,1981607,1168670,,3818315,,652450,3308298,4037976,396876,866944,685340,5400850,1141741,2055734,1382163,284455,608575,374586,1655122,265138,435763,1056065,3254664,601316,783555,3716262,6765250,2848910,198224,2725735,1723100,329115,1623596,221318,3025740,2381646,161848,647162,1278219,1028740,1423569,246853,750567,10589608,697717,5810286,1233047,4449967,1116441,571128,1854683,1129491,629265,1256059,708693,1738335,1068300,694785,382640,270512
2025-08-05,298887,274122,2046205,943179,834062,3335961,1277201,2891528,2661336,9523318,587853,560243,947666,915309,694220,1351701,2001433,595745,2046518,1983530,1169804,,3822020,,653083,3311505,4041894,397260,867784,686006,5406091,1142848,2057729,1383504,284731,609166,374949,1656727,265396,436186,1057091,3257823,601898,784314,3719868,6771814,2851673,198416,2728378,1724771,329433,1625171,221534,3028677,2383956,162004,647789,1279458,1029739,1424949,247093,751296,10599883,698395,5815923,1234244,4454287,1117524,571683,1856483,1130586,629874,1257277,709380,1740021,1069335,695460,383012,270773
2025-08-06,298111,273410,2040917,940739,831910,3327337,1273897,2884064,2654456,9498702,586333,558795,945218,912941,692428,1348205,1996265,594209,2041230,1978402,1166780,,3812140,,651395,3302953,4031446,396236,865544,684230,5392115,1139896,2052409,1379928,283995,607590,373981,1652447,264708,435058,1054355,3249399,600346,782290,3710252,6754310,2844305,197904,2721330,1720315,328585,1620971,220958,3020845,2377796,161588,646117,1276154,1027075,1421269,246453,749352,10572483,696587,5800891,1231052,4442767,1114636,570203,1851683,1127666,628250,1254029,707548,1735525,1066575,693660,382020,270077
2025-08-07,296268,271719,2028358,934944,826799,3306855,1266050,2866337,2638116,9440239,582723,555356,939404,907317,688172,1339902,1983991,590561,2028671,1966223,1159598,,3788675,,647386,3282642,4006632,393804,860224,680012,5358922,1132885,2039774,1371435,282247,603847,371682,1642282,263074,432379,1047857,3229392,596660,777483,3687414,6712738,2826806,196688,2704591,1709732,326571,1610996,219590,3002244,2363166,160600,642146,1268307,1020748,1412529,244933,744735,10507408,692293,5765190,1223471,4415407,1107777,566688,1840283,1120731,624393,1246315,703197,1724847,1060020,689385,379664,268424
2025-08-08,292485,268248,2002579,923049,816308,3264813,1249943,2829950,2604576,9320236,575313,548297,927470,895773,679436,1322859,1958797,583073,2002892,1941224,1144856,,3740510,,639157,3240912,3955698,388812,849304,671354,5290789,1118494,2013839,1354002,278659,596164,366963,1621417,259720,426880,1034519,3188325,589094,767616,3640536,6627406,2790887,194192,2670193,1688009,322437,1590521,216782,2964063,2333136,158572,633995,1252200,1007761,1394589,241813,735258,10373833,683479,5691909,1207910,4359247,1093698,559473,1816883,1106496,616476,1230481,694266,1702929,1046526,680610,374828,265031
2025-08-11,297271,271630,2027697,934639,826568,3305777,1265637,2865404,2637256,9437162,582533,555175,939098,907021,687948,1339465,1983383,590369,2028010,1966582,1160620,,3789340,,647175,3281572,4005326,393676,859944,679790,5359075,1132516,2040009,1371688,282255,603650,371561,1641747,262988,432238,1048015,3229939,596466,777230,3686212,6713850,2825885,197424,2704909,1709175,326665,1610471,219718,3002765,2363596,160548,642237,1268494,1020415,1412069,244853,744492,10509183,692067,5763311,1223072,4419367,1107416,566503,1840483,1120866,624190,1245909,702968,1724285,1059674,689160,379540,268337
2025-08-12,297271,271630,2027697,934639,826568,3305777,1265637,2865404,2637256,9437162,582533,555175,939098,907021,687948,1339465,1983383,590369,2028010,1966582,1160620,,3789340,,647175,3281572,4005326,393676,859944,679790,5359075,1132516,2040009,1371688,282255,603650,371561,1641747,262988,432238,1048015,3229939,596466,777230,3686212,6713850,2825885,197424,2704909,1709175,326665,1610471,219718,3002765,2363596,160548,642237,1268494,1020415,1412069,244853,744492,10509183,692067,5763311,1223072,4419367,1107416,566503,1840483,1120866,624190,1245909,702968,1724285,1059674,689160,379540,268337
2025-08-13,298823,273054,2038273,939519,830888,3323025,1272245,2880348,2651016,9486394,585573,558071,943994,911757,691532,1346457,1993735,593441,2038586,1976838,1166668,,3809100,,650551,3298692,4026222,395724,864424,683342,5387027,1138420,2050649,1378840,283727,606802,373497,1650307,264364,434494,1053487,3246787,599570,781278,3705444,6748858,2840621,198448,2719021,1718087,328361,1618871,220870,3018429,2375916,161380,645581,1275102,1025743,1419429,246133,748380,10563999,695683,5793375,1229456,4442407,1113192,569463,1850083,1126706,627438,1252405,706632,1733277,1065210,692760,381524,269729
2025-08-14,299308,273499,2041578,941044,832238,3328415,1274310,2885018,2655316,9501779,586523,558976,945524,913237,692652,1348642,1996970,594401,2041891,1980043,1168558,,3815275,,651606,3304042,4032752,396364,865824,684452,5395762,1140265,2053974,1381075,284187,607787,374102,1652982,264794,435199,1055197,3252052,600540,782543,3711454,6759798,2845226,198768,2723431,1720872,328891,1621496,221230,3023324,2379766,161640,646626,1277167,1027408,1421729,246533,749595,10581129,696813,5802770,1231451,4449607,1114997,570388,1853083,1128531,628453,1254435,707777,1736087,1066940,693885,382144,270164
2025-08-15,299308,273499,2041578,941044,832238,3328415,1274310,2885018,2655316,9501779,586523,558976,945524,913237,692652,1348642,1996970,594401,2041891,1980043,1168558,,3815275,,651606,3304042,4032752,396364,865824,684452,5395762,1140265,2053974,1381075,284187,607787,374102,1652982,264794,435199,1055197,3252052,600540,782543,3711454,6759798,2845226,198768,2723431,1720872,328891,1621496,221230,3023324,2379766,161640,646626,1277167,1027408,1421729,246533,749595,10581129,696813,5802770,1231451,4449607,1114997,570388,1853083,1128531,628453,1254435,707777,1736087,1066940,693885,382144,270164
2025-08-18,298435,272698,2035629,938299,829808,3318713,1270593,2876612,2647576,9474086,584813,557347,942770,910573,690636,1344709,1991147,592673,2035942,1974274,1165156,,3804160,,649707,3294412,4020998,395212,863304,682454,5380039,1136944,2047989,1377052,283359,606014,373013,1648167,264020,433930,1052119,3242575,598785,780266,3700636,6740097,2836937,198192,2715493,1715859,327937,1616771,220582,3014513,2372836,161172,644745,1273441,1024411,1417589,245813,747408,10550295,694779,5785859,1227860,4436647,1111748,568723,1847683,1125246,626626,1250781,705716,1731029,1063826,691860,381028,269381
2025-08-19,297950,272253,2032324,936774,828458,3313318,1268528,2871942,2643276,9458691,583858,556442,941240,909093,689516,1342524,1987912,591708,2032632,1971069,1163266,,3797980,,648652,3289062,4014463,394572,861904,681344,5371299,1135094,2044664,1374817,282899,605029,372408,1645492,263590,433225,1050409,3237310,597810,778996,3694621,6729147,2832327,197872,2711083,1713074,327402,1614146,220222,3009618,2368981,160912,643700,1271371,1022746,1415284,245413,746193,10533160,693649,5776459,1225865,4429442,1109943,567798,1844683,1123416,625606,1248751,704571,1728214,1062096,690735,380408,268946
2025-08-20,296883,271274,2025053,933419,825488,3301449,1263985,2861668,2633805,9424811,581757,554451,937874,905837,687041,1337717,1980795,589585,2025350,1964007,1159097,,3784384,,646331,3277281,4000086,393164,858813,678902,5352071,1131024,2037338,1369900,281887,602862,371077,1639607,262644,431674,1046647,3225716,595665,776202,3681388,6705057,2822185,197168,2701381,1706947,326225,1608360,219430,2998838,2360500,160340,641401,1266817,1019083,1410213,244533,743520,10495452,691163,5755768,1221476,4413591,1105972,565763,1838083,1119390,623362,1244285,702052,1722021,1058290,688260,379044,267978
2025-08-21,296204,270651,2020426,931284,823598,3293896,1261094,2855130,2627778,9403251,580420,553184,935725,903765,685466,1334658,1976266,588234,2020716,1959513,1156444,,3775732,,644854,3269784,3990937,392268,856846,677348,5339835,1128434,2032676,1366771,281243,601483,370230,1635862,262042,430687,1044253,3218338,594300,774424,3672967,6689727,2815731,196720,2695207,1703048,325476,1604678,218926,2991978,2355103,159976,639938,1263919,1016752,1406986,243973,741819,10471449,689581,5742601,1218683,4403504,1103445,564468,1833883,1116828,621934,1241443,700449,1718080,1055868,686685,378176,267362
2025-08-22,298532,272787,2036290,938604,830078,3319792,1271006,2877546,2648442,9477171,585004,557528,943093,910869,690866,1345146,1991794,592866,2036604,1974921,1165540,,3805396,,649918,3295488,4022305,395340,863590,682676,5381787,1137314,2048660,1377499,283451,606211,373134,1648702,264106,434071,1052461,3243634,598980,780520,3701839,6742287,2837859,198256,2716375,1716416,328044,1617302,220654,3015498,2373607,161224,644954,1273855,1024744,1418050,245893,747651,10553745,695005,5787745,1228259,4438088,1112109,568908,1848283,1125612,626830,1251187,705945,1731592,1064172,692085,381152,269474
2025-08-25,297174,271541,2027022,934334,826298,3304686,1265224,2864470,2636388,9434051,582330,554994,938795,906725,687716,1339028,1982736,590164,2027336,1965933,1160234,,3788092,,646964,3280494,4004007,393548,859656,679568,5357315,1132134,2039336,1371227,282163,603453,371440,1641212,262902,432097,1047673,3228878,596250,776964,3684997,6711627,2824951,197360,2704027,1708618,326546,1609938,219646,3001778,2362813,160496,642014,1268059,1020082,1411596,244773,744249,10505739,691841,5761411,1222673,4417914,1107055,566318,1839883,1120488,623974,1245503,702739,1723710,1059328,688935,379416,268242
2025-08-26,297174,271541,2027022,934334,826298,3304686,1265224,2864470,2636388,9434051,582330,554994,938795,906725,687716,1339028,1982736,590164,2027336,1965933,1160234,,3788092,,646964,3280494,4004007,393548,859656,679568,5357315,1132134,2039336,1371227,282163,603453,371440,1641212,262902,432097,1047673,3228878,596250,776964,3684997,6711627,2824951,197360,2704027,1708618,326546,1609938,219646,3001778,2362813,160496,642014,1268059,1020082,1411596,244773,744249,10505739,691841,5761411,1222673,4417914,1107055,566318,1839883,1120488,623974,1245503,702739,1723710,1059328,688935,379416,268242
2025-08-27,296980,271363,2025698,933724,825758,3302528,1264398,2862602,2634666,9427891,581948,554632,938181,906133,687266,1338154,1981442,589778,2026012,1964649,1159476,,3785620,,646542,3278352,4001393,393292,859094,679124,5353817,1131394,2038004,1370331,281979,603059,371198,1640140,262730,431815,1046989,3226770,595860,776456,3682591,6707245,2823107,197232,2702263,1707504,326332,1608886,219502,2999818,2361271,160392,641594,1267231,1019416,1410674,244613,743763,10498881,691389,5757649,1221875,4415030,1106333,565948,1838683,1119756,623566,1244691,702281,1722584,1058636,688485,379168,268066
2025-08-28,296980,271363,2025698,933724,825758,3304828,1265198,2862602,2636466,9434391,583748,554632,938881,906133,687266,1339054,1981442,589778,2027312,1965149,1159476,,3786720,,646542,3278352,4004193,393292,859094,679424,5355617,1132194,2038604,1370731,282079,603059,371398,1640140,262730,431815,1047289,3227670,595860,776456,3684891,6709445,2825007,197232,2702263,1707504,326332,1609986,219502,3000618,2361971,160392,641594,1267631,1020116,1410674,244613,744263,10502281,691789,5761649,1221875,4415030,1107033,565948,1838683,1120056,623566,1244691,702281,1723684,1058636,688485,379168,268066
2025-08-29,296980,271363,2025698,933724,825758,3304828,1265198,2862602,2636466,9434391,583748,554632,938881,906133,687266,1339054,1981442,589778,2027312,1965149,1159476,,3786720,,646542,3278352,4004193,393292,859094,679424,5355617,1132194,2038604,1370731,282079,603059,371398,1640140,262730,431815,1047289,3227670,595860,776456,3684891,6709445,2825007,197232,2702263,1707504,326332,1609986,219502,3000618,2361971,160392,641594,1267631,1020116,1410674,244613,744263,10502281,691789,5761649,1221875,4415030,1107033,565948,1838683,1120056,623566,1244691,702281,1723684,1058636,688485,379168,268066
2025-09-02,297174,271541,2027022,934334,826298,3306986,1266024,2864489,2638188,9440570,584130,554994,939495,906725,687716,1339928,1982736,590164,2028636,1967333,1160234,,3790711,,646964,3280494,4006826,393567,859656,680368,5360815,1132934,2040936,1372227,282263,603453,371640,1641212,262902,432097,1047973,3231278,596250,776964,3687297,6716227,2826870,197360,2706346,1708618,326946,1611038,219646,3003978,2364413,160496,642514,1269159,1020782,1411596,244773,744749,10513058,692241,5765430,1222673,4417914,1107774,566318,1841502,1120788,623974,1245522,702739,1724810,1059328,688935,379416,268242
2025-09-03,297465,271808,2029011,935249,827108,3310229,1267266,2867297,2640774,9449828,584703,555540,940416,907616,688391,1341242,1984680,590743,2030625,1969262,1161371,,3794425,,647597,3283710,4010756,393954,860499,681034,5366071,1134044,2042937,1373571,282539,604044,372003,1642820,263160,432520,1049002,3234446,596835,777726,3690912,6722809,2829642,197552,2708998,1710292,327267,1612619,219862,3006921,2366732,160652,643144,1270404,1021784,1412982,245013,745478,10523363,692919,5771082,1223873,4422246,1108860,566873,1843305,1121886,624586,1246743,703429,1726502,1060366,689610,379788,268506
2025-09-04,296980,271363,2025696,933724,825758,3308724,1266596,2862617,2639864,9445798,583748,554630,940081,906131,687266,1340652,1981440,589778,2029710,1967147,1159476,,3790430,,646542,3283845,4004206,393309,859094,679924,5360511,1133594,2040702,1372031,282379,603059,371898,1640140,262730,431815,1048387,3230866,595860,776456,3689387,6715739,2828222,197232,2704578,1707502,326732,1609984,219502,3003616,2364267,160392,642094,1268329,1021514,1410672,244613,745263,10512288,692689,5768762,1221873,4415026,1107050,565948,1840295,1121256,623566,1244708,703579,1725682,1058636,688485,379168,268066
2025-09-05,296883,271274,2025033,933419,825488,3307643,1266182,2861681,2639002,9442712,583557,554448,939774,905834,687041,1340214,1980792,589585,2029047,1966504,1159097,,3789191,,646331,3282772,4002896,393180,858813,679702,5358759,1133224,2040035,1371583,282287,602862,371777,1639604,262644,431674,1048044,3229810,595665,776202,3688182,6713545,2827298,197168,2703694,1706944,326625,1609457,219430,3002635,2363494,160340,641884,1267914,1021180,1410210,244533,745020,10508853,692463,5766878,1221473,4413582,1106688,565763,1839694,1120890,623362,1244301,703349,1725118,1058290,688260,379044,267978
2025-09-08,296883,271274,2025033,933419,825488,3307643,1266182,2861681,2639002,9442712,583557,554448,939774,905834,687041,1340214,1980792,589585,2029047,1966504,1159097,,3789191,,646331,3282772,4002896,393180,858813,679702,5358759,1133224,2040035,1371583,282287,602862,371777,1639604,262644,431674,1048044,3229810,595665,776202,3688182,6713545,2827298,197168,2703694,1706944,326625,1609457,219430,3002635,2363494,160340,641884,1267914,1021180,1410210,244533,745020,10508853,692463,5766878,1221473,4413582,1106688,565763,1839694,1120890,623362,1244301,703349,1725118,1058290,688260,379044,267978
2025-09-09,297659,271986,2030337,935867,827648,3316291,1269494,2869169,2645898,9467400,585085,555904,942230,908210,688841,1343718,1985976,591129,2034351,1971648,1162129,,3799103,,648019,3291356,4013376,394212,861061,681478,5372775,1136184,2045371,1375167,283023,604438,372753,1643900,263332,432802,1050788,3238258,597225,778234,3697822,6731105,2834690,197680,2710766,1711408,327481,1613673,220006,3010491,2369678,160756,643564,1271234,1023852,1413906,245173,746964,10536333,694271,5781958,1224673,4425134,1109584,567243,1844510,1123818,624994,1247557,705189,1729630,1061066,690060,380036,268682
2025-09-10,297659,271986,2030337,935867,827648,3316291,1269494,2869169,2645898,9467400,585085,555904,942230,908210,688841,1343718,1985976,591129,2034351,1971648,1162129,,3799103,,648019,3291356,4013376,394212,861061,681478,5372775,1136184,2045371,1375167,283023,604438,372753,1643900,263332,432802,1050788,3238258,597225,778234,3697822,6731105,2834690,197680,2710766,1711408,327481,1613673,220006,3010491,2369678,160756,643564,1271234,1023852,1413906,245173,746964,10536333,694271,5781958,1224673,4425134,1109584,567243,1844510,1123818,624994,1247557,705189,1729630,1061066,690060,380036,268682
2025-09-11,300763,274834,2051553,945659,836288,3350883,1282742,2899121,2673482,9566152,591197,561728,952054,917714,696041,1357734,2006712,597305,2055567,1992224,1174257,,3838751,,654771,3325692,4055296,398340,870053,688582,5428839,1148024,2066715,1389503,285967,610742,376657,1661084,266084,437314,1061764,3272050,603465,786362,3736382,6801345,2864258,199728,2739054,1729264,330905,1630537,222310,3041915,2394414,162420,650284,1284514,1034540,1428690,247733,754740,10646253,701503,5842278,1237473,4471342,1121168,573163,1863774,1135530,631522,1260581,712549,1747678,1072170,697260,384004,271498
2025-09-12,301248,275279,2054868,947189,837638,3356288,1284812,2903801,2677792,9581582,592152,562638,953589,919199,697166,1359924,2009952,598270,2058882,1995439,1176152,,3844946,,655826,3331057,4061846,398985,871458,689692,5437599,1149874,2070050,1391743,286427,611727,377267,1663769,266514,438019,1063479,3277330,604440,787632,3742407,6812320,2868878,200048,2743474,1732054,331440,1633172,222670,3046825,2398279,162680,651334,1286589,1036210,1431000,248133,755955,10663433,702633,5851703,1239473,4478562,1122978,574088,1866784,1137360,632542,1262616,713699,1750498,1073905,698385,384624,271938
2025-09-15,300569,274656,2050227,945047,835748,3348721,1281914,2897249,2671751,9559973,590815,561364,951440,917120,695591,1356858,2005409,596919,2054241,1990938,1173499,,3836273,,654342,3323546,4052676,398082,869491,688138,5425335,1147284,2065381,1388607,285783,610348,376413,1660010,265912,437032,1061078,3269938,603075,785854,3733965,6796955,2862410,199600,2737286,1728148,330691,1629483,222166,3039951,2392868,162316,649864,1283684,1033872,1427766,247573,754247,10639381,701051,5838508,1236673,4468447,1120444,572793,1862570,1134798,631114,1259767,712089,1746550,1071476,696810,383756,271322
2025-09-16,297950,272253,2032326,936785,828458,3319534,1270736,2871977,2648450,9476624,585658,556450,943151,909101,689516,1345032,1987886,591708,2036340,1973577,1163266,,3802820,,648618,3294575,4017306,394599,861904,682144,5378031,1137294,2047372,1376484,283299,605029,373119,1645511,263590,433225,1051817,3241426,597810,778996,3701403,6737690,2837462,197872,2713418,1713055,327802,1615254,220222,3013437,2371997,160912,644194,1272479,1024854,1415292,245413,747659,10546609,694949,5787613,1225873,4429432,1110670,567798,1846316,1124916,625606,1248778,705879,1731322,1062107,690735,380408,268946
2025-09-17,297562,271897,2029674,935561,827378,3315210,1269080,2868233,2644998,9464276,584894,555722,941923,907913,688616,1343280,1985290,590936,2033688,1971005,1161750,,3797864,,647770,3290283,4012066,394083,860780,681256,5371023,1135814,2044704,1374688,282931,604241,372631,1643363,263246,432661,1050445,3237202,597030,777980,3696579,6728910,2833766,197616,2709882,1710819,327374,1613146,219934,3009509,2368905,160704,643354,1270819,1023518,1413444,245093,746683,10532865,694045,5780073,1224273,4423652,1109222,567058,1843908,1123452,624790,1247150,704959,1729066,1060719,689835,379912,268594
2025-09-18,299017,273232,2039619,940151,831428,3331425,1275290,2882273,2657943,9510581,587759,558452,946528,912368,691991,1349850,1995025,593831,2043633,1980650,1167435,,3816449,,650950,3306378,4031716,396018,864995,684586,5397303,1141364,2054709,1381423,284311,607196,374461,1651418,264536,434776,1055590,3253042,599955,781790,3714669,6761835,2847626,198576,2723142,1719204,328979,1621051,221014,3024239,2380500,161484,646504,1277044,1028528,1420374,246293,750343,10584405,697435,5808348,1230273,4445327,1114652,569833,1852938,1128942,627850,1253255,708409,1737526,1065924,693210,381772,269914
2025-09-19,295409,270308,1821203,931257,825466,3295069,1271318,2644493,2644063,9387289,575333,558814,942040,897352,683435,1335720,1976211,589815,2029853,1960226,1162891,,3807527,225446,645970,3266002,4028036,385068,860855,677726,5339677,1129698,2039535,1370715,283695,601888,395319,1630078,262706,432258,1034464,3196922,594641,782298,3706181,6740021,2833870,197604,2681986,1703612,323989,1632513,221158,2986181,2358934,160988,643422,1268270,1021892,1415394,252157,750831,10500737,693787,5778708,1225671,4479341,1092762,566101,1866152,1120470,623356,1249567,703467,1724748,1054210,690560,379118,267588
2025-09-22,295217,270132,1820023,930653,824932,3292935,1270494,2642779,2642349,9381207,574961,558454,941430,896770,682993,1334854,1974931,589433,2028537,1958956,1162137,,3805061,225300,645552,3263886,4025426,384818,860297,677286,5336217,1128966,2038213,1369827,283511,601498,395063,1629022,262536,431978,1033794,3194850,594255,781792,3703779,6735653,2832034,197476,2680248,1702508,323779,1631455,221014,2984247,2357406,160884,643006,1267448,1021230,1414476,251993,750345,10493933,693337,5774964,1224877,4476439,1092054,565735,1864942,1119744,622952,1248757,703011,1723630,1053526,690112,378872,267414
2025-09-23,295313,270220,1820613,930955,825199,3294003,1270906,2643636,2643206,9384248,575147,558634,941735,897061,683214,1335287,1975571,589624,2029195,1959591,1162514,,3806295,225373,645761,3264944,4026731,384943,860576,677506,5337947,1129332,2038874,1370271,283603,601693,395191,1629550,262621,432118,1034129,3195886,594448,782045,3704980,6737837,2832952,197540,2681117,1703060,323884,1631984,221086,2985214,2358170,160936,643214,1267859,1021561,1414935,252075,750588,10497335,693562,5776836,1225274,4477890,1092408,565918,1865547,1120107,623154,1249162,703239,1724189,1053868,690336,378995,267501
2025-09-24,295121,270044,1819433,930351,824665,3291867,1270082,2641922,2641492,9378166,574775,558274,941125,896479,682772,1334421,1974291,589242,2027879,1958321,1161760,,3803827,225227,645343,3262828,4024121,384693,860018,677066,5334487,1128600,2037552,1369383,283419,601303,394935,1628494,262451,431838,1033459,3193814,594062,781539,3702578,6733469,2831116,197412,2679379,1701956,323674,1630926,220942,2983280,2356642,160832,642798,1267037,1020899,1414017,251911,750102,10490531,693112,5773092,1224480,4474988,1091700,565552,1864337,1119381,622750,1248352,702783,1723071,1053184,689888,378749,267327
2025-09-25,295313,270220,1820613,930955,825199,3294003,1270906,2643636,2643206,9384248,575147,558634,941735,897061,683214,1335287,1975571,589624,2029195,1959591,1162514,,3806295,225373,645761,3264944,4026731,384943,860576,677506,5337947,1129332,2038874,1370271,283603,601693,395191,1629550,262621,432118,1034129,3195886,594448,782045,3704980,6737837,2832952,197540,2681117,1703060,323884,1631984,221086,2985214,2358170,160936,643214,1267859,1021561,1414935,252075,750588,10497335,693562,5776836,1225274,4477890,1092408,565918,1865547,1120107,623154,1249162,703239,1724189,1053868,690336,378995,267501
2025-09-26,296369,271188,1827103,934277,828136,3305751,1275438,2653063,2652633,9417699,577193,560614,945090,900262,685645,1340050,1982611,591725,2036433,1966576,1166661,,3819869,226176,648060,3276582,4041086,386318,863645,679926,5356977,1133358,2046145,1375155,284615,603838,396599,1635358,263556,433658,1037814,3207282,596571,784828,3718191,6761861,2843050,198244,2690676,1709132,325039,1637803,221878,2995851,2366574,161508,645502,1272380,1025202,1419984,252977,753261,10534757,696037,5797428,1229641,4493851,1096302,567931,1872202,1124100,625376,1253617,705747,1730338,1057630,692800,380348,268458
2025-09-29,295793,270660,1823563,932465,826534,3299343,1272966,2647921,2647491,9399453,576077,559534,943260,898516,684319,1337452,1978771,590579,2032485,1962766,1164399,,3812465,225738,646806,3270234,4033256,385568,861971,678606,5346597,1131162,2042179,1372491,284063,602668,395831,1632190,263046,432818,1035804,3201066,595413,783310,3710985,6748757,2837542,197860,2685462,1705820,324409,1634629,221446,2990049,2361990,161196,644254,1269914,1023216,1417230,252485,751803,10514345,694687,5786196,1227259,4485145,1094178,566833,1868572,1121922,624164,1251187,704379,1726984,1055578,691456,379610,267936
2025-09-30,296465,271276,1827693,934579,828403,3306819,1275850,2653920,2653490,9420740,577379,560794,945395,900553,685866,1340483,1983251,591916,2037091,1967211,1167038,,3821103,226249,648269,3277640,4042391,386443,863924,680146,5358707,1133724,2046806,1375599,284707,604033,396727,1635886,263641,433798,1038149,3208318,596764,785081,3719392,6764045,2843968,198308,2691545,1709684,325144,1638332,221950,2996825,2367338,161560,645710,1272791,1025533,1420443,253059,753504,10538159,696262,5799300,1230038,4495302,1096656,568114,1872807,1124463,625578,1254022,705975,1730897,1057972,693024,380471,268545
2025-10-01,296753,271540,1829463,935485,829204,3310023,1277086,2656491,2656061,9429866,577937,561334,946310,901426,686529,1341782,1985171,592489,2039065,1969116,1168169,,3824805,226468,648896,3280814,4046306,386818,864761,680806,5363897,1134822,2048789,1376931,284983,604618,397111,1637470,263896,434218,1039154,3211426,597343,785840,3722995,6770597,2846722,198500,2694152,1711340,325459,1639919,222166,2999729,2369630,161716,646337,1274024,1026526,1421820,253305,754233,10548368,696937,5804919,1231229,4499658,1097718,568663,1874622,1125552,626184,1255237,706659,1732574,1058998,693696,380840,268806
2025-10-02,296753,271540,1829463,935485,829204,3310023,1277086,2656491,2656061,9429866,577937,561334,946310,901426,686529,1341782,1985171,592489,2039065,1969116,1168169,,3824805,226468,648896,3280814,4046306,386818,864761,680806,5363897,1134822,2048789,1376931,284983,604618,397111,1637470,263896,434218,1039154,3211426,597343,785840,3722995,6770597,2846722,198500,2694152,1711340,325459,1639919,222166,2999729,2369630,161716,646337,1274024,1026526,1421820,253305,754233,10548368,696937,5804919,1231229,4499658,1097718,568663,1874622,1125552,626184,1255237,706659,1732574,1058998,693696,380840,268806
2025-10-03,297041,271804,1831233,936391,830008,3313227,1278322,2659062,2658632,9438992,578495,561874,947225,902299,687192,1343081,1987091,593062,2041039,1971021,1169300,,3828507,226687,649523,3283988,4050221,387193,865598,681466,5369087,1135920,2050772,1378263,285259,605203,397495,1639054,264151,434638,1040159,3214534,597922,786599,3726598,6777149,2849476,198692,2696759,1712996,325774,1641506,222382,3002633,2371922,161872,646964,1275257,1027519,1423197,253551,754962,10558577,697612,5810538,1232420,4504014,1098780,569212,1876437,1126641,626790,1256452,707343,1734251,1060024,694368,381209,269067
2025-10-06,296465,271276,1827693,934579,828400,3306819,1275850,2653920,2653490,9420740,577379,560794,945395,900553,685866,1340483,1983251,591916,2037091,1967211,1167038,,3821103,226249,648269,3277640,4042391,386443,863924,680146,5358707,1133724,2046806,1375599,284707,604033,396727,1635886,263641,433798,1038149,3208318,596764,785081,3719392,6764045,2843968,198308,2691545,1709684,325144,1638332,221950,2996825,2367338,161560,645710,1272791,1025533,1420443,253059,753504,10538159,696262,5799300,1230038,4495302,1096656,568114,1872807,1124463,625578,1254022,705975,1730897,1057972,693024,380471,268545
2025-10-07,295409,270308,1821203,931257,825452,3295071,1271318,2644493,2644063,9387278,575333,558814,942040,897352,683435,1335720,1976211,589815,2029853,1960226,1162891,,3807529,225446,645970,3266002,4028036,385068,860855,677726,5339677,1129698,2039535,1370715,283695,601888,395319,1630078,262706,432258,1034464,3196922,594641,782298,3706181,6740021,2833870,197604,2681986,1703612,323989,1632513,221158,2986177,2358934,160988,643411,1268270,1021892,1415394,252157,750831,10500726,693787,5778697,1225671,4479330,1092762,566101,1866152,1120470,623356,1249567,703467,1724748,1054210,690560,379118,267588
2025-10-08,295889,270748,1824153,932767,826787,3300411,1273378,2648778,2648348,9402488,576263,559714,943565,898807,684540,1337885,1979411,590770,2033143,1963401,1164776,,3813699,225811,647015,3271292,4034561,385693,862250,678826,5348327,1131528,2042840,1372935,284155,602863,395959,1632718,263131,432958,1036139,3202102,595606,783563,3712186,6750941,2838460,197924,2686331,1706372,324514,1635158,221518,2991017,2362754,161248,644456,1270325,1023547,1417689,252567,752046,10517741,694912,5788062,1227656,4486590,1094532,567016,1869177,1122285,624366,1251592,704607,1727543,1055920,691680,379733,268023
2025-10-09,295025,269956,1818843,930049,824384,3290799,1270470,2641065,2640635,9375110,574589,558094,940820,896188,682551,1333988,1973651,589051,2028621,1958686,1161383,,3804393,225154,645134,3261770,4022816,384568,859739,676846,5334957,1128234,2038291,1369639,283327,601108,394807,1627966,262366,431698,1033724,3194478,593869,781286,3701377,6734285,2832098,197348,2680210,1701404,323569,1630397,221570,2984105,2357078,160780,643075,1267426,1020568,1413558,251829,749859,10492814,692887,5771205,1224083,4473522,1091346,565369,1865232,1119618,622548,1247947,702555,1722512,1052842,689664,378626,267240
2025-10-10,292337,267492,1802323,921593,816908,3260895,1258934,2617069,2616639,9289934,569381,553054,932280,888040,676363,1321864,1955731,583703,2010197,1940906,1150827,,3769841,223110,639282,3232146,3986276,381068,851927,670686,5286517,1117986,2019783,1357207,280751,595648,391223,1613182,259986,427778,1024344,3165470,588465,774202,3667749,6673133,2806394,195556,2655878,1685948,320629,1615585,219554,2957001,2335686,159324,637223,1255918,1011300,1400706,249533,743055,10397530,686587,5718761,1212967,4432866,1081434,560245,1848292,1109454,616892,1236607,696171,1706860,1043266,683392,375182,264804
2025-10-13,293009,268108,1806453,923707,818784,3268371,1261818,2623068,2622638,9311228,570683,554314,934415,890077,677910,1324895,1960211,585040,2014803,1945351,1153466,,3778479,223621,640745,3239552,3995411,381943,853880,672226,5298634,1120548,2024410,1360315,281395,597013,392119,1616878,260581,428758,1026689,3172722,589816,775973,3676156,6688421,2812820,196004,2661961,1689812,321364,1619288,220058,2963777,2341041,159688,638686,1258795,1013617,1403919,250107,744756,10421351,688162,5731872,1215746,4443030,1083912,561526,1852527,1111995,618306,1239442,697767,1710773,1045660,684960,376043,265413
2025-10-14,294353,269340,1814713,927935,822536,3283323,1267586,2635066,2634636,9353816,573287,556834,938685,894151,681004,1330957,1969171,587714,2024015,1954241,1158744,,3795755,224643,643671,3254364,4013681,383693,857786,675306,5322868,1125672,2033664,1366531,282683,599743,393911,1624270,261771,430718,1031379,3187226,592518,779515,3692970,6718997,2825672,196900,2674127,1697540,322834,1626694,221066,2977329,2351751,160416,641612,1264549,1018251,1410345,251255,748158,10468993,691312,5758094,1221304,4463358,1088868,564088,1860997,1117077,621134,1245112,700959,1718599,1050448,688096,377765,266631
2025-10-15,293393,268460,1808813,924915,819856,3272643,1263466,2626496,2626066,9323396,571427,555034,935635,891241,678794,1326627,1962771,585804,2017435,1947891,1154974,,3783415,223913,641581,3243784,4000631,382443,854996,673106,5305558,1122012,2027054,1362091,281763,597793,392631,1618990,260921,429318,1028029,3176866,590588,776985,3680960,6697157,2816492,196260,2665437,1692020,321784,1621404,220346,2967649,2344101,159896,639522,1260439,1014941,1405755,250435,745728,10434963,689062,5739364,1217334,4448838,1085328,562258,1854947,1113447,619114,1241062,698679,1713009,1047028,685856,376535,265761
2025-10-16,293777,268812,1811173,926123,820928,3276915,1265114,2629924,2629494,9335564,572171,555754,936855,892405,679678,1328359,1965331,586568,2020067,1950431,1156482,,3788351,224205,642417,3248016,4005851,382943,856112,673986,5312482,1123476,2029698,1363867,282131,598573,393143,1621102,261261,429878,1029369,3181010,591360,777997,3685764,6705893,2820164,196516,2668913,1694228,322204,1623520,220634,2971521,2347161,160104,640358,1262083,1016265,1407591,250763,746700,10448575,689962,5746856,1218922,4454646,1086744,562990,1857367,1114899,619922,1242682,699591,1715245,1048396,686752,377027,266109
2025-10-17,293105,268196,1807043,924009,819052,3269439,1262230,2623925,2623495,9314270,570869,554494,934720,890368,678131,1325328,1960851,585231,2015461,1945986,1153843,,3779713,223694,640954,3240603,3996716,382068,854159,672446,5300365,1120914,2025071,1360759,281487,597208,392247,1617406,260666,428898,1027024,3173758,590009,776226,3677357,6690605,2813738,196068,2662830,1690364,321469,1619817,220130,2964745,2341806,159740,638895,1259206,1013948,1404378,250189,744999,10424754,688387,5733745,1216143,4444482,1084266,561709,1853132,1112358,618508,1239847,697995,1711332,1046002,685184,376166,265500
2025-10-20,294257,269252,1814123,927633,822268,3285255,1267174,2634209,2633779,9359274,573101,556654,939280,893860,680783,1331724,1968531,587523,2023357,1954406,1158367,,3796121,224570,643462,3253311,4012376,383568,857507,675686,5322337,1126306,2033003,1366687,282891,599548,393783,1623742,261686,430578,1031044,3187390,592325,779262,3695169,6719913,2824754,196836,2673258,1696988,323029,1626165,220994,2976361,2350986,160364,641403,1264138,1017920,1409886,251173,747915,10469490,691687,5756221,1220907,4461906,1088514,563905,1860392,1116714,620932,1244707,700731,1719640,1050106,687872,377642,266544
2025-10-21,299825,274356,1848343,945149,837812,3347199,1291070,2683915,2683485,9535768,583889,567094,956970,910738,693659,1356838,2005709,598601,2061521,1991236,1180233,,3867693,228804,655584,3314733,4088124,390818,873689,688446,5422735,1147534,2071341,1392439,288227,610858,401207,1654366,266616,438698,1050474,3247478,603519,793936,3764827,6846643,2878056,200548,2723660,1729004,329119,1656847,225170,3032505,2395356,163380,653525,1287976,1037118,1436508,255929,762009,10666922,704737,5864855,1243933,4546122,1109046,574577,1895482,1137768,632648,1268197,713955,1752062,1069942,700864,384776,271590
2025-10-22,298577,273212,1840673,941223,834328,3333315,1285714,2672774,2672344,9496209,581471,564754,953005,906955,690773,1351209,1997376,596118,2052967,1982981,1175332,,3851651,227855,652867,3300966,4071146,389193,870062,685586,5400232,1142776,2062748,1386667,287031,608323,399543,1647502,265511,436878,1046119,3234010,601010,790647,3749214,6818238,2866109,199716,2712363,1721828,327754,1649970,224234,3019921,2385411,162704,650808,1282633,1032815,1430541,254863,758850,10622670,701812,5840506,1238772,4527246,1104444,572185,1887617,1133049,630022,1262932,710991,1744795,1065496,697952,383177,270459
2025-10-23,300017,274532,1849523,945753,838348,3349335,1291894,2685629,2685199,9541854,584261,567454,957580,911320,694103,1357704,2006991,598983,2062837,1992506,1180987,,3870161,228950,656002,3316851,4090736,391068,874247,688886,5426197,1148266,2072663,1393327,288411,611248,401463,1655422,266786,438978,1051144,3249550,603905,794442,3767229,6851013,2879894,200676,2725398,1730108,329329,1657905,225314,3034441,2396886,163484,653943,1288798,1037780,1437426,256093,762495,10673730,705187,5868601,1244727,4549026,1109754,574945,1896692,1138494,633052,1269007,714411,1753180,1070626,701312,385022,271764
2025-10-24,300401,274884,1854383,946961,839420,3353607,1293542,2689057,2691727,9554026,585005,568174,958800,912484,694991,1359436,2012055,599747,2065469,1995046,1183895,,3875097,229242,657838,3325187,4100760,391568,876463,689766,5434621,1149730,2075307,1395103,288779,612028,402375,1659734,267126,439538,1052984,3253694,604677,795454,3772033,6859753,2883570,200932,2728874,1732316,329749,1662121,225602,3039413,2400946,163692,654779,1290842,1040304,1439262,256421,763467,10687346,706087,5882893,1247915,4560434,1112470,576381,1899112,1140446,634760,1270627,716323,1755416,1071994,702208,385514,272112
2025-10-27,300017,274532,1852023,945753,838348,3349335,1291894,2685629,2688299,9541854,584261,567454,957580,911320,694103,1357704,2009491,598983,2062837,1992506,1182387,,3870161,228950,657002,3320951,4095536,391068,875347,688886,5427697,1148266,2072663,1393327,288411,611248,401863,1657622,266786,438978,1051644,3249550,603905,794442,3767229,6851013,2879894,200676,2725398,1730108,329329,1660005,225314,3035541,2397886,163484,653943,1289198,1038980,1437426,256093,762495,10673730,705187,5875401,1246327,4554626,1111054,575645,1896692,1138994,633952,1269007,715411,1753180,1070626,701312,385022,271764
2025-10-28,299729,274268,1850253,944847,837544,3346131,1290658,2683058,2685728,9532725,583703,566914,956665,910447,693437,1356405,2007568,598410,2060863,1990601,1181256,,3866459,228731,656375,3317774,4091618,390693,874510,688226,5422504,1147168,2070680,1391995,288135,610663,401479,1656038,266531,438558,1050639,3246442,603326,793683,3763626,6844458,2877137,200484,2722791,1728452,329014,1658418,225098,3032637,2395591,163328,653316,1287965,1037987,1436049,255847,761766,10663518,704512,5869782,1245136,4550270,1109992,575093,1894877,1137905,633346,1267792,714727,1751503,1069600,700640,384653,271503
2025-10-29,299633,274180,1849663,944545,837276,3345063,1290246,2682201,2684871,9529682,583516,566734,956360,910156,693215,1355972,2006927,598219,2060205,1989966,1180879,,3865225,228658,656166,3316715,4090312,390568,874231,688006,5420773,1146802,2070019,1391551,288043,610468,401351,1655510,266446,438418,1050304,3245406,603133,793430,3762425,6842273,2876218,200420,2721922,1727900,328909,1657889,225026,3031669,2394826,163276,653107,1287554,1037656,1435590,255765,761523,10660114,704287,5867909,1244739,4548818,1109638,574909,1894272,1137542,633144,1267387,714499,1750944,1069258,700416,384530,271416
2025-10-30,299921,275144,1853633,947851,840180,3353667,1293882,2691572,2691142,9554211,584077,567274,958875,913329,695581,1359471,2011450,600292,2065979,1995171,1183610,,3875227,229377,656793,3324092,4099730,391943,876168,689766,5434666,1149800,2075802,1395083,288819,612653,402335,1659094,267301,439938,1052909,3253814,605212,794189,3772128,6859928,2884275,200612,2729729,1733956,329724,1661576,225542,3039273,2400921,163832,654834,1290787,1040049,1440567,256011,763652,10687626,706162,5881528,1247430,4559074,1112200,576261,1899287,1140331,634450,1271802,715983,1755421,1072984,702788,385799,272377
2025-10-31,299921,275144,1853633,947851,840180,3353667,1293882,2691572,2691142,9554211,584077,567274,958875,913329,695581,1359471,2011450,600292,2065979,1995171,1183610,,3875227,229377,656793,3324092,4099730,391943,876168,689766,5434666,1149800,2075802,1395083,288819,612653,402335,1659094,267301,439938,1052909,3253814,605212,794189,3772128,6859928,2884275,200612,2729729,1733956,329724,1661576,225542,3039273,2400921,163832,654834,1290787,1040049,1440567,256011,763652,10687626,706162,5881528,1247430,4559074,1112200,576261,1899287,1140331,634450,1271802,715983,1755421,1072984,702788,385799,272377
2025-11-03,298673,274000,1845950,943925,836696,3339757,1288513,2680405,2679975,9514587,581646,564921,954897,909546,692695,1353829,2003104,597796,2057412,1986890,1178696,,3859159,228428,654063,3310299,4082726,390318,872528,686906,5412124,1145029,2067196,1389298,287623,610118,400671,1652217,266196,438118,1048541,3240320,602703,790900,3756489,6831471,2872315,199780,2718406,1726767,328359,1654686,224606,3026663,2390963,163156,652117,1285431,1035733,1434587,254945,760480,10643296,703237,5857140,1242256,4540172,1107585,573869,1891409,1135599,631824,1266524,713019,1748141,1068538,699876,384200,271246
2025-11-04,298673,274000,1845950,943925,836696,3339757,1288513,2680405,2679975,9514587,581646,564921,954897,909546,692695,1353829,2003104,597796,2057412,1986890,1178696,,3859159,228428,654063,3310299,4082726,390318,872528,686906,5412124,1145029,2067196,1389298,287623,610118,400671,1652217,266196,438118,1048541,3240320,602703,790900,3756489,6831471,2872315,199780,2718406,1726767,328359,1654686,224606,3026663,2390963,163156,652117,1285431,1035733,1434587,254945,760480,10643296,703237,5857140,1242256,4540172,1107585,573869,1891409,1135599,631824,1266524,713019,1748141,1068538,699876,384200,271246
2025-11-05,298481,273824,1844768,943321,836160,3337617,1287687,2678687,2678257,9508491,581272,564559,954285,908964,692251,1352961,2001820,597412,2056094,1985616,1177940,,3856687,228282,653643,3308177,4080110,390068,871968,686466,5408656,1144295,2065872,1388408,287439,609728,400415,1651159,266026,437838,1047869,3238244,602317,790394,3754083,6827093,2870475,199652,2716664,1725661,328149,1653626,224462,3024723,2389431,163052,651699,1284607,1035069,1433667,254781,759992,10636476,702787,5853388,1241460,4537264,1106875,573501,1890197,1134871,631420,1265712,712563,1747021,1067854,699428,383954,271072
2025-11-06,298577,273912,1845359,943623,836428,3338687,1288100,2679546,2679116,9511539,581459,564740,954591,909255,692473,1353395,2002462,597604,2056753,1986253,1178318,,3857923,228355,653853,3309237,4081418,390193,872248,686686,5410390,1144662,2066534,1388853,287531,609923,400543,1651688,266111,437978,1048205,3239282,602510,790647,3755286,6829282,2871395,199716,2717535,1726214,328254,1654156,224534,3025693,2390197,163104,651908,1285019,1035401,1434127,254863,760236,10639886,703012,5855264,1241858,4538718,1107230,573685,1890803,1135235,631622,1266118,712791,1747581,1068196,699652,384077,271159
2025-11-07,299153,274440,1848905,945435,838036,3345107,1290578,2684700,2684270,9529827,582581,565826,956427,911001,693805,1355999,2006314,598756,2060707,1990075,1180586,,3865339,228793,655113,3315597,4089266,390943,873928,688006,5420794,1146864,2070506,1391523,288083,611093,401311,1654862,266621,438818,1050221,3245510,603668,792165,3762504,6842416,2876915,200100,2722761,1729532,328884,1657336,224966,3031513,2394793,163416,653162,1287491,1037393,1436887,255355,761700,10660346,704362,5866520,1244246,4547442,1109360,574789,1894439,1137419,632834,1268554,714159,1750941,1070248,700996,384815,271681
2025-11-10,298193,273560,1842995,942415,835356,3334407,1286448,2676110,2675680,9499347,580711,564016,953367,908091,691585,1351659,1999894,596836,2054117,1983705,1176806,,3852979,228063,653013,3304987,4076186,389693,871128,685806,5403454,1143194,2063886,1387073,287163,609143,400031,1649572,265771,437418,1046861,3235130,601738,789635,3750464,6820526,2867715,199460,2714051,1724002,327834,1652036,224246,3021813,2387133,162896,651072,1283371,1034073,1432287,254535,759260,10626246,702112,5847750,1240266,4532892,1105810,572949,1888379,1133779,630814,1264494,711879,1745341,1066828,698756,383585,270811
2025-11-11,298001,273384,1841811,941811,834820,3332267,1285622,2674392,2673962,9493249,580337,563654,952755,907509,691141,1350791,1998610,596452,2052799,1982431,1176050,,3850505,227917,652593,3302865,4073570,389443,870568,685366,5399986,1142460,2062562,1386183,286979,608753,399775,1648514,265601,437138,1046189,3233054,601352,789129,3748056,6816148,2865875,199332,2712309,1722896,327624,1650976,224102,3019873,2385601,162792,650654,1282547,1033409,1431367,254371,758772,10619424,701662,5843996,1239470,4529982,1105100,572581,1887167,1133051,630410,1263682,711421,1744221,1066144,698308,383339,270637
2025-11-12,300561,274264,1847731,944831,837500,3344867,1290472,2682982,2682552,9523739,585707,565464,955815,910419,693361,1355131,2005030,598372,2060489,1989601,1179830,,3864575,228647,656193,3313475,4086650,390693,873368,687566,5419166,1146130,2070222,1391233,287899,610713,401055,1653804,266451,438538,1050109,3244934,603282,791659,3760096,6840538,2875075,200892,2722419,1728426,328674,1656276,224822,3030973,2394101,163312,653064,1287307,1036729,1435967,256591,761212,10657634,703912,5862766,1243450,4544532,1108650,574421,1893227,1137331,632430,1267742,713711,1749821,1069564,700548,384569,271507
2025-11-13,302097,275672,1857203,949663,841788,3361987,1297080,2696726,2696296,9572523,588699,568360,960711,915075,696913,1362075,2015302,601444,2071033,1999793,1185878,,3884367,229815,659553,3330451,4107578,392693,877848,691086,5446910,1152002,2080814,1398353,289371,613849,403103,1662268,267811,440778,1055485,3261542,606370,795707,3779360,6875562,2889795,201916,2736355,1737274,330354,1664756,225974,3046493,2406357,164144,656408,1293899,1042041,1482327,257903,765116,10712210,707512,5892798,1249818,4567812,1114330,577365,1902923,1143155,635662,1274238,717375,1758781,1075036,704132,386537,272899
2025-11-14,300465,274176,1847156,944529,837232,3343797,1290059,2682123,2681693,9520690,585520,565283,955509,910128,693139,1354697,2004388,598180,2059830,1988964,1179452,,3863338,228574,655983,3312414,4085342,390568,873088,687346,5417432,1145763,2069560,1390788,287807,610534,400927,1653275,266366,438398,1049773,3243896,603089,791406,3758892,6838349,2874155,200828,2721548,1727873,328569,1655746,224750,3030003,2393335,163260,652855,1286895,1036397,1474167,256509,760968,10654240,703687,5860889,1243052,4543077,1108295,574237,1892621,1136967,632228,1267336,713499,1749261,1069222,700324,384446,271420
2025-11-17,300657,274352,1848338,945133,837768,3345937,1290885,2683841,2683411,9526788,585894,565645,956121,910710,693583,1355565,2005672,598564,2061148,1990238,1180208,,3865812,228720,656403,3314536,4087958,390818,873648,687786,5420900,1146497,2070884,1391678,287991,610924,401183,1654333,266536,438678,1050445,3245972,603475,791912,3761300,6842727,2875995,200956,2723290,1728979,328779,1656806,224894,3031943,2394867,163364,653273,1287719,1037061,1495127,256673,761456,10661060,704137,5864643,1243848,4545987,1109005,574605,1893833,1137695,632632,1268148,713955,1750381,1069906,700772,384692,271594
2025-11-18,299217,273032,1839458,940588,833748,3329872,1284690,2670956,2670526,9481038,583089,562930,951531,906330,690253,1349055,1996042,595684,2051248,1980683,1174538,,3847257,227625,653253,3298621,4068323,388943,869448,684486,5394875,1140992,2060939,1385003,286611,607984,399263,1646383,265261,436578,1045405,3230387,600580,788117,3743240,6809877,2862180,199996,2710225,1720669,327204,1648856,223814,3017393,2383377,162584,650138,1281539,1032081,1487927,255443,757796,10609880,700762,5836473,1237878,4524162,1103680,571845,1884743,1132235,629587,1262058,710520,1741981,1064761,697412,382847,270289
2025-11-19,297873,271800,1831170,936346,829996,3314878,1278908,2658916,2658500,9438324,580471,560396,947247,902242,687145,1342979,1987054,592996,2042008,1971765,1169246,,3829939,226603,650313,3283753,4049997,387193,865528,681406,5370585,1135854,2051657,1378759,285323,605240,397471,1638963,264071,434618,1040701,3215841,597878,784575,3726370,6779203,2849286,199100,2698017,1712913,325734,1641422,222806,3003799,2372639,161856,647212,1275771,1027433,1481207,254295,754380,10562098,697612,5810181,1232306,4503778,1098710,569269,1876245,1127139,626745,1256374,707314,1734127,1059959,694276,381125,269071
2025-11-20,299121,272944,1838866,940285,833480,3328801,1284277,2670096,2669667,9477987,582902,562749,951225,906038,690031,1348621,1995400,595492,2050588,1980046,1174160,,3846020,227552,653043,3297559,4067014,388818,869168,684266,5393140,1140625,2060276,1384557,286519,607788,399135,1645853,265176,436438,1045069,3229348,600387,787864,3742035,6807686,2861259,199932,2709353,1720115,327099,1648325,223742,3016422,2382610,162532,649929,1281127,1031749,1487447,255361,757552,10606467,700537,5834595,1237480,4522706,1103325,571661,1884136,1131871,629384,1261652,710291,1741420,1064418,697188,382724,270202
2025-11-21,301137,274792,1851298,946648,839108,3351292,1292950,2688135,2687706,9542058,586829,566550,957651,912170,694693,1357735,2008882,599524,2064448,1993423,1182098,,3871997,229085,657453,3319861,4094503,391443,875048,688886,5429575,1148332,2074199,1393923,288451,611904,401823,1656983,266961,439378,1052125,3251167,604440,793177,3767340,6853697,2880600,201276,2727665,1731749,329304,1659476,225254,3036813,2398717,163624,654318,1289779,1038721,1497527,257083,762676,10678140,705262,5874033,1245838,4553282,1110780,575525,1896883,1139515,633647,1270178,715100,1753201,1071621,701892,385307,272029
2025-11-24,301521,275144,1853666,947860,840180,3355576,1294602,2691571,2691142,9554262,587577,567274,958875,913338,695581,1359471,2011450,600292,2067088,1995971,1183610,,3876945,229377,658293,3324109,4099739,391943,876168,689766,5436515,1149800,2076851,1395707,288819,612688,402335,1659103,267301,439938,1053469,3255323,605212,794189,3772160,6862461,2884284,201532,2731153,1733965,329724,1661600,225542,3040697,2401785,163832,655154,1291427,1040049,1499447,257411,763652,10691792,706162,5881545,1247430,4559106,1112200,576261,1899311,1140971,634459,1271802,716016,1755445,1072993,702788,385799,272377
2025-11-25,302481,276024,1859586,950890,842860,3366286,1298732,2700171,2699742,9584782,589447,569084,961935,916258,697801,1363811,2017870,602212,2073688,2002341,1187390,,3889325,230107,660393,3334729,4112839,393193,878968,691966,5453875,1153470,2083481,1400167,289739,614648,403625,1664403,268151,441348,1056829,3265713,607142,796719,3784210,6884371,2893494,202172,2739873,1739505,330774,1666910,226262,3050407,2409455,164352,657244,1295547,1043369,1504247,258231,766092,10725932,708422,5900335,1251410,4573666,1115750,578101,1905381,1144611,636489,1275862,718306,1761055,1076423,705028,387029,273247
2025-11-26,303633,277080,1866690,954526,846076,3379138,1303688,2710491,2710062,9621406,591691,571256,965607,919762,700465,1369019,2025574,604516,2081608,2009985,1191926,,3904181,230983,662913,3347473,4128559,394693,882328,694606,5474707,1157874,2091437,1405519,290843,617000,405173,1670763,269171,443040,1060861,3278181,609458,799755,3798670,6910663,2904546,202940,2750337,1746153,332034,1673282,227126,3062059,2418659,164976,659752,1300491,1047353,1510007,259215,769020,10766900,711134,5922883,1256186,4591138,1120010,580309,1912665,1148979,638925,1280734,721054,1767787,1080539,707716,388505,274291
2025-11-28,303441,276904,1865506,953920,845540,3376996,1302862,2708771,2708342,9615302,591317,570894,964995,919178,700021,1368151,2024288,604132,2080288,2008711,1191170,,3901705,230837,662493,3345349,4125939,394443,881768,694166,5471235,1157140,2090111,1404627,290659,616608,404915,1669703,269001,442758,1060189,3276103,609072,799249,3796260,6906281,2902704,202812,2748593,1745045,331824,1672220,226982,3060117,2417125,164872,659334,1299667,1046689,1509047,259051,768532,10760072,710682,5919125,1255390,4588226,1119300,579941,1911451,1148251,638519,1279922,720596,1766665,1079853,707268,388259,274117
2025-12-01,307089,280248,1888002,965434,855724,3417694,1318556,2741451,2741022,9731278,598423,577772,976623,930274,708457,1384643,2048684,611428,2105368,2032917,1205534,,3948749,233611,670473,3385705,4175719,399193,892408,702526,5537203,1171086,2115305,1421575,294155,624056,409817,1689843,272231,448116,1072957,3315585,616406,808863,3842050,6989539,2937702,205244,2781729,1766097,335814,1692398,229718,3097015,2446271,166848,667276,1315323,1059305,1527287,262167,777804,10889804,719270,5990527,1270514,4643554,1132790,586933,1934517,1162083,646233,1295350,729298,1787983,1092887,715780,392933,277423
2025-12-02,307569,280688,1890962,966949,857064,3423049,1320621,2745751,2745322,9746538,599358,578677,978153,931734,709567,1386813,2051899,612388,2108668,2036102,1207424,,3954939,233976,671523,3391015,4182269,399818,893808,703626,5545883,1172921,2118620,1423805,294615,625036,410462,1692493,272656,448821,1074637,3320780,617371,810128,3848075,7000494,2942307,205564,2786089,1768867,336339,1695053,230078,3101870,2450106,167108,668321,1317383,1060965,1529692,262577,779024,10906874,720400,5999922,1272509,4650834,1134565,587853,1937552,1163903,647248,1297380,730443,1790788,1094602,716905,393548,277858
2025-12-03,308625,281656,1897474,970282,860012,3434841,1325164,2755211,2754782,9780121,601415,580668,981519,934946,712009,1391587,2058972,614500,2115928,2043120,1211582,,3968557,234779,673833,3402697,4196679,401193,896888,706046,5564990,1176958,2125913,1428711,295627,627192,411881,1698323,273591,450372,1078333,3332220,619494,812911,3861330,7024606,2952449,206268,2795681,1774961,337494,1700894,230870,3112551,2458543,167680,670620,1321915,1064617,1534983,263479,781708,10944439,722886,6020591,1276898,4666861,1138470,589877,1944229,1167907,649481,1301846,732962,1796959,1098375,719380,394901,278815
2025-12-04,309201,282184,1901026,972100,861620,3441273,1327642,2760371,2759942,9798439,602537,581754,983355,936698,713341,1394191,2062830,615652,2119888,2046948,1213850,,3975985,235217,675093,3409069,4204539,401943,898568,707366,5575412,1179160,2129891,1431387,296179,628368,412655,1701503,274101,451218,1080349,3338460,620652,814429,3868560,7037758,2957981,206652,2800913,1778285,338124,1704080,231302,3118377,2463145,167992,671874,1324387,1066609,1537869,263971,783172,10964929,724242,6031865,1279292,4675603,1140600,590981,1947871,1170091,650699,1304282,734336,1800325,1100433,720730,395639,279337
2025-12-05,310161,283064,1906946,975130,864300,3451993,1332812,2768971,2772442,9842469,604407,583564,987855,939618,715561,1400451,2069260,617572,2127588,2054968,1219530,,3991365,235947,677193,3425089,4222039,403193,901368,710566,5597062,1184470,2138161,1436927,297489,630328,413945,1706803,274951,452628,1084549,3351360,622582,816959,3885810,7065078,2971201,207292,2811733,1783825,339734,1709390,232262,3130387,2472695,168512,674524,1329547,1071629,1551079,264791,786692,11007479,727422,6059855,1283282,4690173,1145850,593381,1956541,1174651,652729,1308342,736626,1808435,1103863,722980,396869,280207
2025-12-08,309393,282360,1902210,972706,862156,3443417,1329508,2762091,2765562,9818045,602911,582116,985407,937282,713785,1396979,2064116,616036,2122308,2049864,1216506,,3981461,235363,675513,3416593,4211559,402193,899128,708806,5583166,1181534,2132857,1433359,296753,628760,412913,1702563,274271,451500,1081861,3343040,621038,814935,3876170,7047542,2963825,206780,2804757,1779393,338894,1705142,231686,3122619,2466559,168096,672852,1326251,1068973,1547231,264135,784740,10980159,725614,6044823,1280090,4678517,1143010,591909,1951685,1171739,651105,1305094,734794,1803947,1101119,721180,395885,279511
2025-12-09,310257,283152,1907538,975433,864577,3453065,1333234,2769831,2773302,9845531,604594,583745,988161,939910,715783,1400894,2069903,617764,2128248,2055606,1219908,,3992612,236020,677403,3426160,4223349,403318,901648,710786,5598799,1184846,2138833,1437373,297581,630524,414074,1707333,275036,452769,1084894,3352400,622775,817221,3887024,7067279,2972123,207356,2812614,1784379,339839,1709921,232334,3131358,2473462,168564,674733,1329968,1071961,1551560,264873,786936,11010903,727648,6061743,1283681,4691630,1146214,593565,1957148,1175024,652932,1308757,736855,1808996,1104206,723205,396992,280294
2025-12-10,310737,283592,1910498,976948,865922,3458425,1335304,2774131,2777602,9860801,605529,584650,989691,941370,716893,1403069,2073118,618724,2131548,2058796,1221798,,3998807,236385,678453,3431475,4229899,403943,903048,711886,5607484,1186686,2142153,1439603,298041,631504,414719,1709983,275461,453474,1086579,3357600,623740,818491,3893054,7078244,2976733,207676,2816979,1787149,340364,1712576,232694,3136213,2477297,168824,675778,1332033,1073621,1553965,265283,788156,11027983,728778,6071143,1285676,4698915,1147994,594485,1960183,1176849,653947,1310792,738000,1811801,1105921,724330,397607,280729
2025-12-11,313809,286408,1929442,986644,874530,3492729,1347752,2801651,2805122,9958529,611513,590442,999483,950714,723997,1416989,2093694,624868,2152668,2077972,1233894,,4155355,238721,685173,3465491,4271819,407943,912008,718446,5660228,1198462,2161881,1453075,300985,637776,418847,1726943,278181,457986,1096563,3388780,629916,826619,3931646,7144320,3004337,209724,2843315,1804877,343724,1729568,234998,3165485,2500521,170488,681986,1344369,1084245,1569357,267907,795404,11130095,736010,6131303,1298444,4745539,1159386,600373,1978307,1187609,660443,1323816,745328,1829753,1116897,731530,401543,283513
2025-12-12,314001,286584,1930626,987250,875066,3494871,1348578,2803371,2806840,9964631,611887,590804,1000095,951298,724441,1417857,2094978,625252,2153988,2079246,1234650,,4157905,238867,685593,3467615,4274437,408193,912568,718886,5663698,1199196,2163207,1453967,301169,638168,419103,1728003,278351,458266,1097235,3390858,630302,827125,3934056,7148702,3006179,209852,2845059,1805985,343934,1730630,235142,3167427,2502055,170592,682404,1345193,1084909,1570317,268071,795892,11136921,736460,6135059,1299240,4748451,1160096,600741,1979521,1188337,660849,1324628,745786,1830875,1117583,731978,401789,283687
2025-12-15,312945,285616,1924114,983917,872118,3483090,1344035,2793922,2797391,9931070,609830,588813,996729,948086,721999,1413083,2087916,623140,2146728,2072239,1230492,,4143880,238064,683283,3455933,4260038,406818,909488,716466,5644613,1195159,2155914,1449061,300157,636012,417695,1722173,277416,456726,1093539,3379429,628179,824342,3920801,7124601,2996048,209148,2835467,1799891,342779,1724789,234350,3156746,2493618,170020,680105,1340661,1081257,1565037,267169,793208,11099378,733985,6114401,1294862,4732435,1156191,598717,1972844,1184333,658616,1320162,743267,1824704,1113810,729514,400436,282730
2025-12-16,313521,286144,1927666,985735,873726,3489516,1346513,2799082,2802545,9949376,610952,589899,998565,949838,723331,1415687,2091768,624292,2150688,2076061,1232760,,4151530,238502,684543,3462305,4267892,407568,911168,717786,5655029,1197361,2159892,1451737,300709,637188,418463,1725353,277926,457572,1095555,3385663,629337,825860,3928031,7137747,3001574,209532,2840699,1803215,343409,1727975,234782,3162572,2498220,170332,681359,1343133,1083249,1567917,267661,794672,11119856,735341,6125669,1297250,4741171,1158321,599821,1976486,1186517,659834,1322598,744641,1828070,1115868,730858,401174,283252
2025-12-17,315633,288080,1940690,992401,879622,3513078,1355599,2818002,2821465,10016520,615066,593881,1005297,956262,728215,1425235,2105892,628516,2165208,2090075,1241076,,4179580,240108,689163,3485669,4296712,410318,917328,722626,5693221,1205435,2174478,1461549,302733,641500,421301,1737013,279796,460674,1102947,3408521,633583,831426,3954541,7185949,3021836,210940,2859883,1815403,345719,1739657,236366,3183934,2515094,171476,685957,1352197,1090553,1578477,269465,800040,11194964,740313,6167007,1306006,4773203,1166131,603869,1989840,1194525,664300,1331530,749679,1840412,1123414,735786,403880,285166
2025-12-18,314289,286848,1932402,988159,875870,3498084,1349817,2805962,2809425,9973792,612448,591347,1001013,952174,725107,1419159,2096904,625828,2155968,2081157,1235784,,4161730,239086,686223,3470801,4278372,408568,913408,719546,5668917,1200297,2165196,1455305,301445,638756,419495,1729593,278606,458700,1098243,3393975,630881,827884,3937671,7155275,3008942,210044,2847675,1807647,344249,1732223,235358,3170340,2504356,170748,683031,1346429,1085905,1571757,268317,796624,11147168,737149,6140701,1300434,4752819,1161161,601293,1981342,1189429,661458,1325846,746473,1832558,1118612,732650,402158,283948
2025-12-19,315537,287992,1940098,992098,879354,3512007,1355186,2817142,2820605,10013468,614879,593700,1004991,955970,727993,1424801,2105250,628324,2164548,2089438,1240698,,4178305,240035,688953,3484607,4295402,410193,917048,722406,5691485,1205068,2173815,1461103,302641,641304,421172,1736483,279711,460533,1102611,3407482,633390,831173,3953336,7183758,3020915,210876,2859011,1814849,345614,1739126,236294,3182963,2514327,171424,685748,1351785,1090221,1577997,269383,799796,11191550,740087,6165128,1305608,4771747,1165776,603685,1989233,1194161,664097,1331124,749450,1839851,1123071,735562,403757,285079
2025-12-22,313321,284940,1919646,982398,873722,3262895,1353642,2761118,2804133,9942120,605319,590420,998691,940918,715569,1409485,2080694,623184,2146672,2073694,1229102,187908,4180713,239007,682589,3463139,4226870,401585,912764,716282,5631729,1198012,2159375,1448595,300689,638184,421688,1728495,277691,461093,1087179,3389726,630762,826985,3945560,7158506,2999483,209492,2836279,1695721,339710,1729338,233538,3166935,2498579,170392,673732,1342265,1074333,1567013,260903,796128,11093710,736987,6129420,1299896,4753959,1158992,599457,1978853,1183889,653457,1325644,744118,1823779,1108927,732258,399645,283747
2025-12-23,314651,286158,1927836,986584,877446,3276811,1359410,2772892,2816089,9984512,607895,592940,1002947,944936,718621,1415491,2089570,625844,2155828,2082528,1234338,188706,4198535,240029,685501,3477909,4244888,403293,916656,719334,5655739,1203122,2168587,1454769,301977,640900,423480,1735859,278881,463053,1091813,3404174,633450,830513,3962388,7189026,3012265,210388,2848375,1702945,341152,1736716,234532,3180431,2509233,171120,676602,1347991,1078911,1573691,262009,799516,11141002,740123,6155558,1305440,4774231,1163934,602019,1987295,1188943,656243,1331300,747296,1831549,1113659,735380,401353,284951
2025-12-24,314651,286158,1927836,986584,877446,3276811,1359410,2772892,2816089,9984512,607895,592940,1002947,944936,718621,1415491,2089570,625844,2155828,2082528,1234338,188706,4198535,240029,685501,3477909,4244888,403293,916656,719334,5655739,1203122,2168587,1454769,301977,640900,423480,1735859,278881,463053,1091813,3404174,633450,830513,3962388,7189026,3012265,210388,2848375,1702945,341152,1736716,234532,3180431,2509233,171120,676602,1347991,1078911,1573691,262009,799516,11141002,740123,6155558,1305440,4774231,1163934,602019,1987295,1188943,656243,1331300,747296,1831549,1113659,735380,401353,284951
2025-12-26,313511,285114,1920816,982996,874254,3264883,1354466,2762800,2805841,9948176,605687,590780,999299,941492,716005,1410343,2081962,623564,2147980,2074944,1229850,188022,4183259,239153,683005,3465249,4229444,401829,913320,716718,5635159,1198742,2160691,1449477,300873,638572,421944,1729547,277861,461373,1087841,3391790,631146,827489,3947964,7162866,3001309,209620,2838007,1696753,339916,1730392,233680,3168863,2500101,170496,674142,1343083,1074987,1567967,261061,796612,11100454,737435,6133154,1300688,4756855,1159698,599823,1980059,1184611,653855,1326452,744572,1824889,1109603,732704,399889,283919
2025-12-29,313511,285114,1920816,982996,874254,3264883,1354466,2762800,2805841,9948176,605687,590780,999299,941492,716005,1410343,2081962,623564,2147980,2074944,1229850,188022,4183259,239153,683005,3465249,4229444,401829,913320,716718,5635159,1198742,2160691,1449477,300873,638572,421944,1729547,277861,461373,1087841,3391790,631146,827489,3947964,7162866,3001309,209620,2838007,1696753,339916,1730392,233680,3168863,2500101,170496,674142,1343083,1074987,1567967,261061,796612,11100454,737435,6133154,1300688,4756855,1159698,599823,1980059,1184611,653855,1326452,744572,1824889,1109603,732704,399889,283919
2025-12-30,313511,285114,1920816,982996,874254,3264883,1354466,2762800,2805841,9948176,605687,590780,999299,941492,716005,1410343,2081962,623564,2147980,2074944,1229850,188022,4183259,239153,683005,3465249,4229444,401829,913320,716718,5635159,1198742,2160691,1449477,300873,638572,421944,1729547,277861,461373,1087841,3391790,631146,827489,3947964,7162866,3001309,209620,2838007,1696753,339916,1730392,233680,3168863,2500101,170496,674142,1343083,1074987,1567967,261061,796612,11100454,737435,6133154,1300688,4756855,1159698,599823,1980059,1184611,653855,1326452,744572,1824889,1109603,732704,399889,283919
2025-12-31,314176,285723,1924911,985089,876116,3271841,1357350,2768687,2811819,9969372,606975,592040,1001427,943501,717531,1413346,2086400,624894,2152558,2079368,1232468,188421,4192170,239664,684461,3472634,4238453,402683,915266,718244,5647164,1201297,2165297,1452564,301517,639930,422840,1733229,278456,462353,1090158,3399014,632490,829253,3956378,7178126,3007707,210068,2844055,1700365,340637,1734081,234177,3175618,2505428,170860,675577,1345946,1077276,1571306,261614,798306,11124107,739003,6146223,1303460,4766991,1162169,601104,1984280,1187138,655248,1329280,746161,1828774,1111969,734265,400743,284521
2026-01-02,314176,285723,1924911,985089,876116,3271841,1357350,2768687,2811819,9969372,606975,592040,1001427,943501,717531,1413346,2086400,624894,2152558,2079368,1232468,188421,4192170,239664,684461,3472634,4238453,402683,915266,718244,5647164,1201297,2165297,1452564,301517,639930,422840,1733229,278456,462353,1090158,3399014,632490,829253,3956378,7178126,3007707,210068,2844055,1700365,340637,1734081,234177,3175618,2505428,170860,675577,1345946,1077276,1571306,261614,798306,11124107,739003,6146223,1303460,4766991,1162169,601104,1984280,1187138,655248,1329280,746161,1828774,1111969,734265,400743,284521
2026-01-06,323391,294162,1981656,1014092,901918,3368259,1397314,2850264,2894657,10263185,624823,609500,1030915,971340,738677,1454959,2147898,643324,2215996,2140672,1268746,193950,4315748,246745,704637,3574969,4363389,414517,942232,739390,5813616,1236702,2229123,1495341,310441,658748,435256,1784348,286701,475933,1122265,3499215,651114,853697,4072972,7389683,3096365,216276,2927863,1750514,350628,1785200,241064,3269223,2579245,175904,695462,1385619,1108995,1617575,269277,821877,11451947,760828,6327322,1341872,4907447,1196410,618855,2042771,1222155,674551,1368468,768180,1882706,1144755,755896,412577,292863
2026-01-07,323296,294075,1981071,1013793,901652,3367265,1396902,2849423,2893803,10260156,624639,609320,1030611,971053,738459,1454530,2147264,643134,2215342,2140040,1268372,193893,4314474,246672,704429,3573914,4362101,414395,941954,739172,5811900,1236337,2228465,1494900,310349,658554,435128,1783821,286616,475793,1121934,3498182,650922,853445,4071770,7387502,3095451,216212,2926999,1749997,350525,1784673,240993,3268258,2578484,175852,695257,1385210,1108668,1617098,269198,821634,11448567,760603,6325455,1341476,4905999,1196057,618672,2042168,1221794,674352,1368064,767953,1882150,1144417,755673,412455,292777
2026-01-08,323676,294423,1983411,1014989,902716,3374741,1399910,2852787,2900319,10282972,625375,610040,1032987,972201,739331,1457806,2149800,643894,2220058,2144408,1269868,194121,4323070,246964,705261,3578134,4367253,414883,943066,740764,5823084,1239117,2233097,1497904,310987,659330,435640,1785929,286956,476353,1124298,3505314,651690,854453,4080578,7401826,3102107,216468,2933255,1752065,351377,1786781,241277,3274918,2583488,176060,696717,1388046,1109976,1619006,269514,823446,11471387,762223,6332923,1343060,4911791,1198769,619404,2046580,1224358,675148,1369680,768861,1886274,1145769,756565,412943,293121
2026-01-09,325006,295641,1991601,1019175,906440,3388657,1405678,2864561,2912275,10325378,627951,612560,1037243,976219,742383,1463812,2158676,646554,2229214,2153256,1275104,194919,4340906,247986,708173,3592904,4385285,416591,946958,743816,5847108,1244227,2242309,1504078,312275,662046,437432,1793307,288146,478313,1128932,3519776,654378,857981,4097406,7432360,3114903,217364,2945351,1759303,352819,1794159,242271,3288428,2594142,176788,699587,1393772,1114554,1625684,270620,826848,11518707,765373,6359061,1348604,4932063,1203711,621966,2055022,1229412,677934,1375336,772039,1894058,1150501,759687,414651,294325
2026-01-12,323961,294684,1985166,1015886,903514,3377723,1401146,2855310,2902881,10292059,625927,610580,1033899,973062,739985,1459093,2151702,644464,2222020,2146304,1270990,194292,4326892,247183,705885,3581299,4371117,415249,943900,741418,5828232,1240212,2235071,1499227,311263,659912,436024,1787510,287211,476773,1125291,3508413,652266,855209,4084184,7408369,3104849,216660,2935847,1753616,351686,1788362,241490,3277813,2585771,176216,697332,1389273,1110957,1620437,269751,824175,11481527,762898,6338524,1344248,4916135,1199828,619953,2048389,1225441,675745,1370892,769542,1887942,1146783,757234,413309,293379
2026-01-13,323961,294684,1985166,1015886,903514,3377723,1401146,2855310,2902881,10292059,625927,610580,1033899,973062,739985,1459093,2151702,644464,2222020,2146304,1270990,194292,4326892,247183,705885,3581299,4371117,415249,943900,741418,5828232,1240212,2235071,1499227,311263,659912,436024,1787510,287211,476773,1125291,3508413,652266,855209,4084184,7408369,3104849,216660,2935847,1753616,351686,1788362,241490,3277813,2585771,176216,697332,1389273,1110957,1620437,269751,824175,11481527,762898,6338524,1344248,4916135,1199828,619953,2048389,1225441,675745,1370892,769542,1887942,1146783,757234,413309,293379
2026-01-14,324151,294858,1986336,1016484,904046,3379711,1401970,2856992,2904589,10298117,626295,610940,1034507,973636,740421,1459951,2152970,644844,2223328,2147568,1271738,194406,4329440,247329,706301,3583409,4373693,415493,944456,741854,5831664,1240942,2236387,1500109,311447,660300,436280,1788564,287381,477053,1125953,3510479,652650,855713,4086588,7412731,3106677,216788,2937575,1754650,351892,1789416,241632,3279743,2587293,176320,697742,1390091,1111611,1621391,269909,824661,11488287,763348,6342258,1345040,4919031,1200534,620319,2049595,1226163,676143,1371700,769996,1889054,1147459,757680,413553,293551
2026-01-15,323581,294336,1982826,1014690,902450,3373747,1399498,2851946,2899465,10279943,625191,609860,1032683,971914,739113,1457377,2149166,643704,2219404,2143776,1269494,194064,4321796,246891,705053,3577079,4365965,414761,942788,740546,5821368,1238752,2232439,1497463,310895,659136,435512,1785402,286871,476213,1123967,3504281,651498,854201,4079376,7399645,3101193,216404,2932391,1751548,351274,1786254,241206,3273953,2582727,176008,696512,1387637,1109649,1618529,269435,823203,11468007,761998,6331056,1342664,4910343,1198416,619221,2045977,1223997,674949,1369276,768634,1885718,1145431,756342,412821,293035
2026-01-16,323486,294249,1982241,1014391,902184,3372753,1399086,2851105,2898611,10276914,625007,609680,1032379,971627,738895,1456948,2148532,643514,2218750,2143144,1269120,194007,4320522,246818,704845,3576024,4364677,414639,942510,740328,5819652,1238387,2231781,1497022,310803,658942,435384,1784875,286786,476073,1123636,3503248,651306,853949,4078174,7397464,3100279,216340,2931527,1751031,351171,1785727,241135,3272988,2581966,175956,696307,1387228,1109322,1618052,269356,822960,11464627,761773,6329189,1342268,4908895,1198063,619038,2045374,1223636,674750,1368872,768407,1885162,1145093,756119,412699,292949
2026-01-20,321301,292248,1968786,1007514,896066,3349891,1389610,2831762,2878969,10207247,620775,605540,1025387,965026,733881,1447081,2133950,639144,2203708,2128608,1260518,192696,4291220,245139,700061,3551759,4335053,411833,936116,735314,5780184,1229992,2216647,1486879,308687,654480,432440,1772754,284831,472853,1116023,3479489,646890,848153,4050528,7347301,3079257,214868,2911655,1739140,348802,1773606,239502,3250793,2564463,174760,691592,1377821,1101801,1607081,267539,817371,11386887,756598,6286248,1333160,4875591,1189944,614829,2031505,1215333,670173,1359580,763186,1872374,1137319,750990,409893,290971
2026-01-21,319591,290682,1958256,1002132,891278,3331999,1382194,2816624,2863597,10152725,617463,602300,1019915,959860,729957,1439359,2122538,635724,2191936,2117232,1253786,191670,4268288,243825,696317,3532769,4311869,409637,931112,731390,5749296,1223422,2204803,1478941,307031,650988,430136,1763268,283301,470333,1110065,3460895,643434,843617,4028892,7308043,3062805,213716,2896103,1729834,346930,1764120,238224,3233423,2550765,173824,687902,1370459,1095915,1598495,266117,812997,11326047,752548,6252642,1326032,4849527,1183590,611535,2020651,1208835,666591,1352308,759100,1862366,1131235,746976,407697,289423
2026-01-22,319781,290856,1959426,1002730,891810,3333987,1383018,2818306,2865305,10158785,617831,602660,1020523,960434,730393,1440217,2123806,636104,2193244,2118496,1254536,191784,4270836,243971,696733,3534879,4314445,409881,931668,731826,5752728,1224152,2206119,1479823,307215,651376,430392,1764322,283471,470613,1110727,3462961,643818,844121,4031296,7312405,3064633,213844,2897831,1730868,347138,1765174,238366,3235353,2552287,173928,688312,1371277,1096569,1599451,266277,813483,11332807,752998,6256378,1326824,4852425,1184296,611901,2021857,1209557,666989,1353116,759554,1863478,1131911,747422,407941,289595
2026-01-23,319116,290247,1955331,1000637,889948,3327029,1380134,2812419,2859327,10137575,616543,601400,1018395,958425,728867,1437214,2119368,634774,2188666,2114072,1251911,191385,4261918,243460,695277,3527494,4305429,409027,929722,730300,5740716,1221597,2201513,1476736,306571,650018,429496,1760633,282876,469633,1108410,3455730,642474,842357,4022882,7297138,3058235,213396,2891783,1727249,346410,1761485,237869,3228598,2546960,173564,686877,1368414,1094280,1596112,265717,811782,11309147,751423,6243302,1324052,4842282,1181825,610620,2017636,1207030,665596,1350288,757965,1859586,1129545,745861,407087,288993
2026-01-26,318451,289638,1951236,998544,888086,3320071,1377250,2806532,2853349,10116372,615255,600140,1016267,956416,727341,1434211,2114930,633444,2184088,2109648,1249286,190986,4253000,242949,693821,3520109,4296413,408173,927776,728774,5728704,1219042,2196907,1473649,305927,648660,428600,1756944,282281,468653,1106093,3448499,641130,840593,4014468,7281871,3051837,212948,2885735,1723630,345682,1757796,237372,3221843,2541633,173200,685442,1365551,1091991,1592773,265157,810081,11285487,749848,6230226,1321280,4832139,1179354,609339,2013415,1204503,664203,1347460,756376,1855694,1127179,744300,406233,288391
2026-01-27,317976,289203,1948311,997049,886756,3315101,1375190,2802327,2849079,10101222,614335,599240,1014747,954981,726251,1432066,2111760,632494,2180818,2106488,1247411,190701,4246630,242584,692781,3514834,4289973,407563,926386,727684,5720124,1217217,2193617,1471444,305467,647690,427960,1754309,281856,467953,1104438,3443334,640170,839333,4008458,7270966,3047267,212628,2881415,1721045,345162,1755161,237017,3217018,2537828,172940,684417,1363506,1090356,1590388,264757,808866,11268587,748723,6220886,1319300,4824894,1177589,608424,2010400,1202698,663208,1345440,755241,1852914,1125489,743185,405623,287961
2026-01-28,318071,289290,1948896,997348,887022,3316095,1375602,2803168,2849933,10104252,614519,599420,1015051,955268,726469,1432495,2112394,632684,2181472,2107120,1247786,190758,4247904,242657,692989,3515889,4291261,407685,926664,727902,5721840,1217582,2194275,1471885,305559,647884,428088,1754836,281941,468093,1104769,3444367,640362,839585,4009660,7273147,3048181,212692,2882279,1721562,345266,1755688,237088,3217983,2538589,172992,684622,1363915,1090683,1590865,264837,809109,11271967,748948,6222754,1319696,4826343,1177942,608607,2011003,1203059,663407,1345844,755468,1853470,1125827,743408,405745,288047
2026-01-29,317596,288855,1945971,995853,885692,3311125,1373542,2798963,2845663,10089102,613599,598520,1013531,953833,725379,1430350,2109224,631734,2178202,2103960,1245911,190473,4241534,242292,691949,3510614,4284821,407075,925274,726812,5713260,1215757,2190985,1469680,305099,646914,427448,1752201,281516,467393,1103114,3439202,639402,838325,4003650,7262242,3043611,212372,2877959,1718977,344746,1753053,236733,3213158,2534784,172732,683597,1361870,1089048,1588480,264437,807894,11255067,747823,6213414,1317716,4819098,1176177,607692,2007988,1201254,662412,1343824,754333,1850690,1124137,742293,405135,287617
2026-01-30,322536,293379,1976391,1011401,899524,3362813,1394966,2842695,2890123,10246662,623167,607880,1029339,968757,736715,1452710,2142192,641614,2212210,2136824,1265411,193437,4307782,246088,702765,3565474,4351797,413419,939730,738148,5802492,1234737,2225201,1492612,309883,657002,434104,1779605,285936,474673,1120326,3492918,649386,851429,4066154,7375654,3091139,215700,2922887,1745861,350154,1780457,240425,3263338,2574356,175436,694257,1383138,1106052,1613336,268597,820530,11430879,759523,6310550,1338308,4894446,1194533,617208,2039344,1220026,672760,1364832,766137,1879602,1141713,753889,411479,292089
2026-02-02,320446,291465,1963521,1004823,893672,3340945,1385880,2824193,2871313,10180002,619119,603920,1022651,962443,731919,1443250,2128244,637434,2197822,2122920,1257161,192183,4279754,244482,698189,3542264,4323461,410735,933614,733352,5764740,1226707,2210725,1482910,307859,652734,431288,1768011,284066,471593,1113044,3470192,645162,845885,4039710,7327650,3071031,214292,2903879,1734487,347866,1768863,238863,3242108,2557614,174292,689747,1374140,1098858,1602820,266837,815184,11356497,754573,6269454,1329596,4862568,1186767,613182,2026078,1212084,668382,1355944,761143,1867370,1134277,748983,408795,290197
2026-02-03,324911,295554,1991016,1018876,906174,3387663,1405291,2863720,2911498,10322412,627767,612380,1036939,975932,742165,1463460,2158042,646364,2228560,2152624,1274786,194862,4339632,247913,707965,3591849,4383997,416469,946680,743598,5845392,1243862,2241651,1503637,312183,661852,437304,1792780,288061,478173,1128601,3518743,654186,857729,4096204,7430204,3113989,217300,2944487,1758786,352754,1793632,242200,3287463,2593381,176736,699382,1393363,1114227,1625286,270597,826605,11515404,765148,6357250,1348208,4930671,1203358,621783,2054419,1229051,677735,1374932,771812,1893502,1150163,759464,414529,294239
2026-02-04,328141,298512,2010906,1029042,915218,3421459,1419333,2892314,2940568,10425432,634023,618500,1047275,985690,749577,1478080,2179598,652824,2250796,2174112,1287536,196800,4382948,250395,715037,3627719,4427789,420617,956132,751010,5903736,1256272,2264023,1518631,315311,668448,441656,1810698,290951,482933,1139855,3553865,660714,866297,4137072,7504392,3145065,219476,2973863,1776364,356290,1811550,244614,3320273,2619255,178504,706352,1407269,1125345,1641538,273317,834867,11630358,772798,6420762,1361672,4979937,1215360,628005,2074921,1241325,684501,1388668,779530,1912406,1161655,767046,418677,297163
2026-02-05,328236,298599,2011491,1029341,915484,3422453,1419746,2893155,2941423,10428462,634207,618680,1047579,985977,749795,1478510,2180232,653014,2251450,2174744,1287911,196857,4384222,250468,715245,3628774,4429077,420739,956410,751228,5905452,1256637,2264681,1519072,315403,668642,441784,1811225,291036,483073,1140186,3554898,660906,866549,4138274,7506574,3145979,219540,2974727,1776881,356394,1812077,244685,3321238,2620016,178556,706557,1407678,1125672,1642016,273397,835110,11633739,773023,6422630,1362068,4981386,1215713,628188,2075524,1241686,684700,1389072,779757,1912962,1161993,767269,418799,297249
2026-02-06,329376,299643,2018511,1032929,918676,3434381,1424702,2903247,2951683,10464822,636415,620840,1051227,989421,752411,1483670,2187840,655294,2259298,2182328,1292411,197541,4399510,251344,717741,3641434,4444533,422203,959746,753844,5926044,1261017,2272577,1524364,316507,670970,443320,1817549,292056,484753,1144158,3567294,663210,869573,4152698,7532758,3156947,220308,2985095,1783085,357642,1818401,245537,3332818,2629148,179180,709017,1412586,1129596,1647752,274357,838026,11674311,775723,6445046,1366820,4998774,1219949,630384,2082760,1246018,687088,1393920,782481,1919634,1166049,769945,420263,298281
2026-02-09,332191,302122,2035056,1041512,926198,3459079,1435043,2927144,2972718,10539832,639543,625900,1058715,997400,758617,1494220,2205818,660724,2275716,2198392,1302986,199190,4432168,253385,723677,3671369,4480929,425777,967672,759350,5970336,1270062,2289203,1535701,318781,676568,446616,1832408,294381,487133,1152545,3593555,668674,876657,4182732,7588852,3179885,222116,3006783,1797674,360170,1833360,247584,3357323,2648805,180664,714222,1422979,1138855,1661278,275717,843997,11760688,781308,6498002,1378052,5039807,1228650,635495,2097811,1255075,692751,1405388,788860,1933386,1175595,776336,423637,300783
