date,gddy_shares,nxpi_shares,ctsh_shares,ptc_shares,anet_shares,stx_shares,amat_shares,msi_shares,qcom_shares,tel_shares,q_shares,amd_shares,cdw_shares,jbl_shares,glw_shares,dell_shares,aapl_shares,epam_shares,ffiv_shares,lrcx_shares,mu_shares,fslr_shares,msft_shares,aph_shares,ntap_shares,wdc_shares,intu_shares,acn_shares,keys_shares,tyl_shares,vrsn_shares,it_shares,intc_shares,cdns_shares,mchp_shares,adsk_shares,pltr_shares,now_shares,nvda_shares,trmb_shares,akam_shares,sndk_shares,ter_shares,txn_shares,swks_shares,orcl_shares,klac_shares,ibm_shares,snps_shares,gen_shares,mpwr_shares,fico_shares,crwd_shares,ddog_shares,app_shares,wday_shares,ftnt_shares,crm_shares,panw_shares,hpe_shares,avgo_shares,adi_shares,on_shares,csco_shares,rop_shares,hpq_shares,smci_shares,zbra_shares,adbe_shares,tdy_shares
2025-03-31,1101742,1982959,3858990,938756,8059546,1651739,6340718,1303901,8629078,2327770,,12643081,1039689,854543,6014642,2433909,45058304,442541,449829,10015191,8692864,835238,22297990,9448936,1586195,2713717,2183907,4880066,1348979,333973,634771,599279,33782844,2139857,4196127,1677426,15992769,1607220,73457083,1917723,1172131,,1270613,7102490,1254086,12656742,1036779,7214159,1206029,4231400,373154,190509,1921702,,,1669678,4963360,7466599,5165708,10247318,15216858,3870700,3287911,31073716,836645,7316794,3928957,400817,3396276,363534
2025-04-01,1101742,1982959,3858990,938756,8059546,1651739,6340718,1303901,8629078,2327770,,12643081,1039689,854543,6014642,2433909,45058304,442541,449829,10015191,8692864,835238,22297990,9448936,1586195,2713717,2183907,4880066,1348979,333973,634771,599279,33782844,2139857,4196127,1677426,15992769,1607220,73457083,1917723,1172131,,1270613,7102490,1254086,12656742,1036779,7214159,1206029,4231400,373154,190509,1921702,,,1669678,4963360,7466599,5165708,10247318,15216858,3870700,3287911,31073716,836645,7316794,3928957,400817,3396276,363534
2025-04-03,1099641,1979212,3851817,936993,8044585,1648681,6328958,1301471,8613034,2323408,,12619539,1037818,852962,6003458,2429413,44974467,441718,448993,9996548,8676690,833696,22256559,9431376,1583280,2708736,2179844,4870961,1346558,333271,633545,598231,33719989,2135785,4188252,1674316,15963020,1604253,73320356,1914106,1169874,,1268261,7089231,1251760,12633174,1034908,7200666,1203807,4223547,372374,190206,1918185,,,1666581,4954086,7452686,5156105,10228181,15188534,3863401,3281834,31015829,835090,7303093,3921741,400085,3389978,362880
2025-04-07,1093269,1967728,3829461,931557,7997893,1639105,6292238,1293911,8563030,2309908,,12546315,1031806,847994,5968610,2415301,44713467,439162,446401,9938516,8626326,828872,22127391,9376656,1574100,2693004,2167208,4842701,1338746,331327,629873,594775,33524293,2123401,4163952,1664596,15870392,1594929,72894836,1902982,1163070,,1260917,7048083,1244488,12559842,1028896,7158870,1196823,4199031,370214,189090,1907061,,,1656897,4925322,7409450,5126189,10168817,15100370,3840973,3262790,30835829,830230,7260721,3898989,397745,3370286,360756
2025-04-16,1097109,1974608,3842881,934877,8025733,1644825,6314176,1298411,8592910,2318008,,12590033,1035346,851054,5989470,2423741,44869481,440682,447941,9973256,8656406,831752,22204589,9409294,1579500,2702344,2174766,4859601,1343386,332507,632113,596795,33641389,2130881,4178452,1670396,15925790,1600509,73149288,1909662,1167150,,1265335,7072743,1248828,12603682,1032436,7183890,1201003,4213651,371514,189710,1913641,,,1662677,4942502,7435308,5144109,10204297,15153050,3854433,3274170,30943505,833130,7286099,3912529,399245,3382126,362036
2025-04-22,1098171,1976522,3846607,935783,8033515,1646421,6320302,1299671,8601244,2320258,,12602243,1036348,851882,5995278,2426093,44912993,441108,448373,9982928,8664800,832556,22226123,9418420,1581030,2704966,2176878,4864311,1344688,332831,632725,597371,33674017,2132945,4182502,1672016,15941234,1602063,73220227,1911516,1168284,,1266565,7079601,1250040,12615904,1033438,7190856,1202167,4217737,371874,189896,1915495,,,1664291,4947296,7442520,5149095,10214191,15167744,3858171,3277344,30973520,833940,7293167,3916321,399635,3385408,362390
2025-04-23,1099056,1978117,3849712,936538,8040000,1647751,6325407,1300721,8608189,2322133,,12612418,1037183,852572,6000118,2428053,44949258,441463,448733,9990988,8671795,833226,22244068,9426025,1582305,2707151,2178638,4868236,1345773,333101,633235,597851,33701207,2134665,4185877,1673366,15954104,1603358,73279347,1913061,1169229,,1267590,7085316,1251050,12626089,1034273,7196661,1203137,4221142,372174,190051,1917040,,,1665636,4951291,7448530,5153250,10222436,15179989,3861286,3279989,30998530,834615,7299057,3919481,399960,3388143,362685
2025-04-25,1097994,1976203,3845986,935632,8032218,1646155,6319281,1299461,8599855,2319883,,12600208,1036181,851744,5994310,2425701,44905740,441037,448301,9981316,8663401,832422,22222534,9416899,1580775,2704529,2176526,4863526,1344471,332777,632623,597275,33668579,2132601,4181827,1671746,15938660,1601804,73208403,1911207,1168095,,1266360,7078458,1249838,12613867,1033271,7189695,1201973,4217056,371814,189865,1915186,,,1664022,4946497,7441318,5148264,10212542,15165295,3857548,3276815,30968518,833805,7291989,3915689,399570,3384861,362331
2025-04-28,1096578,1973651,3841018,934424,8021842,1644027,6311113,1297781,8588743,2316883,,12583928,1034845,850640,5986566,2422565,44847724,440469,447725,9968420,8652209,831350,22193822,9404731,1578735,2701033,2173710,4857246,1342735,332345,631807,596507,33625075,2129849,4176427,1669586,15918068,1599732,73113811,1908735,1166583,,1264720,7069314,1248222,12597571,1031935,7180407,1200421,4211608,371334,189617,1912714,,,1661870,4940105,7431702,5141616,10199350,15145703,3852564,3272583,30928502,832725,7282565,3910633,399050,3380485,361859
2025-05-13,1093038,1967271,3828598,931404,7995902,1638707,6290693,1293581,8560963,2309383,,12543228,1031505,847880,5967206,2414725,44702635,439049,446285,9936180,8624229,828670,22122015,9374311,1573635,2692293,2166670,4841519,1338395,331265,629767,594587,33516315,2122969,4162927,1664186,15866561,1594552,72877297,1902555,1162803,,1260620,7046454,1244182,12556831,1028595,7157187,1196541,4197988,370134,188997,1906534,,,1656490,4924125,7407662,5124969,10166343,15096696,3840104,3262003,30828462,830025,7259005,3897993,397750,3369545,360679
2025-05-14,1093038,1967271,3828598,931404,7995902,1638707,6290693,1293581,8560963,2309383,,12543228,1031505,847880,5967206,2414725,44702635,439049,446285,9936180,8624229,828670,22122015,9374311,1573635,2692293,2166670,4841519,1338395,331265,629767,594587,33516315,2122969,4162927,1664186,15866561,1594552,72877297,1902555,1162803,,1260620,7046454,1244182,12556831,1028595,7157187,1196541,4197988,370134,188997,1906534,,,1656490,4924125,7407662,5124969,10166343,15096696,3840104,3262003,30828462,830025,7259005,3897993,397750,3369545,360679
2025-05-16,1093038,1967271,3828598,931404,7995902,1638707,6290693,1293581,8560963,2309383,,12543228,1031505,847880,5967206,2414725,44702635,439049,446285,9936180,8624229,828670,22122015,9374311,1573635,2692293,2166670,4841519,1338395,331265,629767,594587,33516315,2122969,4162927,1664186,15866561,1594552,72877297,1902555,1162803,,1260620,7046454,1244182,12556831,1028595,7157187,1196541,4197988,370134,188997,1906534,,,1656490,4924125,7407662,5124969,10166343,15096696,3840104,3262003,30828462,830025,7259005,3897993,397750,3369545,360679
2025-05-19,1093038,1967271,3828598,931404,7995902,1638707,6290693,1293581,8560963,2309383,,12543228,1031505,847880,5967206,2414725,44702635,439049,446285,9936180,8624229,828670,22122015,9374311,1573635,2692293,2166670,4841519,1338395,331265,629767,594587,33516315,2122969,4162927,1664186,15866561,1594552,72877297,1902555,1162803,,1260620,7046454,1244182,12556831,1028595,7157187,1196541,4197988,370134,188997,1906534,,,1656490,4924125,7407662,5124969,10166343,15096696,3840104,3262003,30828462,830025,7259005,3897993,397750,3369545,360679
2025-05-20,1093038,1967271,3828598,931404,7995902,1638707,6290693,1293581,8560963,2309383,,12543228,1031505,847880,5967206,2414725,44702635,439049,446285,9936180,8624229,828670,22122015,9374311,1573635,2692293,2166670,4841519,1338395,331265,629767,594587,33516315,2122969,4162927,1664186,15866561,1594552,72877297,1902555,1162803,,1260620,7046454,1244182,12556831,1028595,7157187,1196541,4197988,370134,188997,1906534,,,1656490,4924125,7407662,5124969,10166343,15096696,3840104,3262003,30828462,830025,7259005,3897993,397750,3369545,360679
2025-05-21,1098617,1977384,3848169,936081,8036856,1647089,6322860,1300251,8604795,2321208,,12607405,1036814,852206,5997771,2427109,44931373,441266,448529,9986939,8668337,832917,22235179,9422307,1581717,2706092,2177774,4866241,1345254,333023,632921,597608,33687706,2133792,4184287,1672676,15947698,1602745,73250212,1912298,1168806,,1267055,7082450,1250536,12621069,1033904,7193769,1202579,4219479,372054,189934,1916281,,,1664953,4949298,7445520,5151233,10218397,15173950,3859725,3278690,30986184,834270,7296115,3917892,399705,3386714,362572
2025-07-07,1138020,2017658,3936909,957905,8225004,1694935,6488643,1333142,8762806,2368399,,12949445,1051655,857296,6156203,2392613,45712187,452531,458728,10215779,8925610,856497,22747844,9660586,1624572,2786354,2232783,4999810,1380173,344349,644989,614706,34837450,2180722,4295314,1708646,16988478,1653243,74639880,1905486,1167728,,1281223,7255579,1199092,12989830,1056182,7422779,1234916,4359114,382384,194388,1989276,,,1730154,5073783,7662971,5287915,10491019,14390594,3961113,3337508,31772950,858711,7528944,4099169,406164,3403843,374278
2025-07-08,1138020,2017658,3936909,957905,8225004,1694935,6488643,1333142,8762806,2368399,,12949445,1051655,857296,6156203,2392613,45712187,452531,458728,10215779,8925610,856497,22747844,9660586,1624572,2786354,2232783,4999810,1380173,344349,644989,614706,34837450,2180722,4295314,1708646,16988478,1653243,74639880,1905486,1167728,,1281223,7255579,1199092,12989830,1056182,7422779,1234916,4359114,382384,194388,1989276,,,1730154,5073783,7662971,5287915,10491019,14390594,3961113,3337508,31772950,858711,7528944,4099169,406164,3403843,374278
2025-07-09,1137940,2017529,3936616,957864,8224413,1694747,6488177,1333041,8762180,2368274,,12948577,1051649,857220,6155869,2392515,45708948,452479,458685,10215023,8924909,856412,22746217,9659938,1624485,2786123,2232560,4999429,1380035,344435,644907,614679,34835031,2180527,4295025,1708576,16987361,1653092,74634716,1905395,1167593,,1281150,7255102,1198902,12988916,1056085,7422145,1234771,4358815,382324,194367,1989111,1475700,,1730020,5073501,7662379,5287539,10490250,14389678,3960847,3337260,31770775,858635,7528463,4098901,406140,3403685,374209
2025-07-10,1134460,2011430,3924754,954993,8199634,1689619,6468552,1329010,8735716,2361120,,12909532,1048463,854685,6137257,2385277,45571149,451088,457273,10184250,8897999,853877,22677685,9630692,1619588,2777783,2225847,4984339,1375957,343401,642965,612842,34729989,2173903,4282087,1703406,16936118,1648111,74409568,1899574,1164129,,1277308,7233236,1195333,12949745,1052878,7399833,1231076,4345667,381264,193816,1983117,1475286,,1724887,5058180,7639269,5271604,10458653,14346245,3948901,3327193,31674897,855979,7505694,4086614,404896,3393387,373070
2025-07-11,1133380,2009516,3921022,954087,8191840,1688011,6462402,1327744,8727412,2358876,,12897262,1047467,853875,6131425,2383009,45527835,450662,456841,10174572,8889539,853067,22656133,9621536,1618046,2775143,2223729,4979599,1374649,343077,642353,612260,34696977,2171839,4278019,1701786,16920020,1646545,74338840,1897768,1163025,,1276096,7226360,1194199,12937439,1051876,7392801,1229906,4341539,380904,193630,1981233,1473882,,1723249,5053374,7632009,5266594,10448711,14332607,3945145,3324031,31644789,855163,7498560,4082732,404512,3390159,372716
2025-07-14,1135120,2012568,3926998,955595,8204232,1690655,6472302,1329732,8740684,2362468,,12916822,1049095,855155,6140701,2386633,45596903,451330,457517,10189984,8903019,854347,22690477,9636144,1620502,2779263,2227153,4987219,1376693,343509,643369,613136,34749601,2175191,4284543,1704346,16945684,1649033,74451560,1900676,1164697,,1278012,7237328,1196011,12957055,1053512,7403977,1231766,4348151,381384,193878,1984245,1476154,,1725833,5061082,7643589,5274574,10464567,14354391,3951153,3329047,31692841,856551,7509972,4088916,405124,3395263,373288
2025-07-15,1134220,2010973,3923888,954840,8197737,1689315,6467177,1328677,8733764,2360598,,12906597,1048265,854480,6135841,2384743,45560798,450975,457157,10181914,8895969,853672,22672512,9628514,1619217,2777063,2225388,4983269,1375603,343239,642859,612651,34722086,2173471,4281153,1702996,16932269,1647728,74392610,1899171,1163777,,1277002,7231598,1195066,12946795,1052677,7398117,1230791,4344706,381084,193723,1982675,1474984,,1724468,5057077,7637539,5270399,10456282,14343026,3948023,3326412,31667746,855871,7504027,4085681,404804,3392573,372993
2025-07-16,1135120,2012568,3926998,955595,8204232,1690655,6472302,1329732,8740684,2362468,,12916822,1049095,855155,6140701,2386633,45596903,451330,457517,10189984,8903019,854347,22690477,9636144,1620502,2779263,2227153,4987219,1376693,343509,643369,613136,34749601,2175191,4284543,1704346,16945684,1649033,74451560,1900676,1164697,,1278012,7237328,1196011,12957055,1053512,7403977,1231766,4348151,381384,193878,1984245,1476154,,1725833,5061082,7643589,5274574,10464567,14354391,3951153,3329047,31692841,856551,7509972,4088916,405124,3395263,373288
2025-07-17,1140700,2022457,3946280,960276,8244501,1698963,6504077,1336273,8783588,2374062,,12980217,1054241,859340,6170833,2398351,45820754,453531,459749,10240018,8946729,858532,22801860,9683450,1628469,2792903,2238096,5011709,1383451,345183,646531,616143,34920194,2185855,4305561,1712716,17028857,1657124,74817050,1910007,1170401,,1284274,7272854,1201870,13020667,1058689,7440309,1237811,4369510,383244,194839,1993979,1483408,,1734296,5085913,7681099,5300459,10515934,14424854,3970559,3345384,31848430,860767,7546831,4108973,407108,3411941,375117
2025-07-18,1141740,2024314,3950046,961129,8252398,1700567,6510252,1337506,8791940,2376284,,12992552,1055239,860145,6176749,2400585,45864317,453944,460165,10249760,8955259,859337,22823539,9692728,1629940,2795623,2240155,5016479,1384805,345545,647137,616734,34953403,2187887,4309595,1714426,17045106,1658707,74888320,1911810,1171553,,1285480,7279692,1203037,13033023,1059690,7447425,1240296,4373577,383624,195032,1995921,1484810,,1735915,5090716,7688429,5305564,10525905,14438573,3974337,3348565,31878687,861575,7553998,4112914,407500,3415255,375494
2025-07-21,1142460,2025590,3952538,961737,8257602,1701639,6514360,1338350,8797484,2377784,,13000748,1055903,860689,6180645,2402101,45893249,454232,460457,10256224,8960907,859881,22837935,9698840,1630968,2797387,2241567,5019643,1385677,345761,647545,617122,34975451,2189267,4312315,1715506,17055858,1659755,74935560,1913014,1172293,,1286292,7284284,1203797,13041243,1060358,7452121,1479277,4376337,383868,195156,1997181,1485746,,1737011,5093928,7693277,5308912,10532545,14447681,3976845,3350677,31898795,862119,7558762,4115510,407756,3417411,375730
2025-07-22,1142600,2025757,3952777,961873,8258295,1701763,6514871,1338473,8798182,2377959,,13001805,1055941,860737,6181127,2402248,45896818,454328,460546,10257012,8961623,859929,22839742,9699544,1631169,2797600,2241796,5020006,1385751,345783,647531,617143,34978167,2189452,4312655,1715616,17057142,1659921,74941397,1913207,1172398,,1286371,7284848,1203867,13042258,1060389,7452703,1483139,4376707,383941,195239,1997276,1485808,,1737193,5094307,7693893,5309253,10533425,14448742,3977156,3350981,31901306,862167,7559425,4115767,407808,3417638,375717
2025-07-23,1143860,2027990,3957138,962937,8267402,1703639,6522060,1339950,8807884,2380584,,13016148,1057103,861689,6187945,2404901,45947449,454832,461057,10268324,8971507,860881,22864935,9710240,1632968,2800687,2244267,5025543,1387277,346161,648245,617822,35016751,2191867,4317415,1717506,17075958,1661755,75024060,1915314,1173693,,1287792,7292884,1205197,13056643,1061558,7460921,1484777,4381537,384368,195456,1999481,1487446,,1739111,5099928,7702377,5315112,10545045,14464681,3981545,3354677,31936495,863119,7567762,4120310,408256,3421411,376130
2025-07-24,1144220,2028628,3958384,963241,8270004,1704175,6524114,1340372,8810656,2381334,,13020246,1057435,861961,6189893,2405659,45961915,454976,461203,10271556,8974331,861153,22872133,9713298,1633482,2801569,2244973,5027125,1387713,346269,648449,618016,35027775,2192557,4318775,1718046,17081334,1662279,75047680,1915916,1174063,,1288198,7295180,1205577,13060753,1061892,7463269,1485244,4382917,384490,195518,2000111,1487914,,1739659,5101534,7704801,5316786,10548365,14469235,3982799,3355733,31946549,863391,7570144,4121608,408384,3422489,376248
2025-07-25,1146380,2032456,3965860,965065,8285616,1707391,6536438,1342904,8827288,2385834,,13044834,1059427,863593,6201581,2410207,46048711,455840,462079,10290948,8991275,862785,22915321,9731634,1636566,2806861,2249209,5036617,1390329,346917,649673,619180,35093919,2196697,4326935,1721286,17113590,1665423,75189400,1919528,1176283,,1290634,7308956,1207857,13085413,1063896,7477357,1488052,4391197,385222,195890,2003891,1490722,,1742947,5111170,7719345,5326830,10568285,14496559,3990323,3362069,32006873,865023,7584436,4129396,409152,3428957,376956
2025-07-28,1147280,2034051,3968975,965825,8292121,1708731,6541573,1343959,8834218,2387709,,13055079,1060257,864273,6206451,2412102,46084876,456200,462444,10299028,8998335,863465,22933316,9739274,1637851,2809066,2250974,5040572,1391419,347187,650183,619665,35121479,2198422,4330335,1722636,17127030,1666733,75248442,1921033,1177208,,1291649,7314696,1208807,13095688,1064731,7483227,1489222,4394647,385527,196045,2005466,1491892,,1744317,5115185,7725405,5331015,10576585,14507944,3993458,3364709,32032008,865703,7590391,4132641,409472,3431652,377251
2025-07-29,1150160,2039155,3978943,968257,8312937,1713019,6558005,1347335,8856394,2393709,,13087863,1062913,866449,6222035,2418166,46200604,457352,463612,10324884,9020927,865641,22990900,9763722,1641963,2816122,2256622,5053228,1394907,348051,651815,621217,35209671,2203942,4341215,1726956,17170038,1670925,75437386,1925849,1180168,,1294897,7333064,1211847,13128568,1067403,7502011,1492966,4405687,386503,196541,2010506,1495636,,1748701,5128033,7744797,5344407,10603145,14544376,4003490,3373157,32112440,867879,7609447,4143025,410496,3440276,378195
2025-07-30,1146740,2033094,3967106,965369,8288218,1707927,6538492,1343326,8830060,2386584,,13048932,1059759,863865,6203529,2410965,46063177,455984,462225,10294180,8994099,863057,22922519,9734690,1637080,2807743,2249915,5038199,1390765,347025,676577,619374,35104943,2197387,4328295,1721826,17118966,1665947,75213015,1920130,1176653,,1291040,7311252,1208237,13089523,1064230,7479705,1488520,4392577,385344,195952,2004521,1491190,,1743495,5112776,7721769,5328504,10571605,14501113,3991577,3363125,32016927,865295,7586818,4130694,409280,3430035,377074
2025-07-31,1147640,2034689,3970221,966129,8294723,1709267,6543627,1344381,8836990,2388459,,13059177,1060589,864545,6208399,2412860,46099337,456344,462590,10302260,9001159,863737,22940514,9742330,1638365,2809948,2251680,5042154,1391855,347295,677107,619859,35132498,2199112,4331695,1723176,17132406,1667257,75272055,1921635,1177578,,1292055,7316992,1209187,13099798,1065065,7485575,1489690,4396027,385644,196107,2006096,1492360,,1744865,5116791,7727829,5332689,10579905,14512498,3994712,3365765,32042062,865975,7592773,4133939,409600,3432730,377369
2025-08-01,1150340,2039474,3979566,968409,8314238,1713287,6559032,1347546,8857780,2394084,,13089912,1063079,866585,6223009,2418545,46207832,457424,463685,10326500,9022339,865777,22994499,9765265,1642220,2816563,2256975,5054019,1395125,348105,678697,621314,35215178,2204287,4341895,1727226,17172726,1671187,75449205,1926150,1180353,,1295100,7334212,1212037,13130623,1067570,7503185,1493200,4406377,386559,196572,2010821,1495870,,1748975,5128836,7746009,5345244,10604805,14546653,4004117,3373685,32117467,868015,7610638,4143674,410560,3440815,378254
2025-08-04,1150160,2039155,3978943,968257,8312937,1713019,6558005,1347335,8856394,2393709,,13087863,1062913,866449,6222035,2418166,46200599,457352,463612,10324884,9020927,865641,22990900,9763736,1641963,2816122,2256622,5053228,1394907,348051,678591,621217,35209666,2203942,4341215,1726956,17170038,1670925,75437395,1925849,1180168,,1294897,7333064,1211847,13128568,1067403,7502011,1492966,4405687,386498,196541,2010506,1495636,,1748701,5128033,7744797,5344407,10603145,14544376,4003490,3373157,32112440,867879,7609447,4143025,410496,3440276,378195
2025-08-05,1149440,2037879,3976451,967649,8307733,1711947,6553897,1346491,8850850,2392209,,13079667,1062249,865905,6218139,2416650,46171667,457064,463320,10318420,9015279,865097,22976504,9757620,1640935,2814358,2255210,5050064,1394035,347835,678167,620829,35187618,2202562,4338495,1725876,17159286,1669877,75390155,1924645,1179428,,1294085,7328472,1211087,13120348,1066735,7497315,1492030,4402927,386254,196417,2009246,1494700,,1747605,5124821,7739949,5341059,10596505,14535268,4000982,3371045,32092332,867335,7604683,4140429,410240,3438120,377959
2025-08-06,1150340,2039474,3979566,968409,8314238,1713287,6559032,1347546,8857780,2394084,,13089912,1063079,866585,6223009,2418545,46207832,457424,463685,10326500,9022339,865777,22994499,9765265,1642220,2816563,2256975,5054019,1395125,348105,678697,621314,35215178,2204287,4341895,1727226,17172726,1671187,75449205,1926150,1180353,,1295100,7334212,1212037,13130623,1067570,7503185,1493200,4406377,386559,196572,2010821,1495870,,1748975,5128836,7746009,5345244,10604805,14546653,4004117,3373685,32117467,868015,7610638,4143674,410560,3440815,378254
2025-08-07,1149980,2038836,3978320,968105,8311636,1712751,6556978,1347124,8855008,2393334,,13085814,1062747,866313,6221061,2417787,46193366,457280,463539,10323268,9019515,865505,22987301,9762207,1641706,2815681,2256269,5052437,1394689,347997,678485,621120,35204154,2203597,4340535,1726686,17167350,1670663,75425585,1925548,1179983,,1294694,7331916,1211657,13126513,1067236,7500837,1492732,4404997,386437,196510,2010191,1495402,,1748427,5127230,7743585,5343570,10601485,14542099,4002863,3372629,32107413,867743,7608256,4142376,410432,3439737,378136
2025-08-08,1150100,2039017,3978697,968153,8312335,1712883,6557451,1347213,8855722,2393559,,13086865,1062881,866377,6221587,2418008,46197133,457308,463566,10324152,9020303,865569,22989202,9763078,1641849,2815940,2256416,5052846,1394771,348043,678579,621223,35207042,2203852,4340955,1726816,17168762,1670801,75431775,1925747,1180098,,1294791,7332568,1211767,13127658,1067369,7501463,1492798,4405307,386476,196479,2010376,1495568,,1748553,5127627,7744173,5344033,10602325,14543322,4003136,3372901,32110086,867807,7608865,4142727,410468,3439998,378177
2025-08-11,1150100,2039017,3978697,968153,8312335,1712883,6557451,1347213,8855722,2393559,,13086865,1062881,866377,6221587,2418008,46197133,457308,463566,10324152,9020303,865569,22989202,9763078,1641849,2815940,2256416,5052846,1394771,348043,678579,621223,35207042,2203852,4340955,1726816,17168762,1670801,75431775,1925747,1180098,,1294791,7332568,1211767,13127658,1067369,7501463,1492798,4405307,386476,196479,2010376,1495568,,1748553,5127627,7744173,5344033,10602325,14543322,4003136,3372901,32110086,867807,7608865,4142727,410468,3439998,378177
2025-08-12,1150100,2039017,3978697,968153,8312335,1712883,6557451,1347213,8855722,2393559,,13086865,1062881,866377,6221587,2418008,46197133,457308,463566,10324152,9020303,865569,22989202,9763078,1641849,2815940,2256416,5052846,1394771,348043,678579,621223,35207042,2203852,4340955,1726816,17168762,1670801,75431775,1925747,1180098,,1294791,7332568,1211767,13127658,1067369,7501463,1492798,4405307,386476,196479,2010376,1495568,,1748553,5127627,7744173,5344033,10602325,14543322,4003136,3372901,32110086,867807,7608865,4142727,410468,3439998,378177
2025-08-13,1151360,2041250,3983058,969217,8321449,1714759,6564640,1348690,8865431,2396184,,13101208,1064043,867329,6228405,2420661,46247778,457812,464077,10335471,9030194,866521,23014402,9773781,1643648,2819027,2258887,5058383,1396297,348428,679321,621902,35245640,2206267,4345715,1728706,17187585,1672635,75514466,1927861,1181393,,1296212,7340604,1213097,13142050,1068538,7509688,1494436,4410137,386903,196696,2012581,1497206,,1750471,5133248,7752664,5349892,10613945,14559268,4007525,3376597,32145289,868759,7617209,4147270,410916,3443771,378590
2025-08-14,1149200,2037422,3975582,967393,8305825,1711543,6552316,1346158,8848787,2391684,,13076620,1062051,865697,6216717,2416113,46160958,456948,463201,10316067,9013238,864889,22971202,9755433,1640564,2813735,2254651,5048891,1393681,347768,678049,620738,35179472,2202127,4337555,1725466,17155317,1669491,75372710,1924237,1179173,,1293776,7326828,1210817,13117378,1066534,7495588,1491628,4401857,386171,196324,2008801,1494398,,1747183,5123612,7738108,5339848,10594025,14531932,4000001,3370261,32084941,867127,7602905,4139482,410148,3437303,377882
2025-08-15,1149200,2037422,3975582,967393,8305825,1711543,6552316,1346158,8848787,2391684,,13076620,1062051,865697,6216717,2416113,46160958,456948,463201,10316067,9013238,864889,22971202,9755433,1640564,2813735,2254651,5048891,1393681,347768,678049,620738,35179472,2202127,4337555,1725466,17155317,1669491,75372710,1924237,1179173,,1293776,7326828,1210817,13117378,1066534,7495588,1491628,4401857,386171,196324,2008801,1494398,,1747183,5123612,7738108,5339848,10594025,14531932,4000001,3370261,32084941,867127,7602905,4139482,410148,3437303,377882
2025-08-18,1149380,2037741,3976205,967545,8307127,1711811,6553343,1346369,8850174,2392059,,13078669,1062217,865833,6217691,2416492,46168193,457020,463274,10317684,9014651,865025,22974802,9756962,1640821,2814176,2255004,5049682,1393899,347823,678155,620835,35184986,2202472,4338235,1725736,17158006,1669753,75384523,1924539,1179358,,1293979,7327976,1211007,13119434,1066701,7496763,1491862,4402547,386232,196355,2009116,1494632,,1747457,5124415,7739321,5340685,10595685,14534210,4000628,3370789,32089970,867263,7604097,4140131,410212,3437842,377941
2025-08-19,1149220,2037503,3975759,967441,8306123,1711575,6552589,1346247,8849200,2391709,,13077171,1062085,865761,6216943,2416234,46162823,456876,463228,10316450,9013525,864953,22972102,9755804,1640607,2813794,2254798,5049100,1393763,347813,678043,620741,35180858,2202182,4337675,1725496,17155928,1669529,75375597,1924235,1179188,,1293873,7327080,1210827,13117822,1066567,7495913,1491694,4402067,386210,196313,2008886,1494464,,1747209,5123809,7738495,5340011,10594365,14532554,4000174,3370333,32086112,867191,7603213,4139633,410184,3437464,377923
2025-08-20,1148500,2036227,3973267,966833,8300915,1710503,6548481,1345403,8843652,2390209,,13068971,1061421,865217,6213047,2414718,46133883,456588,462936,10309982,9007873,864409,22957702,9749688,1639579,2812030,2253386,5045936,1392891,347593,677619,620353,35158802,2200802,4334955,1724416,17145172,1668481,75328345,1923027,1178448,,1293061,7322488,1210067,13109598,1065899,7491213,1490758,4399307,385966,196189,2007626,1493528,,1746113,5120597,7733643,5336663,10587725,14523442,3997666,3368221,32065996,866647,7598445,4137037,409928,3435308,377687
2025-08-21,1151320,2041293,3982989,969161,8321243,1714755,6564559,1348657,8865270,2396059,,13100971,1064045,867321,6228283,2420624,46246873,457796,464058,10335320,9029955,866513,23013902,9773594,1643577,2818904,2258828,5058310,1396343,348463,679303,621911,35244998,2206232,4345575,1728696,17187218,1672549,75513027,1927755,1181338,,1296203,7340460,1213027,13141782,1068537,7509563,1494434,4410067,386860,196723,2012536,1497204,,1750449,5133239,7752525,5349781,10613765,14559034,4007444,3376513,32144602,868751,7617033,4147123,410924,3443654,378613
2025-08-22,1150600,2040017,3980497,968553,8316035,1713683,6560451,1347813,8859722,2394559,,13092771,1063381,866777,6224383,2419108,46217925,457508,463766,10328852,9024303,865969,22999498,9767478,1642549,2817140,2257416,5055142,1395471,348243,678879,621523,35222938,2204852,4342855,1727612,17176462,1671501,75465763,1926547,1180598,,1295391,7335864,1212267,13133558,1067869,7504863,1493498,4407307,386616,196599,2011276,1496268,,1749353,5130027,7747673,5346433,10607121,14549922,4004936,3374401,32124482,868207,7612265,4144527,410668,3441498,378377
2025-08-25,1151500,2041612,3983612,969313,8322545,1715023,6565586,1348868,8866657,2396434,,13103021,1064216,867457,6229258,2421003,46254110,457868,464131,10336937,9031368,866649,23017503,9775123,1643834,2819345,2259181,5059102,1396566,348518,679409,622008,35250513,2206577,4346255,1728967,17189912,1672811,75524848,1928057,1181523,,1296406,7341609,1213217,13143843,1068704,7510738,1494668,4410757,386921,196754,2012851,1497438,,1750723,5134042,7753738,5350618,10615426,14561312,4008071,3377041,32149632,868887,7618225,4147772,410988,3444193,378672
2025-08-26,1151500,2041612,3983612,969313,8322545,1715023,6565586,1348868,8866657,2396434,,13103021,1064216,867457,6229258,2421003,46254110,457868,464131,10336937,9031368,866649,23017503,9775123,1643834,2819345,2259181,5059102,1396566,348518,679409,622008,35250513,2206577,4346255,1728967,17189912,1672811,75524848,1928057,1181523,,1296406,7341609,1213217,13143843,1068704,7510738,1494668,4410757,386921,196754,2012851,1497438,,1750723,5134042,7753738,5350618,10615426,14561312,4008071,3377041,32149632,868887,7618225,4147772,410988,3444193,378672
2025-08-27,1151500,2041612,3983612,969313,8322545,1715023,6565586,1348868,8866657,2396434,,13103021,1064216,867457,6229258,2421003,46254110,457868,464131,10336937,9031368,866649,23017503,9775123,1643834,2819345,2259181,5059102,1396566,348518,679409,622008,35250513,2206577,4346255,1728967,17189912,1672811,75524848,1928057,1181523,,1296406,7341609,1213217,13143843,1068704,7510738,1494668,4410757,386921,196754,2012851,1497438,,1750723,5134042,7753738,5350618,10615426,14561312,4008071,3377041,32149632,868887,7618225,4147772,410988,3444193,378672
2025-08-28,1151680,2041931,3984235,969465,8323847,1715291,6566613,1349079,8868044,2396809,,13105071,1064383,867593,6230233,2421382,46261347,457940,464204,10338554,9032781,866785,23021104,9776652,1644091,2819786,2259534,5059894,1396785,348573,679515,622105,35256028,2206922,4346935,1729238,17192602,1673073,75536665,1928359,1181708,,1296609,7342758,1213407,13145900,1068871,7511913,1494902,4411447,386982,196785,2013166,1497672,,1750997,5134845,7754951,5351455,10617087,14563590,4008698,3377569,32154662,869023,7619417,4148421,411052,3444732,378731
2025-08-29,1151680,2041931,3984235,969465,8323847,1715291,6566613,1349079,8868044,2396809,,13105071,1064383,867593,6230233,2421382,46261347,457940,464204,10338554,9032781,866785,23021104,9776652,1644091,2819786,2259534,5059894,1396785,348573,679515,622105,35256028,2206922,4346935,1729238,17192602,1673073,75536665,1928359,1181708,,1296609,7342758,1213407,13145900,1068871,7511913,1494902,4411447,386982,196785,2013166,1497672,,1750997,5134845,7754951,5351455,10617087,14563590,4008698,3377569,32154662,869023,7619417,4148421,411052,3444732,378731
2025-09-02,1150960,2040655,3981743,968857,8318639,1714219,6562505,1348235,8862496,2395309,,13096871,1063715,867049,6226333,2419866,46232399,457652,463912,10332086,9027129,866241,23006700,9770536,1643063,2818022,2258122,5056726,1395909,348353,679091,621717,35233961,2205542,4344215,1728154,17181842,1672025,75489397,1927151,1180968,,1295797,7338162,1212647,13137672,1068203,7507213,1493966,4408687,386738,196661,2011906,1496736,,1749901,5131633,7750099,5348107,10610443,14554478,4006190,3375457,32134542,868479,7614649,4145825,410796,3442576,378495
2025-09-03,1149700,2038422,3977382,967793,8309525,1712343,6555316,1346758,8852787,2392684,,13082521,1062546,866097,6219508,2417213,46181733,457148,463401,10320767,9017238,865289,22981486,9759826,1641264,2814935,2255644,5051182,1394376,347968,678349,621038,35195349,2203127,4339455,1726257,17163012,1670191,75406671,1925037,1179673,,1294376,7330119,1211317,13123273,1067034,7498988,1492328,4403857,386311,196444,2009701,1495098,,1747983,5126012,7741608,5342248,10598816,14538532,4001801,3371761,32099325,867527,7606305,4141282,410348,3438803,378082
2025-09-04,1151160,2041055,3982643,969057,8320539,1714519,6564005,1348535,8864596,2395909,,13099871,1063915,867249,6227733,2420466,46242999,457752,464012,10334386,9029229,866441,23012000,9772736,1643463,2818722,2258722,5057826,1396209,348453,679191,621817,35242061,2206042,4345215,1728554,17185842,1672425,75506597,1927651,1181268,,1296097,7339862,1212947,13140672,1068403,7508913,1494266,4409687,386838,196661,2012306,1497036,,1750301,5132733,7751899,5349307,10612843,14557778,4007190,3376257,32141942,868679,7616449,4146825,410896,3443376,378595
2025-09-05,1151160,2041055,3982643,969057,8320539,1714519,6564005,1348535,8864596,2395909,,13099871,1063915,867249,6227733,2420466,46242999,457752,464012,10334386,9029229,866441,23012000,9772736,1643463,2818722,2258722,5057826,1396209,348453,679191,621817,35242061,2206042,4345215,1728554,17185842,1672425,75506597,1927651,1181268,,1296097,7339862,1212947,13140672,1068403,7508913,1494266,4409687,386838,196661,2012306,1497036,,1750301,5132733,7751899,5349307,10612843,14557778,4007190,3376257,32141942,868679,7616449,4146825,410896,3443376,378595
2025-09-08,1150620,2040098,3980774,968601,8316633,1713715,6560924,1347902,8860432,2394784,,13093721,1063414,866841,6224808,2419329,46221285,457536,463793,10329532,9024990,866033,23001194,9768146,1642692,2817399,2257660,5055450,1395552,348288,678873,621526,35225513,2205007,4343175,1727741,17177772,1671639,75471140,1926745,1180713,,1295488,7336415,1212377,13134501,1067902,7505388,1493564,4407617,386655,196568,2011361,1496334,,1749479,5130324,7748260,5346796,10607860,14550941,4005309,3374673,32126849,868271,7612873,4144878,410704,3441759,378418
2025-09-09,1150980,2040736,3982020,968905,8319237,1714251,6562978,1348324,8863208,2395534,,13097821,1063748,867113,6226758,2420087,46235761,457680,463939,10332768,9027816,866305,23008398,9771206,1643206,2818281,2258368,5057034,1395990,348398,679085,621720,35236545,2205697,4344535,1728283,17183152,1672163,75494778,1927349,1181083,,1295894,7338713,1212757,13138615,1068236,7507738,1494032,4408997,386777,196630,2011991,1496802,,1750027,5131930,7750686,5348470,10611182,14555499,4006563,3375729,32136911,868543,7615257,4146176,410832,3442837,378536
2025-09-10,1150980,2040736,3982020,968905,8319237,1714251,6562978,1348324,8863208,2395534,,13097821,1063748,867113,6226758,2420087,46235761,457680,463939,10332768,9027816,866305,23008398,9771206,1643206,2818281,2258368,5057034,1395990,348398,679085,621720,35236545,2205697,4344535,1728283,17183152,1672163,75494778,1927349,1181083,,1295894,7338713,1212757,13138615,1068236,7507738,1494032,4408997,386777,196630,2011991,1496802,,1750027,5131930,7750686,5348470,10611182,14555499,4006563,3375729,32136911,868543,7615257,4146176,410832,3442837,378536
2025-09-11,1150080,2039141,3978905,968145,8312727,1712911,6557843,1347269,8856268,2393659,,13087566,1062913,866433,6221883,2418192,46199571,457320,463574,10324678,9020751,865625,22990388,9763556,1641921,2816076,2256598,5053074,1394895,348123,678555,621235,35208965,2203972,4341135,1726928,17169702,1670853,75435683,1925839,1180158,,1294879,7332968,1211807,13128330,1067401,7501863,1492862,4405547,386472,196475,2010416,1495632,,1748657,5127915,7744621,5344285,10602877,14544104,4003428,3373089,32111756,867863,7609297,4142931,410512,3440142,378241
2025-09-12,1151160,2041055,3982643,969057,8320539,1714519,6564005,1348535,8864596,2395909,,13099872,1063915,867249,6227733,2420466,46242999,457752,464012,10334386,9029229,866441,23012000,9772736,1643463,2818722,2258722,5057826,1396209,348453,679191,621817,35242061,2206042,4345215,1728554,17185842,1672425,75506597,1927651,1181268,,1296097,7339862,1212947,13140672,1068403,7508913,1494266,4409687,386838,196661,2012306,1497036,,1750301,5132733,7751899,5349307,10612843,14557778,4007190,3376257,32141942,868679,7616449,4146825,410896,3443376,378595
2025-09-15,1151700,2042012,3984512,969513,8324445,1715323,6567086,1349168,8868760,2397034,,13106025,1064416,867657,6230658,2421603,46264713,457968,464231,10339240,9033468,866849,23022806,9777326,1644234,2820045,2259784,5060202,1396866,348618,679509,622108,35258609,2207077,4347255,1729367,17193912,1673211,75542054,1928557,1181823,,1296706,7343309,1213517,13146843,1068904,7512438,1494968,4411757,387021,196754,2013251,1497738,,1751123,5135142,7755538,5351818,10617826,14564615,4009071,3377841,32157035,869087,7620025,4148772,411088,3444993,378772
2025-09-16,1152240,2042969,3986381,969969,8328351,1716127,6570167,1349801,8872924,2398159,,13112178,1064917,868065,6233583,2422740,46286427,458184,464450,10344094,9037707,867257,23033612,9781916,1645005,2821368,2260846,5062578,1397523,348783,679827,622399,35275157,2208112,4349295,1730180,17201982,1673997,75577511,1929463,1182378,,1297315,7346756,1214087,13153014,1069405,7515963,1495670,4413827,387204,196847,2014196,1498440,,1751945,5137551,7759177,5354329,10622809,14571452,4010952,3379425,32172128,869495,7623601,4150719,411280,3446610,378949
2025-09-17,1183920,2099113,4096029,996721,8557503,1763295,6750919,1386937,9117212,2464159,,13473154,1094309,892001,6405183,2489444,47560491,470856,477298,10628862,9286395,891193,23667564,10051196,1690237,2898984,2323150,5201970,1436067,358463,698483,639471,36246149,2268832,4468975,1777876,17675422,1720109,77657655,1982615,1214938,,1333043,7548980,1247527,13515046,1098797,7722763,1536854,4535267,397940,202303,2069636,1539624,,1800169,5278879,7972665,5501641,10915145,14972556,4121304,3472353,33057584,893431,7833393,4264943,422544,3541474,389333
2025-09-18,1183740,2098793,4095406,996569,8556200,1763027,6749891,1386726,9115824,2463784,,13471103,1094142,891865,6404208,2489065,47553252,470784,477225,10627244,9284982,891057,23663962,10049666,1689980,2898543,2322796,5201178,1435848,358408,698377,639374,36240632,2268487,4468295,1777605,17672732,1719847,77645835,1982313,1214753,,1332840,7547831,1247337,13512989,1098630,7721588,1536620,4534577,397879,202272,2069321,1539390,,1799895,5278076,7971452,5500804,10913484,14970277,4120677,3471824,33052552,893295,7832201,4264294,422480,3540935,389274
2025-09-19,1136538,2069668,4009245,983383,8460557,1745861,6587794,1367691,8853723,2425664,,13322093,1075921,881023,6399172,2488955,43647738,457236,471559,10389574,9187013,880415,21862001,10022718,1642658,2847920,2289865,5113060,1412850,355104,690105,621692,35931308,2236928,4430340,1756721,18669680,1707535,71763952,1953559,1177088,,1305895,7463192,1218418,11779704,1083300,7646897,1519078,4600679,393121,197093,2046132,2653746,2222359,1773193,5346825,7847873,5483164,10772074,13833555,4073726,3357281,32508061,883444,7710620,4115480,417395,3482321,384934
2025-09-22,1135648,2068048,4006105,982613,8453932,1744496,6582634,1366621,8846788,2423764,,13311663,1075081,880333,6394162,2487005,43613563,456876,471189,10381439,9179818,879725,21844881,10014868,1641373,2845690,2288070,5109055,1411745,354824,689565,621207,35903173,2235178,4426870,1755346,18655060,1706200,71707762,1952029,1176168,,1304870,7457347,1217463,11770479,1082450,7640907,1517888,4597079,392811,196938,2044532,2651666,2220619,1771803,5342640,7841728,5478869,10763639,13822725,4070536,3354651,32482606,882754,7704580,4112260,417070,3479596,384634
2025-09-23,1136538,2069668,4009245,983383,8460557,1745861,6587794,1367691,8853723,2425664,,13322093,1075926,881023,6399172,2488955,43647743,457236,471559,10389574,9187013,880415,21862001,10022718,1642658,2847920,2289865,5113060,1412850,355104,690105,621692,35931308,2236928,4430340,1756721,18669680,1707535,71763957,1953559,1177088,,1305895,7463192,1218418,11779704,1083300,7646897,1519078,4600684,393121,197093,2046132,2653746,2222359,1773193,5346825,7847873,5483164,10772074,13833560,4073726,3357281,32508061,883444,7710620,4115485,417395,3482321,384934
2025-09-24,1134758,2066428,4002965,981843,8447307,1743131,6577474,1365551,8839853,2421864,,13301233,1074236,879643,6389152,2485055,43579383,456516,470819,10373304,9172623,879035,21827761,10007018,1640088,2843460,2286275,5105050,1410640,354544,689025,620722,35875038,2233428,4423400,1753971,18640440,1704865,71651567,1950499,1175248,,1303845,7451502,1216508,11761254,1081600,7634917,1516698,4593474,392501,196783,2042932,2649586,2218879,1770413,5338455,7835583,5474574,10755204,13811890,4067346,3352021,32457151,882064,7698540,4109035,416745,3476871,384334
2025-09-25,1134402,2065780,4001709,981535,8444657,1742585,6575410,1365123,8837079,2421104,,13297059,1073898,879367,6387148,2484275,43565711,456372,470671,10370050,9169745,878759,21820913,10003878,1639574,2842568,2285557,5103448,1410198,354432,688809,620528,35863782,2232728,4422012,1753421,18634592,1704331,71629087,1949887,1174880,,1303435,7449164,1216126,11757564,1081260,7632521,1516222,4592032,392377,196721,2042292,2648754,2218183,1769857,5336781,7833125,5472856,10751830,13807556,4066070,3350969,32446969,881788,7696124,4107745,416615,3475781,384214
2025-09-26,1134402,2065780,4001709,981535,8444657,1742585,6575410,1365123,8837079,2421104,,13297059,1073898,879367,6387148,2484275,43565711,456372,470671,10370050,9169745,878759,21820913,10003878,1639574,2842568,2285557,5103448,1410198,354432,688809,620528,35863782,2232728,4422012,1753421,18634592,1704331,71629087,1949887,1174880,,1303435,7449164,1216126,11757564,1081260,7632521,1516222,4592032,392377,196721,2042292,2648754,2218183,1769857,5336781,7833125,5472856,10751830,13807556,4066070,3350969,32446969,881788,7696124,4107745,416615,3475781,384214
2025-09-29,1138140,2072584,4014897,984769,8472482,1748318,6597082,1369617,8866206,2429084,,13340886,1077447,882265,6408190,2492465,43709267,457884,472225,10404217,9199964,881657,21892817,10036848,1644971,2851934,2293096,5120269,1414839,355608,691077,622565,35981970,2240078,4436586,1759196,18695996,1709938,71865127,1956313,1178744,,1307740,7473713,1220137,11796309,1084830,7657679,1521220,4607173,393679,197372,2049012,2657490,2225491,1775695,5354358,7858934,5490895,10787257,13853063,4079468,3362015,32553880,884686,7721492,4121290,417980,3487226,385474
2025-09-30,1137450,2071264,4012357,984199,8467057,1747253,6592922,1368747,8860571,2427484,,13332356,1076702,881675,6404180,2490915,43681487,457524,471955,10397682,9194069,881067,21878897,10030398,1643886,2850104,2291701,5117064,1413934,355428,690637,622180,35959030,2238628,4433716,1758121,18684076,1708803,71819427,1954983,1178024,,1306815,7468968,1219382,11788784,1084080,7652889,1520230,4604268,393469,197217,2047712,2655810,2224051,1774505,5350973,7853989,5487400,10780422,13844328,4076878,3359885,32533125,884096,7716552,4118665,417755,3485001,385174
2025-10-01,1139586,2075152,4019893,986047,8482957,1750529,6605306,1371315,8877215,2432044,,13357400,1078730,883331,6416204,2495595,43763519,458388,472843,10417206,9211337,882723,21919985,10049238,1646970,2855456,2296009,5126676,1416586,356100,691933,623344,36026566,2242828,4442044,1761421,18719164,1712007,71954307,1958655,1180232,,1309275,7482996,1221674,11810924,1086120,7667265,1523086,4612920,394213,197589,2051552,2660802,2228227,1777841,5361017,7868737,5497708,10800666,13870332,4084534,3366197,32594217,885752,7731048,4126405,418535,3491541,385894
2025-10-02,1139230,2074504,4018637,985739,8480307,1749983,6603242,1370887,8874441,2431284,,13353226,1078392,883055,6414200,2494815,43749847,458244,472695,10413952,9208459,882447,21913137,10046098,1646456,2854564,2295291,5125074,1416144,355988,691717,623150,36015310,2242128,4440656,1760871,18713316,1711473,71931827,1958043,1179864,,1308865,7480658,1221292,11807234,1085780,7664869,1522610,4611478,394089,197527,2050912,2659970,2227531,1777285,5359343,7866279,5495990,10797292,13865998,4083258,3365145,32584035,885476,7728632,4125115,418405,3490451,385774
2025-10-03,1137828,2071888,4013685,984453,8469882,1747826,6595054,1369161,8863458,2428264,,13336843,1077071,882013,6406282,2491705,43695923,457696,472129,10401109,9197208,881405,21886121,10033768,1644443,2851050,2292460,5118665,1414455,355484,690845,622377,35970958,2239378,4435210,1758696,18690300,1709370,71843167,1955689,1178408,,1307320,7471437,1219773,11792729,1084450,7655387,1520768,4605789,393531,197248,2048332,2656726,2224799,1775083,5352710,7856618,5489259,10784009,13848895,4078216,3361011,32543916,884434,7719060,4120010,417820,3486146,385334
2025-10-06,1141388,2078368,4026245,987533,8496382,1753286,6615694,1373441,8891198,2435864,,13378583,1080451,884773,6426322,2499505,43832663,459136,473609,10433669,9225988,884165,21954621,10065168,1649583,2859970,2299640,5134685,1418875,356604,693005,624317,36083538,2246378,4449090,1764196,18748800,1714710,72068007,1961809,1182088,,1311420,7494817,1223593,11829629,1087850,7679347,1525528,4620209,394771,197868,2054752,2665046,2231759,1780643,5369470,7881198,5506439,10817749,13892235,4090976,3371531,32645756,887194,7743220,4132910,419120,3497046,386534
2025-10-07,1142634,2080636,4030641,988611,8505657,1755197,6622918,1374939,8900907,2438524,,13393192,1081634,885739,6433336,2502235,43880522,459640,474127,10445065,9236061,885131,21978596,10076158,1651382,2863092,2302153,5140292,1420422,356996,693761,624996,36122941,2248828,4453948,1766121,18769275,1716579,72146701,1963951,1183376,,1312855,7503000,1224930,11842544,1089040,7687733,1527194,4625256,395205,198085,2056999,2667958,2234195,1782589,5375336,7889801,5512452,10829558,13907404,4095442,3375213,32681400,888160,7751676,4137425,419575,3500861,386954
2025-10-08,1139252,2074480,4018709,985685,8480482,1750010,6603310,1370873,8874554,2431304,,13353539,1078423,883117,6414298,2494825,43750619,458272,472721,10414133,9208720,882509,21913521,10046328,1646499,2854618,2295332,5125073,1416223,355932,691709,623153,36015990,2242178,4440762,1760896,18713700,1711506,71933103,1958137,1179880,,1308960,7480789,1221301,11807489,1085810,7664971,1522672,4611557,394027,197496,2050900,2660054,2227583,1777307,5359414,7866450,5496131,10797505,13866231,4083320,3365219,32584652,885538,7728724,4125170,418340,3490506,385814
2025-10-09,1140498,2076748,4023105,986763,8489757,1751921,6610534,1372371,8884263,2433964,,13368148,1079606,884083,6421312,2497555,43798478,458776,473239,10425529,9218793,883475,21937496,10057318,1648298,2857740,2297845,5130680,1417770,356324,692465,623832,36055393,2244628,4445620,1762821,18734175,1713375,72011797,1960279,1181168,,1310395,7488972,1222638,11820404,1087000,7673357,1524338,4616604,394461,197713,2053147,2662966,2230019,1779253,5365280,7875053,5502144,10809314,13881400,4087786,3368901,32620296,886504,7737180,4129685,418795,3494321,386234
2025-10-10,1137650,2071564,4013057,984299,8468557,1747537,6594022,1368947,8862071,2427884,,13334756,1076902,881875,6405264,2491315,43689070,457624,472055,10399481,9195769,881267,21882696,10032198,1644186,2850604,2292101,5117864,1414234,355428,690737,622280,35965329,2239028,4434516,1758421,18687375,1709103,71831909,1955383,1178224,,1307115,7470268,1219582,11790884,1084280,7654189,1520530,4605068,393469,197217,2048011,2656310,2224451,1774805,5351872,7855389,5488400,10782306,13846728,4077578,3360485,32538808,884296,7717852,4119365,417755,3485585,385274
2025-10-13,1138896,2073832,4017453,985377,8477839,1749455,6601246,1370445,8871780,2430544,,13349365,1078085,882841,6412285,2494045,43736943,458128,472573,10410877,9205842,882233,21906671,10043188,1645985,2853726,2294614,5123471,1415781,355820,691493,622959,36004739,2241478,4439374,1760346,18707850,1710979,71910617,1957525,1179512,,1308550,7478451,1220919,11803806,1085470,7662575,1522196,4610115,393903,197434,2050258,2659222,2226887,1776751,5357738,7863999,5494413,10794122,13861897,4082044,3364167,32574459,885262,7726308,4123880,418210,3489407,385694
2025-10-14,1137650,2071564,4013057,984299,8468557,1747537,6594022,1368947,8862071,2427884,,13334756,1076902,881875,6405264,2491315,43689077,457624,472055,10399481,9195769,881267,21882696,10032198,1644186,2850604,2292101,5117864,1414234,355428,690737,622280,35965329,2239028,4434516,1758421,18687375,1709103,71831909,1955383,1178224,,1307115,7470268,1219582,11790884,1084280,7654189,1520530,4605068,393469,197217,2048011,2656310,2224451,1774805,5351872,7855389,5488400,10782306,13846728,4077578,3360485,32538808,884296,7717852,4119365,417755,3485585,385274
2025-10-15,1137828,2071888,4013685,984453,8469883,1747811,6595054,1369161,8863458,2428264,,13336843,1077071,882013,6406267,2491705,43695915,457696,472129,10401109,9197208,881405,21886121,10033768,1644443,2851050,2292460,5118665,1414455,355484,690845,622377,35970959,2239378,4435210,1758696,18690300,1709371,71843153,1955689,1178408,,1307320,7471437,1219773,11792730,1084450,7655387,1520768,4605789,393531,197248,2048332,2656726,2224799,1775083,5352710,7856619,5489259,10783994,13848895,4078216,3361011,32543901,884434,7719060,4120010,417820,3486131,385334
2025-10-16,1139608,2075128,4019965,985993,8483143,1750551,6605374,1371301,8877328,2432064,,13357713,1078761,883393,6416297,2495605,43764295,458416,472869,10417389,9211598,882785,21920371,10049468,1647013,2855510,2296050,5126675,1416665,356044,691925,623347,36027249,2242878,4442150,1761446,18719550,1712051,71955593,1958749,1180248,,1309370,7483127,1221683,11811190,1086150,7667367,1523148,4612999,394151,197558,2051542,2660886,2228279,1777863,5361090,7868919,5497849,10800874,13870565,4084596,3366271,32594831,885814,7731140,4126460,418470,3491591,385934
2025-10-17,1141922,2079340,4028129,987995,8500381,1754113,6618790,1374083,8895359,2437004,,13384844,1080958,885187,6429336,2500675,43853189,459352,473831,10438553,9230305,884579,21964896,10069878,1650354,2861308,2300717,5137088,1419538,356772,693329,624608,36100426,2247428,4451172,1765021,18757575,1715535,72101765,1962727,1182640,,1312035,7498324,1224166,11835188,1088360,7682941,1526242,4622372,394957,197961,2055715,2666294,2232803,1781477,5371984,7884909,5509016,10822818,13898736,4092890,3373109,32661040,887608,7746844,4134845,419315,3498689,386714
2025-10-20,1143546,2082332,4033853,989427,8512389,1756605,6628146,1375995,8907955,2440444,,13403640,1082510,886391,6438360,2504195,43915093,460028,474523,10453277,9243317,885783,21995896,10084038,1652710,2865376,2303889,5144396,1421506,357320,694393,625484,36151358,2250628,4457424,1767521,18783975,1717979,72203409,1965475,1184312,,1313875,7508876,1225894,11851856,1089920,7693725,1528346,4628940,395553,198309,2058683,2670022,2235987,1784001,5379588,7895949,5516688,10838122,13918272,4098694,3377917,32707184,888812,7757808,4140605,419935,3503657,387294
2025-10-21,1143902,2082980,4035109,989735,8515041,1757153,6630210,1376423,8910729,2441204,,13407814,1082848,886667,6440366,2504975,43928769,460172,474671,10456533,9246195,886059,22002746,10087178,1653224,2866268,2304607,5145998,1421948,357432,694609,625678,36162616,2251328,4458812,1768071,18789825,1718515,72225895,1966087,1184680,,1314285,7511214,1226276,11855548,1090260,7696121,1528822,4630382,395677,198371,2059325,2670854,2236683,1784557,5381264,7898409,5518406,10841498,13922606,4099970,3378969,32717370,889088,7760224,4141895,420065,3504749,387414
2025-10-22,1142122,2079740,4028829,988195,8501781,1754413,6619890,1374283,8896859,2437404,,13386944,1081158,885287,6430336,2501075,43860389,459452,473931,10440253,9231805,884679,21968496,10071478,1650654,2861808,2301017,5137988,1419738,356872,693529,624708,36106316,2247828,4451872,1765321,18760575,1715835,72113455,1963027,1182840,,1312235,7499524,1224366,11837088,1088560,7684141,1526442,4623172,395057,198061,2056115,2666694,2233203,1781777,5372884,7886109,5509816,10824618,13900936,4093590,3373709,32666440,887708,7748144,4135445,419415,3499289,386814
2025-10-23,1142300,2080064,4029457,988349,8503107,1754687,6620922,1374497,8898246,2437784,,13389031,1081327,885425,6431339,2501465,43867227,459524,474005,10441881,9233244,884817,21971921,10073048,1650911,2862254,2301376,5138789,1419959,356928,693637,624805,36111945,2248178,4452566,1765596,18763500,1716103,72124699,1963333,1183024,,1312440,7500693,1224557,11838934,1088730,7685339,1526680,4623893,395119,198092,2056436,2667110,2233551,1782055,5373722,7887339,5510675,10826306,13903103,4094228,3374235,32671533,887846,7749352,4136090,419480,3499835,386874
2025-10-24,1147106,2088812,4046413,992507,8538909,1762085,6648786,1380275,8935695,2448044,,13445380,1085890,889151,6458420,2511995,44051853,461468,476003,10485837,9272097,888543,22064396,10115438,1657850,2874296,2311069,5160416,1425926,358440,696553,627424,36263928,2257628,4471304,1773021,18842475,1723339,72428287,1971595,1187992,,1317975,7532256,1229714,11888776,1093320,7717685,1533106,4643360,396793,198929,2065103,2678342,2242947,1789561,5396348,7920549,5533868,10871882,13961612,4111454,3388437,32809044,891572,7781968,4153505,421235,3514577,388494
2025-10-27,1142656,2080712,4030713,988657,8505759,1755235,6622986,1374925,8901020,2438544,,13393205,1081665,885701,6433345,2502245,43880903,459668,474153,10445137,9236122,885093,21978771,10076188,1651425,2863146,2302094,5140391,1420401,357040,693853,624999,36123203,2248878,4453954,1766146,18769350,1716639,72147212,1963945,1183392,,1312850,7503031,1224939,11842626,1089070,7687735,1527156,4625335,395243,198154,2057078,2667942,2234247,1782611,5375398,7889799,5512393,10829682,13907437,4095504,3375287,32681719,888122,7751768,4137380,419610,3500927,386994
2025-10-28,1148174,2090756,4050181,993431,8546865,1763729,6654978,1381559,8944017,2450324,,13457902,1086904,889979,6464438,2514335,44092881,461900,476447,10495605,9280731,889371,22084946,10124858,1659392,2876972,2313223,5165222,1427252,358776,697201,628006,36297702,2259728,4475468,1774671,18860025,1724947,72495745,1973431,1189096,,1319205,7539270,1230860,11899852,1094340,7724873,1534534,4647686,397165,199115,2067029,2680838,2245035,1791229,5401376,7927929,5539022,10882010,13974614,4115282,3391593,32839602,892400,7789216,4157375,421625,3517853,388854
2025-10-29,1149420,2093024,4054577,994509,8556147,1765647,6662202,1383057,8953726,2452984,,13472511,1088087,890945,6471459,2517065,44140747,462404,476965,10507001,9290804,890337,22108921,10135848,1661191,2880094,2315736,5170829,1428799,359168,697957,628685,36337105,2262178,4480326,1776596,18880500,1726823,72574446,1975573,1190384,,1320640,7547453,1232197,11912774,1095530,7733259,1536200,4652733,397599,199332,2069276,2683750,2247471,1793175,5407242,7936539,5545035,10893826,13989783,4119748,3395275,32875253,893366,7797672,4161890,422080,3521675,389274
2025-10-30,1148708,2091728,4052065,993893,8550843,1764551,6658074,1382201,8948178,2451464,,13464163,1087411,890393,6467447,2515505,44113395,462116,476669,10500489,9285048,889785,22095221,10129568,1660163,2878310,2314300,5167625,1427915,358944,697525,628297,36314589,2260778,4477550,1775496,18868800,1725751,72529474,1974349,1189648,,1319820,7542777,1231433,11905390,1094850,7728467,1535248,4649849,397351,199208,2067992,2682086,2246079,1792063,5403890,7931619,5541599,10887074,13981115,4117196,3393171,32854881,892814,7792840,4159310,421820,3519491,389034
2025-10-31,1148708,2091728,4052065,993893,8550843,1764551,6658074,1382201,8948178,2451464,,13464163,1087411,890393,6467447,2515505,44113395,462116,476669,10500489,9285048,889785,22095221,10129568,1660163,2878310,2314300,5167625,1427915,358944,697525,628297,36314589,2260778,4477550,1775496,18868800,1725751,72529474,1974349,1189648,,1319820,7542777,1231433,11905390,1094850,7728467,1535248,4649849,397351,199208,2067992,2682086,2246079,1792063,5403890,7931619,5541599,10887074,13981115,4117196,3393171,32854881,892814,7792840,4159310,421820,3519491,389034
2025-11-03,1146718,2088108,4045125,992223,8536113,1761481,6646714,1379891,8932843,2447264,,13441128,1085466,888903,6456332,2511255,44037798,461356,475819,10482449,9269146,888295,22057409,10112218,1657278,2873380,2310385,5158720,1425510,358304,696305,627292,36252337,2256908,4469880,1772441,18836475,1722771,72405345,1971019,1187628,,1317495,7529932,1229378,11885000,1092960,7715277,1532618,4641844,396681,198813,2064387,2677506,2242219,1788973,5394600,7918069,5532204,10868434,13957233,4110206,3387341,32798609,891324,7779500,4152185,421135,3513441,388334
2025-11-04,1146718,2088108,4045125,992223,8536113,1761481,6646714,1379891,8932843,2447264,957500,13441128,1085466,888903,6456332,2511255,44037798,461356,475819,10482449,9269146,888295,22057409,10112218,1657278,2873380,2310385,5158720,1425510,358304,696305,627292,36252337,2256908,4469880,1772441,18836475,1722771,72405345,1971019,1187628,,1317495,7529932,1229378,11885000,1092960,7715277,1532618,4641844,396681,198813,2064387,2677506,2242219,1788973,5394600,7918069,5532204,10868434,13957233,4110206,3387341,32798609,891324,7779500,4152185,421135,3513441,388334
2025-11-05,1145650,2086164,4041357,991299,8528169,1759843,6640528,1378607,8924527,2444984,956612,13428618,1084458,888075,6450320,2508915,43996800,460924,475375,10472693,9260518,887467,22036877,10102804,1655736,2870704,2308237,5153920,1424184,357968,695657,626710,36218587,2254808,4465716,1770791,18818937,1721169,72337941,1969183,1186524,,1316271,7522924,1228232,11873936,1091940,7708095,1531190,4637524,396309,198627,2062467,2675016,2240131,1787305,5389578,7910701,5527056,10858318,13944243,4106378,3384185,32768075,890496,7772258,4148321,420745,3510171,387974
2025-11-06,1144582,2084220,4037589,990375,8520225,1758205,6634342,1377323,8916211,2442704,955724,13416108,1083450,887247,6444308,2506575,43955802,460492,474931,10462937,9251890,886639,22016345,10093390,1654194,2868028,2306089,5149120,1422858,357632,695009,626128,36184837,2252708,4461552,1769141,18801399,1719567,72270537,1967347,1185420,,1315047,7515916,1227086,11862872,1090920,7700913,1529762,4633204,395937,198441,2060547,2672526,2238043,1785637,5384556,7903333,5521908,10848202,13931253,4102550,3381029,32737541,889668,7765016,4144457,420355,3506901,387614
2025-11-07,1146540,2087784,4044497,992069,8534789,1761208,6645683,1379677,8931457,2446884,957352,13439043,1085298,888765,6455330,2510865,44030965,461284,475745,10480823,9267708,888157,22053987,10110649,1657021,2872934,2310027,5157920,1425289,358248,696197,627195,36246712,2256558,4469186,1772166,18833552,1722504,72394111,1970713,1187444,,1317291,7528764,1229187,11883156,1092790,7714080,1532380,4641124,396619,198782,2064067,2677091,2241871,1788695,5393763,7916841,5531346,10866748,13955068,4109568,3386815,32793520,891186,7778293,4151541,421070,3512896,388274
2025-11-10,1147608,2089728,4048265,992993,8542733,1762846,6651869,1380961,8939773,2449164,958240,13451553,1086306,889593,6461342,2513205,44071963,461716,476189,10490579,9276336,888985,22074519,10120063,1658563,2875610,2312175,5162720,1426615,358584,696845,627777,36280462,2258658,4473350,1773816,18851084,1724106,72461515,1972549,1188548,,1318515,7535772,1230333,11894220,1093810,7721262,1533808,4645444,396991,198968,2065987,2679581,2243959,1790363,5398785,7924209,5536494,10876864,13968058,4113396,3389971,32824054,892014,7785535,4155405,421460,3516166,388634
2025-11-11,1148264,2090976,4050621,993501,8547781,1763892,6655731,1381749,8944945,2450624,958536,13459423,1086942,890069,6465146,2514685,44097627,461960,476457,10496731,9281712,889461,22087323,10126001,1659577,2877302,2313491,5165720,1427457,358816,697221,628131,36301612,2259958,4475938,1774846,18862028,1725080,72503583,1973661,1189216,,1319323,7540108,1231015,11901108,1094430,7725736,1534684,4648084,397195,199080,2067187,2681111,2245255,1791419,5401959,7928765,5539710,10883136,13976148,4115772,3391923,32843032,892530,7790049,4157893,421710,3518176,388874
2025-11-12,1150934,2095836,4060041,995811,8567656,1767987,6671196,1384959,8965735,2456324,960756,13490713,1089462,892139,6480176,2520535,44200137,463040,477567,10521136,9303282,891531,22138668,10149536,1663432,2883992,2318876,5177735,1430772,359656,698841,629586,36386002,2265208,4486348,1778971,18905873,1729085,72672138,1978251,1191976,,1322383,7557643,1233880,11928768,1096980,7743691,1538254,4658884,398125,199545,2071987,2687351,2250475,1795589,5414514,7947200,5552595,10908441,14008638,4125342,3399813,32919382,894600,7808154,4167553,422685,3526351,389774
2025-11-13,1148264,2090976,4050621,993501,8547781,1763892,6655731,1381749,8944945,2450624,958536,13459423,1086942,890069,6465146,2514685,44097627,461960,476457,10496731,9281712,889461,22087323,10126001,1659577,2877302,2313491,5165720,1427457,358816,697221,628131,36301612,2259958,4475938,1774846,18862028,1725080,72503583,1973661,1189216,,1319323,7540108,1231015,11901108,1094430,7725736,1534684,4648084,397195,199080,2067187,2681111,2245255,1791419,5401959,7928765,5539710,10883136,13976148,4115772,3391923,32843032,892530,7790049,4157893,421710,3518176,388874
2025-11-14,1150934,2095836,4060041,995811,8567656,1767987,6671196,1384959,8965735,2456324,960756,13490713,1089462,892139,6480176,2520535,44200137,463040,477567,10521136,9303282,891531,22138668,10149536,1663432,2883992,2318876,5177735,1430772,359656,698841,629586,36386002,2265208,4486348,1778971,18905873,1729085,72672138,1978251,1191976,,1322383,7557643,1233880,11928768,1096980,7743691,1538254,4658884,398125,199545,2071987,2687351,2250475,1795589,5414514,7947200,5552595,10908441,14008638,4125342,3399813,32919382,894600,7808154,4167553,422685,3526351,389774
2025-11-17,1150400,2094864,4058157,995349,8563681,1767168,6668103,1384317,8961577,2455184,960312,13484455,1088958,891725,6477170,2519365,44179635,462824,477345,10516255,9298968,891117,22128399,10144829,1662661,2882654,2317799,5175332,1430109,359488,698517,629295,36369124,2264158,4484266,1778146,18897104,1728284,72638430,1977333,1191424,,1321771,7554136,1233307,11923236,1096470,7740100,1537540,4656724,397939,199452,2071027,2686103,2249431,1794755,5412003,7943513,5550018,10903380,14002140,4123428,3398235,32904112,894186,7804533,4165621,422490,3524716,389594
2025-11-18,1152536,2098752,4065693,997197,8579581,1770444,6680475,1386885,8978209,2459744,962088,13509487,1090974,893381,6489194,2524045,44261643,463688,478233,10535779,9316224,892773,22169475,10163657,1665745,2888006,2322107,5184944,1432761,360160,699813,630459,36436636,2268358,4492594,1781446,18932180,1731488,72773274,1981005,1193632,,1324219,7568164,1235599,11945364,1098510,7754464,1540396,4665364,398683,199824,2074867,2691095,2253607,1798091,5422047,7958261,5560326,10923624,14028132,4131084,3404547,32965192,895842,7819017,4173349,423270,3531256,390314
2025-11-19,1152892,2099400,4066949,997505,8582231,1770990,6682539,1387313,8980981,2460504,962384,13513659,1091310,893657,6491198,2524825,44275311,463832,478381,10539033,9319102,893049,22176321,10166795,1666259,2888898,2322825,5186546,1433203,360272,700029,630653,36447888,2269058,4493982,1781996,18938026,1732022,72795748,1981617,1194000,,1324627,7570502,1235981,11949052,1098850,7756858,1540872,4666804,398807,199886,2075507,2691927,2254303,1798647,5423721,7960719,5562044,10926998,14032464,4132360,3405599,32975372,896118,7821431,4174637,423400,3532346,390434
2025-11-20,1160012,2112360,4092069,1003665,8635231,1781910,6723819,1395873,9036421,2475704,968304,13597099,1098030,899177,6531278,2540425,44548711,466712,481341,10604113,9376662,898569,22313241,10229555,1676539,2906738,2337185,5218586,1442043,362512,704349,634533,36672928,2283058,4521742,1792996,19054946,1742702,73245228,1993857,1201360,,1332787,7617262,1243621,12022852,1105650,7804738,1550392,4695604,401287,201126,2088307,2708567,2268223,1809767,5457201,8009879,5596404,10994478,14119104,4157880,3426639,33178972,901638,7869711,4200397,426000,3554146,392834
2025-11-21,1160768,2113708,4094625,1004273,8640581,1783056,6727983,1396781,9042093,2477264,968600,13605571,1098766,899753,6535382,2541905,44576481,466956,481609,10610667,9382540,899145,22327207,10235893,1677553,2908530,2338623,5221888,1442885,362704,704805,634967,36695780,2284478,4524530,1794146,19066892,1743836,73290902,1995069,1202128,,1333595,7622000,1244403,12030382,1106350,7809652,1551348,4698644,401531,201248,2089627,2710199,2269639,1810923,5460575,8014937,5599822,11001352,14127956,4160456,3428791,33199752,902194,7874625,4202985,426290,3556396,393114
2025-11-24,1160590,2113384,4093997,1004119,8639256,1782783,6726951,1396567,9040706,2476884,968452,13603484,1098597,899615,6534380,2541515,44569645,466884,481535,10609040,9381101,899007,22323783,10234323,1677296,2908084,2338264,5221087,1442664,362648,704697,634870,36690152,2284128,4523836,1793871,19063968,1743569,73279662,1994763,1201944,,1333390,7620831,1244212,12028537,1106180,7808454,1551110,4697923,401469,201217,2089307,2709783,2269291,1810645,5459738,8013708,5598963,10999665,14125789,4159818,3428265,33194660,902056,7873417,4202340,426225,3555851,393054
2025-11-25,1160056,2112412,4092113,1003657,8635281,1781964,6723855,1395925,9036545,2475744,968008,13597223,1098090,899201,6531374,2540345,44549137,466668,481313,10604159,9376784,898593,22313511,10229613,1676525,2906746,2337187,5218684,1442001,362480,704373,634579,36673268,2283078,4521754,1793046,19055196,1742768,73245942,1993845,1201392,,1332775,7617324,1243639,12023002,1105670,7804860,1550396,4695760,401283,201124,2088347,2708535,2268247,1809811,5457227,8010021,5596386,10994604,14119288,4157904,3426687,33179384,901642,7869793,4200405,426030,3554216,392874
2025-11-26,1163082,2117920,4102789,1006275,8657806,1786605,6741399,1399563,9060124,2482204,970524,13632702,1100963,901547,6548408,2546975,44665366,467892,482571,10631818,9401247,900939,22371719,10256303,1680894,2914328,2343290,5232301,1445758,363432,706209,636228,36768944,2289028,4533552,1797721,19104904,1747307,73437022,1999047,1204520,,1336260,7637197,1246886,12054367,1108560,7825226,1554442,4708017,402337,201651,2093787,2715607,2274163,1814537,5471456,8030914,5610989,11023283,14156127,4168750,3435629,33265948,903988,7890329,4211370,427135,3563481,393894
2025-11-28,1159680,2111704,4090837,1003389,8632581,1781348,6721711,1395477,9033741,2474984,967292,13593019,1097742,898905,6529290,2539565,44535233,466544,481185,10600875,9373796,898297,22306543,10226473,1676081,2905814,2336459,5216992,1441569,362368,704157,634355,36661892,2282398,4520406,1792486,19049288,1742224,73223162,1993193,1200964,638600,1332415,7614976,1243267,12019242,1105310,7802404,1549940,4694228,401139,201052,2087707,2707763,2267551,1809235,5455523,8007453,5594658,10991200,14114864,4156608,3425595,33169020,901386,7867357,4199165,425870,3553096,392754
2025-12-01,1159324,2111056,4089583,1003081,8629935,1780802,6719651,1395049,9030971,2474226,966996,13588851,1097406,898629,6527288,2538787,44521581,466400,481037,10597625,9370922,898021,22299705,10223337,1675567,2904924,2335743,5215392,1441127,362256,703941,634161,36650652,2281698,4519020,1791936,19043448,1741690,73200714,1992581,1200596,638404,1332007,7612642,1242885,12015558,1104972,7800012,1549464,4692788,401017,200990,2087067,2706933,2266855,1808681,5453851,8004999,5592942,10987830,14110536,4155334,3424545,33158852,901110,7864945,4197877,425740,3552006,392634
2025-12-02,1158256,2109112,4085821,1002157,8621997,1779164,6713471,1393765,9022661,2471952,966108,13576347,1096398,897801,6521282,2536453,44480625,465968,480593,10587875,9362300,897193,22279191,10213929,1674025,2902254,2333595,5210592,1439801,361920,703293,633579,36616932,2279598,4514862,1790286,19025928,1740088,73133370,1990745,1199492,637816,1330783,7605640,1241739,12004506,1103958,7792836,1548036,4688468,400651,200804,2085147,2704443,2264767,1807019,5448835,7997637,5587794,10977720,14097552,4151512,3421395,33128348,900282,7857709,4194013,425350,3548736,392274
2025-12-03,1158612,2109760,4087075,1002465,8624643,1779710,6715531,1394193,9025431,2472710,966404,13580515,1096734,898077,6523284,2537231,44494277,466112,480741,10591125,9365174,897469,22286029,10217065,1674539,2903144,2334311,5212192,1440243,362032,703509,633773,36628172,2280298,4516248,1790836,19031768,1740622,73155818,1991357,1199860,638012,1331191,7607974,1242121,12008190,1104296,7795228,1548512,4689908,400773,200866,2085787,2705273,2265463,1807573,5450507,8000091,5589510,10981090,14101880,4152786,3422445,33138516,900558,7860121,4195301,425480,3549826,392394
2025-12-04,1157388,2107568,4082659,1001433,8615459,1777826,6708391,1392721,9015851,2470078,965320,13565943,1095590,897073,6516376,2534519,44446869,465636,480229,10579825,9355178,896565,22262277,10206121,1672683,2900084,2331847,5206692,1438775,361624,702765,633117,36589112,2277858,4511404,1788916,19011408,1738766,73077826,1989309,1198588,637228,1329759,7599838,1240793,11995374,1103104,7786940,1546848,4684948,400365,200658,2083547,2702353,2263039,1805657,5444719,7991575,5583546,10969310,14086848,4148290,3418745,33103144,899574,7851773,4190749,425040,3546066,391954
2025-12-05,1155608,2104328,4076389,999893,8602229,1775096,6698091,1390581,9002001,2466288,963840,13545103,1093910,895693,6506366,2530629,44378599,464916,479489,10563575,9340808,895185,22228087,10190441,1670113,2895634,2328267,5198692,1436565,361064,701685,632147,36532912,2274358,4504474,1786166,18982208,1736096,72965586,1986249,1196748,636248,1327719,7588168,1238883,11976954,1101414,7774980,1544468,4677748,399755,200348,2080347,2698203,2259559,1802887,5436359,7979305,5574966,10952460,14065208,4141920,3413495,33052304,898194,7839713,4184309,424390,3540616,391354
2025-12-08,1154273,2101898,4071679,998738,8592299,1773041,6690366,1388976,8991621,2463438,962730,13529473,1092650,894658,6498866,2527704,44327389,464376,478934,10551380,9330038,894150,22202437,10178681,1668193,2892289,2325582,5192692,1434915,360644,700875,631412,36490762,2271733,4499284,1784111,18960308,1734086,72881406,1983954,1195368,635513,1326189,7579408,1237458,11963139,1100139,7766010,1542683,4672348,399290,200123,2077947,2695083,2256949,1800802,5430089,7970095,5568531,10939830,14048978,4137135,3409550,33014174,897159,7830668,4179479,423895,3536536,390904
2025-12-09,1152137,2098010,4064143,996890,8576411,1769753,6678006,1386408,8975013,2458878,960954,13504465,1090634,893002,6486866,2523024,44245453,463512,478046,10531868,9312806,892494,22161397,10159865,1665121,2886937,2321286,5183092,1432275,359972,699579,630236,36423322,2267533,4490980,1780823,18925268,1730870,72746718,1980282,1193160,634337,1323741,7565392,1235178,11941035,1098099,7751658,1539827,4663708,398546,199763,2074107,2690091,2252773,1797466,5420057,7955359,5558235,10919622,14023010,4129479,3403238,32953166,895503,7816196,4171751,423103,3530008,390184
2025-12-10,1151247,2096390,4061003,996120,8569791,1768383,6672856,1385338,8968093,2456978,960214,13494045,1089794,892312,6481866,2521074,44211313,463152,477676,10523738,9305616,891804,22144297,10152025,1663841,2884707,2319496,5179092,1431165,359692,699039,629746,36395222,2265783,4487520,1779453,18910668,1729530,72690588,1978752,1192240,633847,1322721,7559552,1234228,11931825,1097249,7745678,1538637,4660108,398236,199613,2072507,2688011,2251033,1796076,5415877,7949219,5553945,10911202,14012190,4126289,3400608,32927746,894813,7810166,4168531,422773,3527288,389884
2025-12-11,1149556,2093312,4055037,994657,8557213,1765780,6663071,1383305,8954945,2453368,958808,13474247,1088198,891001,6472366,2517369,44146447,462468,476973,10508291,9291955,890493,22111807,10137129,1661409,2880470,2316095,5171492,1429056,359160,698013,628815,36341832,2262458,4480946,1776850,18882928,1726984,72583941,1975845,1190492,632916,1320783,7548456,1232423,11914326,1095634,7734316,1536376,4653268,397647,199328,2069467,2684059,2247727,1793435,5407935,7937553,5545794,10895204,13991632,4120228,3395611,32879448,893502,7798709,4162413,422146,3522120,389314
2025-12-12,1147887,2090210,4049143,993140,8544611,1763203,6653256,1381258,8941713,2449778,957354,13454565,1086634,889752,6462866,2513774,44081653,461812,476276,10492918,9278356,889144,22079377,10122265,1659021,2876187,2312656,5163892,1426925,358652,696999,627906,36288522,2259143,4474359,1774213,18855268,1724450,72477468,1972932,1188760,631887,1318841,7537392,1230628,11896825,1094049,7722958,1534157,4646408,397036,199023,2066427,2680091,2244473,1790816,5399957,7925959,5537685,10879201,13971110,4114229,3390688,32831245,892213,7787246,4156351,421533,3516928,388724
2025-12-15,1150824,2095556,4059505,995681,8566457,1767724,6670251,1384789,8964549,2456048,959796,13488951,1089406,892029,6479399,2520209,44194315,463000,477497,10519747,9302083,891421,22135807,10148137,1663245,2883546,2318563,5177092,1430588,359576,698781,629523,36381252,2264918,4485810,1778734,18903448,1728872,72662697,1977981,1191796,633504,1322207,7556664,1233763,11927218,1096854,7742692,1538084,4658288,398059,199518,2071707,2686955,2250215,1795403,5413751,7946221,5551842,10907020,14006816,4124756,3399367,32915164,894490,7807145,4166977,422622,3525904,389714
2025-12-16,1150557,2095070,4058563,995450,8564471,1767313,6668706,1384468,8962473,2455478,959574,13485825,1089154,891822,6477899,2519624,44184073,462892,477386,10517308,9299926,891214,22130677,10145785,1662861,2882877,2318026,5175892,1430255,359492,698619,629376,36372822,2264393,4484769,1778323,18899068,1728470,72645858,1977522,1191520,633357,1321901,7554912,1233478,11924455,1096599,7740898,1537727,4657208,397966,199473,2071227,2686331,2249693,1794986,5412497,7944379,5550555,10904491,14003570,4123799,3398578,32907535,894283,7805336,4166011,422523,3525088,389624
2025-12-17,1149845,2093774,4056051,994834,8559175,1766217,6664586,1383612,8956937,2453958,958982,13477489,1088482,891270,6473891,2518064,44156761,462604,477090,10510804,9294174,890662,22116997,10139513,1661837,2881093,2316594,5172692,1429367,359268,698187,628984,36350342,2262993,4481993,1777227,18887388,1727398,72600954,1976298,1190784,632965,1321085,7550240,1232718,11917087,1095919,7736114,1536775,4654328,397718,199353,2069947,2684667,2248301,1793874,5409153,7939467,5547123,10897747,13994914,4121247,3396474,32887191,893731,7800512,4163435,422259,3522912,389384
2025-12-18,1151714,2097176,4062645,996451,8573077,1769094,6675401,1385859,8971490,2457948,960536,13499371,1090246,892719,6484412,2522159,44228455,463360,477867,10527877,9309273,892111,22152907,10155977,1664525,2885776,2320353,5181092,1431698,359856,699321,630013,36409352,2266668,4489280,1780104,18918048,8651060,72718827,1979511,1192716,633994,1323227,7562504,1234713,11936428,1097704,7748672,1539274,4661888,398369,199668,2073307,2689035,2251955,1796793,5417931,7952361,5556132,10915450,14017636,4127946,3401997,32940594,895180,7813175,4170197,422952,3528624,390014
2025-12-19,1149934,2093936,4056365,994911,8559837,1766354,6665101,1383719,8957650,2454148,959056,13478531,1088566,891339,6474392,2518259,44160175,462640,477127,10511617,9294893,890731,22118707,10140297,1661965,2881316,2316773,5173092,1429478,359296,698241,629033,36353152,2263168,4482340,1777364,18888848,8637700,72606567,1976451,1190876,633014,1321187,7550824,1232813,11918008,1096004,7736712,1536894,4654688,397749,199368,2070107,2684875,2248475,1794013,5409571,7940081,5547552,10898590,13995996,4121566,3396737,32889734,893800,7801115,4163757,422292,3523184,389414
2025-12-22,1077458,2006552,3848129,955075,8232913,1737114,6351585,1327927,8538954,2345536,1669836,12980191,1037982,851815,6220416,2402991,45139143,440464,459903,10014161,8949349,855543,22704619,9759321,1591529,2725948,2222861,4944252,1370130,343048,665153,574633,35748804,2170232,4308900,1698236,18212760,8271124,74232303,1896879,1147080,1110010,1248579,7244328,1185425,13410072,1047556,7452512,1480974,4474516,381949,189008,2000803,2594747,2158123,1730073,5039683,7590157,5453316,10519774,14425964,3922346,3208037,31418854,858152,7452295,3998053,403948,3337424,374358
2025-12-23,1075778,2003432,3842149,953595,8220113,1734414,6341725,1325867,8525694,2341896,1667236,12960031,1036362,850495,6210756,2399251,45069003,439784,459183,9998601,8935449,854223,22669339,9744161,1589049,2721708,2219401,4936572,1368010,342508,664113,573733,35693264,2166852,4302200,1695596,18184460,8258264,74116963,1893939,1145300,1108290,1246639,7233068,1183585,13389232,1045936,7440932,1478674,4467556,381349,188708,1997703,2590707,2154763,1727393,5031843,7578357,5444836,10503434,14403544,3916246,3203057,31370034,856812,7440715,3991833,403328,3332244,373778
2025-12-24,1076954,2005616,3846335,954631,8229073,1736304,6348627,1327309,8534976,2344444,1669056,12974143,1037496,851419,6217518,2401869,45118101,440260,459687,10009493,8945179,855147,22694035,9754773,1590785,2724676,2221823,4941948,1369494,342886,664841,574363,35732142,2169218,4306890,1697444,18204270,8267266,74197701,1895997,1146546,1109494,1247997,7240950,1184873,13403820,1047070,7449038,1480284,4472428,381769,188918,1999873,2593535,2157115,1729269,5037331,7586617,5450772,10514872,14419238,3920516,3206543,31404208,857750,7448821,3996187,403762,3335870,374184
2025-12-26,1077290,2006240,3847531,954927,8231633,1736844,6350599,1327721,8537628,2345172,1669576,12978175,1037820,851683,6219450,2402617,45132129,440396,459831,10012605,8947959,855411,22701091,9757805,1591281,2725524,2222515,4943484,1369918,342994,665049,574543,35743250,2169894,4308230,1697972,18209930,8269838,74220769,1896585,1146902,1109838,1248385,7243202,1185241,13407988,1047394,7451354,1480744,4473820,381889,188978,2000493,2594343,2157787,1729805,5038899,7588977,5452468,10518140,14423722,3921736,3207539,31413972,858018,7451137,3997431,403886,3336906,374300
2025-12-29,1077290,2006240,3847531,954927,8231633,1736844,6350599,1327721,8537628,2345172,1669576,12978175,1037820,851683,6219450,2402617,45132129,440396,459831,10012605,8947959,855411,22701091,9757805,1591281,2725524,2222515,4943484,1369918,342994,665049,574543,35743250,2169894,4308230,1697972,18209930,8269838,74220769,1896585,1146902,1109838,1248385,7243202,1185241,13407988,1047394,7451354,1480744,4473820,381889,188978,2000493,2594343,2157787,1729805,5038899,7588977,5452468,10518140,14423722,3921736,3207539,31413972,858018,7451137,3997431,403886,3336906,374300
2025-12-30,1075862,2003588,3842448,953669,8220753,1734549,6342218,1325970,8526357,2342078,1667366,12961039,1036443,850561,6211239,2399438,45072510,439818,459219,9999379,8936144,854289,22671103,9744919,1589173,2721920,2219574,4936956,1368116,342535,664165,573778,35696041,2167021,4302535,1695728,18185875,8258907,74122730,1894086,1145389,1108376,1246736,7233631,1183677,13390274,1046017,7441511,1478789,4467904,381379,188723,1997858,2590909,2154931,1727527,5032235,7578947,5445260,10504251,14404665,3916551,3203306,31372475,856879,7441294,3992144,403359,3332503,373807
2025-12-31,1074602,2001248,3837963,952559,8211153,1732524,6334823,1324425,8516412,2339348,1665416,12945919,1035228,849571,6203994,2396633,45019905,439308,458679,9987709,8925719,853299,22644643,9733549,1587313,2718740,2216979,4931196,1366526,342130,663385,573103,35654386,2164486,4297510,1693748,18164650,8249262,74036225,1891881,1144054,1107086,1245281,7225186,1182297,13374644,1044802,7432826,1477064,4462684,380929,188498,1995533,2587879,2152411,1725517,5026355,7570097,5438900,10491996,14387850,3911976,3199571,31335860,855874,7432609,3987479,402894,3328618,373372
2026-01-02,1072250,1996880,3829591,950487,8193233,1728744,6321019,1321541,8497848,2334252,1661776,12917695,1032960,847723,6190470,2391397,44921709,438356,457671,9965925,8906259,851451,22595251,9712325,1583841,2712804,2212135,4920444,1363558,341374,661929,571843,35576630,2159754,4288130,1690052,18125030,8231258,73874749,1887765,1141562,1104678,1242565,7209422,1179721,13345468,1042534,7416614,1473844,4452940,380089,188078,1991193,2582223,2147707,1721765,5015379,7553577,5427028,10469120,14356462,3903436,3192599,31267512,853998,7416397,3978771,402026,3321366,372560
2026-01-06,1073978,2000032,3835474,951945,8205913,1731339,6330670,1323572,8510889,2337846,1664286,12937501,1034637,849045,6199981,2395076,44990998,439034,458403,9981351,8919874,852773,22630119,9727211,1586349,2717008,2215596,4928072,1365660,341953,663013,572768,35631409,2163107,4294825,1692656,18152985,8243989,73988658,1890664,1143275,1106340,1244514,7220593,1181485,13366102,1044111,7428057,1476079,4459756,380719,188413,1994268,2586257,2151083,1724443,5023143,7565307,5435436,10485309,14378679,3909421,3197532,31315809,855377,7427840,3984958,402593,3326489,373093
2026-01-07,1073306,1998784,3833082,951353,8200793,1730259,6326718,1322748,8505577,2336390,1663246,12929429,1033989,848517,6196117,2393580,44962934,438762,458115,9975127,8914314,852245,22616007,9721147,1585357,2715312,2214212,4925000,1364812,341737,662597,572408,35609185,2161755,4292145,1691600,18141665,8238845,73942514,1889488,1142563,1105652,1243738,7216089,1180749,13357766,1043463,7423425,1475159,4456972,380479,188293,1993028,2584641,2149739,1723371,5020007,7560587,5432044,10478773,14369711,3906981,3195540,31296281,854841,7423208,3982470,402345,3324417,372861
2026-01-08,1075574,2002996,3841155,953351,8218073,1733904,6340056,1325529,8523505,2341304,1666756,12956672,1036176,850299,6209158,2398629,45057650,439680,459087,9996133,8933079,854027,22663635,9741613,1588705,2721036,2218883,4935368,1367674,342466,664001,573623,35684191,2166318,4301190,1695164,18179870,8256206,74098250,1893457,1144966,1107974,1246357,7231290,1183233,13385900,1045650,7439058,1478264,4466368,381289,188698,1997213,2590095,2154275,1726989,5030591,7576517,5443492,10500832,14399978,3915216,3202263,31362188,856650,7438841,3990867,403182,3331410,373644
2026-01-09,1075322,2002528,3840258,953129,8216153,1733499,6338574,1325220,8521513,2340758,1666366,12953645,1035933,850101,6207709,2398068,45047126,439578,458979,9993799,8930994,853829,22658343,9739339,1588333,2720400,2218364,4934216,1367356,342385,663845,573488,35675857,2165811,4300185,1694768,18175625,8254277,74080946,1893016,1144699,1107716,1246066,7229601,1182957,13382774,1045407,7437321,1477919,4465324,381199,188653,1996748,2589489,2153771,1726587,5029415,7574747,5442220,10498381,14396615,3914301,3201516,31354865,856449,7437104,3989934,403089,3330633,373557
2026-01-12,1076414,2004556,3844145,954091,8224473,1735254,6344996,1326559,8530145,2343124,1668056,12966762,1036986,850959,6213988,2400499,45092730,440020,459447,10003913,8940029,854687,22681275,9749193,1589945,2723156,2220613,4939208,1368734,342736,664521,574073,35711971,2168008,4304540,1696484,18194020,8262636,74155930,1894927,1145856,1108834,1247327,7236920,1184153,13396320,1046460,7444848,1479414,4469848,381589,188848,1998763,2592115,2155955,1728329,5034511,7582417,5447732,10509002,14411188,3918266,3204753,31386598,857320,7444631,3993977,403492,3334000,373934
2026-01-13,1071878,1996132,3827999,950095,8189913,1727964,6318320,1320997,8494289,2333296,1661036,12912276,1032612,847395,6187906,2390401,44903298,438184,457503,9961901,8902499,851123,22586019,9708261,1583249,2711708,2211271,4918472,1363010,341278,661713,571643,35561959,2158882,4286450,1689356,18117610,8227914,73844404,1886989,1141050,1104190,1242089,7206518,1179185,13340052,1042086,7413582,1473204,4451056,379969,188038,1990393,2581207,2146883,1721093,5013343,7550557,5424836,10464830,14350654,3901796,3191307,31254730,853702,7413365,3977183,401818,3320014,372368
2026-01-14,1075758,2003452,3842054,953625,8220013,1734339,6341550,1325832,8525569,2341886,1667186,12959781,1036457,850465,6210641,2399216,45068458,439714,459203,9998411,8935274,854193,22668999,9743871,1589029,2721648,2219416,4936552,1367980,342533,664133,573788,35692669,2166847,4302125,1695576,18184085,8258169,74115909,1893904,1145255,1108260,1246654,7232953,1183525,13389062,1045891,7440837,1478619,4467416,381359,188743,1997688,2590697,2154763,1727423,5031783,7578307,5444816,10503340,14403379,3916121,3203112,31369620,856837,7440520,3991778,403253,3332189,373753
2026-01-15,1077102,2005948,3846838,954809,8230253,1736499,6349454,1327480,8536193,2344798,1669266,12975925,1037753,851521,6218369,2402208,45124586,440258,459779,10010859,8946410,855249,22697239,9755999,1591013,2725040,2222184,4942696,1369676,342965,664965,574508,35737117,2169551,4307485,1697688,18206725,8268457,74208213,1896256,1146679,1109636,1248206,7241961,1184997,13405734,1047187,7450101,1480459,4472984,381839,188983,2000184,2593929,2157451,1729567,5038055,7587747,5451600,10516428,14421315,3921001,3207096,31408692,857909,7449784,3996754,403749,3336333,374217
2026-01-16,1076682,2005168,3845343,954439,8227053,1735824,6346984,1326965,8532873,2343888,1668616,12970880,1037348,851191,6215954,2401273,45107046,440088,459599,10006969,8942930,854919,22688414,9752209,1590393,2723980,2221319,4940776,1369146,342830,664705,574283,35723227,2168706,4305810,1697028,18199650,8265242,74179368,1895521,1146234,1109206,1247721,7239146,1184537,13400524,1046782,7447206,1479884,4471244,381689,188908,1999404,2592919,2156611,1728897,5036095,7584797,5449480,10512338,14415710,3919476,3205851,31396482,857574,7446889,3995199,403594,3335038,374072
2026-01-20,1076682,2005168,3845343,954439,8227053,1735824,6346984,1326965,8532873,2343888,1668616,12970880,1037348,851191,6215954,2401273,45107046,440088,459599,10006969,8942930,854919,22688414,9752209,1590393,2723980,2221319,4940776,1369146,342830,664705,574283,35723227,2168706,4305810,1697028,18199650,8265242,74179368,1895521,1146234,1109206,1247721,7239146,1184537,13400524,1046782,7447206,1479884,4471244,381689,188908,1999404,2592919,2156611,1728897,5036095,7584797,5449480,10512338,14415710,3919476,3205851,31396482,857574,7446889,3995199,403594,3335038,374072
2026-01-21,1073742,1999708,3834878,951849,8204653,1731099,6329694,1323360,8509633,2337518,1664066,12935565,1034513,848881,6199049,2394728,44984266,438898,458339,9979739,8918570,852609,22626639,9725679,1586053,2716560,2215264,4927336,1365436,341885,662885,572708,35625997,2162791,4294085,1692408,18150125,8242737,73977453,1890376,1143119,1106196,1244326,7219441,1181317,13364054,1043947,7426941,1475859,4459064,380639,188383,1993944,2585849,2150731,1724207,5022375,7564147,5434640,10483708,14376475,3908801,3197136,31311012,855229,7426624,3984314,402509,3325973,373057
