date,mnst_shares,pep_shares,cl_shares,dg_shares,khc_shares,syy_shares,tap_shares,stz_shares,wmt_shares,mo_shares,ko_shares,tsn_shares,kvue_shares,lw_shares,pm_shares,sjm_shares,adm_shares,chd_shares,cpb_shares,bf_b_shares,mkc_shares,dltr_shares,cost_shares,mdlz_shares,kr_shares,bg_shares,clx_shares,kmb_shares,hrl_shares,kdp_shares,pg_shares,hsy_shares,tgt_shares,el_shares,cag_shares,gis_shares
2025-03-31,7108126,5313602,8042245,2232535,8855478,4966328,1747758,1577554,16806866,12634339,15000513,2905182,19462701,1447990,6023984,1080247,4857753,2496926,1997331,1848796,2563422,2051987,1719784,11240330,6757961,1355056,1250566,3367010,2953834,12120067,9084697,1499803,4651424,2377164,4845447,5595755
2025-04-01,7108126,5313602,8042245,2232535,8855478,4966328,1747758,1577554,16806866,12634339,15000513,2905182,19462701,1447990,6023984,1080247,4857753,2496926,1997331,1848796,2563422,2051987,1719784,11240330,6757961,1355056,1250566,3367010,2953834,12120067,9084697,1499803,4651424,2377164,4845447,5595755
2025-04-03,7129006,5329206,8065865,2239091,8881486,4980912,1752894,1582186,16856230,12671447,15044569,2913714,19519865,1452238,6041676,1083415,4872021,2504258,2003199,1854224,2570950,2058011,1724836,11273346,6777809,1359040,1254238,3376898,2962510,12155663,9111377,1504207,4665084,2384148,4859679,5612195
2025-04-07,6807726,5089119,7702462,2138102,8481270,4756520,1673958,1511004,16096725,12100556,14366718,2782457,18640310,1386753,5769451,1034647,4652478,2391501,1912956,1770613,2455014,1965337,1647109,10765422,6472324,1297656,1197716,3224810,2829009,11607934,8700789,1436478,4454891,2276714,4640797,5359305
2025-04-16,6665518,4982672,7541403,2093466,8303998,4657071,1638994,1479436,15760258,11847625,14066374,2724230,18250710,1357813,5648792,1012927,4555258,2341374,1872924,1733649,2403750,1924074,1612761,10540358,6337184,1270640,1172688,3157310,2769826,11365291,8518989,1406482,4361859,2229198,4543641,5247186
2025-04-22,6620198,4948785,7490129,2079244,8247550,4625394,1627866,1469381,15653127,11767101,13970719,2705718,18126618,1348583,5610381,1006037,4524283,2325462,1860175,1721871,2387422,1910996,1601780,10468691,6294100,1262008,1164697,3135860,2751002,11288043,8461085,1396905,4332226,2214031,4512744,5211505
2025-04-23,6669002,4985269,7545345,2094560,8308338,4659498,1639850,1480217,15768487,11853817,14073703,2725654,18260206,1358523,5651737,1013457,4557631,2342598,1873895,1734555,2405006,1925080,1613596,10545859,6340496,1271304,1173293,3158960,2771274,11371231,8523441,1407209,4364146,2230355,4546008,5249921
2025-04-25,6672488,4987875,7549289,2095654,8312680,4661934,1640708,1480991,15776729,11860013,14081059,2727078,18269750,1359233,5654691,1013987,4560013,2343822,1874875,1735461,2406262,1926086,1614440,10551371,6343810,1271968,1173907,3160612,2772722,11377175,8527895,1407945,4366426,2231521,4548384,5252665
2025-04-28,6818900,5097327,7714937,2141602,8495044,4764246,1676744,1513499,16122893,12120245,14390011,2786886,18670598,1389053,5778759,1036247,4660057,2395230,1916035,1773513,2459014,1968338,1649888,10782875,6482998,1299856,1199695,3229996,2833538,11626823,8714963,1438857,4462186,2280493,4648176,5367913
2025-05-13,6688674,5000081,7567733,2100848,8332948,4673270,1644666,1484465,15815240,11888909,14115441,2733802,18314320,1362543,5668545,1016517,4571095,2349646,1879455,1739767,2412136,1930892,1618284,10577083,6359224,1275032,1176721,3168364,2779570,11444719,8548667,1411281,4377024,2236887,4559560,5265609
2025-05-14,6688674,5000081,7567733,2100848,8332948,4673270,1644666,1484465,15815240,11888909,14115441,2733802,18314320,1362543,5668545,1016517,4571095,2349646,1879455,1739767,2412136,1930892,1618284,10577083,6359224,1275032,1176721,3168364,2779570,11444719,8548667,1411281,4377024,2236887,4559560,5265609
2025-05-16,6688674,5000081,7567733,2100848,8332948,4673270,1644666,1484465,15815240,11888909,14115441,2733802,18314320,1362543,5668545,1016517,4571095,2349646,1879455,1739767,2412136,1930892,1618284,10577083,6359224,1275032,1176721,3168364,2779570,11444719,8548667,1411281,4377024,2236887,4559560,5265609
2025-05-19,6688674,5000081,7567733,2100848,8332948,4673270,1644666,1484465,15815240,11888909,14115441,2733802,18314320,1362543,5668545,1016517,4571095,2349646,1879455,1739767,2412136,1930892,1618284,10577083,6359224,1275032,1176721,3168364,2779570,11444719,8548667,1411281,4377024,2236887,4559560,5265609
2025-05-20,6688674,5000081,7567733,2100848,8332948,4673270,1644666,1484465,15815240,11888909,14115441,2733802,18314320,1362543,5668545,1016517,4571095,2349646,1879455,1739767,2412136,1930892,1618284,10577083,6359224,1275032,1176721,3168364,2779570,11444719,8548667,1411281,4377024,2236887,4559560,5265609
2025-05-21,6986283,5222554,7904386,2194296,8703717,4881213,1717863,1550503,16518916,12417941,14743611,2855403,19129239,1423185,5920754,1061739,4774577,2454117,1963110,1817053,2519502,2016778,1690335,11047687,6642125,1331774,1229119,3309379,2903177,13551307,8929004,1474037,4571761,2336459,4762408,5499864
2025-07-07,6959550,5474418,7720425,2179933,8563224,4804518,1698110,1517138,15525635,11869928,13919767,2836861,19028866,1398649,5593372,1054715,4761866,2440977,1950556,1805075,2504374,1957857,1594349,10621763,6071571,1332149,1221566,3288790,2888672,13461531,8425142,1466754,4503379,2321330,4731267,5427502
2025-07-08,6959550,5474418,7720425,2179933,8563224,4804518,1698110,1517138,15525635,11869928,13919767,2836861,19028866,1398649,5593372,1054715,4761866,2440977,1950556,1805075,2504374,1957857,1594349,10621763,6071571,1332149,1221566,3288790,2888672,13461531,8425142,1466754,4503379,2321330,4731267,5427502
2025-07-09,7007542,5512128,7773629,2195053,8622280,4837644,1709802,1527596,15632705,11951762,14015773,2856477,19160114,1408247,5631964,1061977,4794750,2457771,1963978,1817561,2521720,1971423,1605347,10695035,6113447,1341273,1230074,3311458,2908574,13554341,8483206,1476926,4534411,2337342,4763875,5464848
2025-07-10,7036118,5534608,7805341,2204013,8657448,4857372,1716778,1533820,15696465,12000514,14072941,2868125,19238274,1413991,5654940,1066313,4814302,2467803,1971994,1824969,2532008,1979471,1611891,10738667,6138391,1346745,1235098,3324962,2920446,13609621,8517814,1482958,4552907,2346878,4783299,5487136
2025-07-11,7114702,5596428,7892549,2228653,8754160,4911624,1735962,1550936,15871805,12134582,14230153,2900157,19453214,1429787,5718124,1078237,4868070,2495391,1994038,1845341,2560300,2001603,1629887,10858655,6206987,1361793,1248914,3362098,2953094,13761641,8612986,1499546,4603771,2373102,4836715,5548428
2025-07-14,7102193,5586586,7878675,2224733,8738767,4902986,1732910,1548206,15843903,12113246,14205135,2895061,19419012,1427274,5708072,1076340,4859509,2491002,1990531,1842100,2555799,1998082,1627024,10839566,6196074,1359399,1246716,3356190,2947900,13737449,8597845,1496907,4595679,2368930,4828210,5538677
2025-07-15,7105767,5589398,7882639,2225853,8743165,4905454,1733782,1548986,15851875,12119342,14212283,2896517,19428784,1427992,5710944,1076882,4861955,2492256,1991533,1843026,2557085,1999088,1627842,10845020,6199192,1360083,1247344,3357878,2949384,13744361,8602171,1497661,4597991,2370122,4830640,5541463
2025-07-16,6975316,5486760,7737953,2184973,8582638,4815372,1701954,1520516,15560897,11896838,13951381,2843373,19072106,1401785,5606116,1057099,4772676,2446485,1954960,1809227,2510146,1962369,1597985,10645949,6085385,1335117,1224422,3296266,2895218,13492073,8444272,1470140,4513603,2326614,4741945,5439701
2025-07-17,7008373,5512826,7774555,2195233,8623327,4838246,1710050,1527806,15634643,11953166,14017495,2856781,19162452,1408434,5632612,1062180,4795329,2458082,1964271,1817720,2522019,1971602,1605584,10696246,6114134,1341479,1230176,3311850,2908980,13555989,8484265,1477087,4534919,2337670,4764510,5465535
2025-07-18,6965485,5479082,7726987,2181793,8570551,4808630,1699586,1518446,15538979,11880014,13931719,2839309,19045188,1399818,5598148,1055676,4765977,2443034,1952247,1806608,2506587,1959530,1595768,10630798,6076718,1333271,1222640,3291594,2891172,13473045,8432353,1468039,4507175,2323366,4735350,5432079
2025-07-21,7029817,5529698,7798339,2201953,8649715,4853054,1715282,1532486,15682475,11989742,14060383,2865517,19221084,1412742,5649844,1065432,4810005,2465606,1970283,1823276,2529735,1977638,1610492,10728970,6132842,1345583,1233944,3321978,2917884,13597461,8510221,1481611,4548791,2344822,4779090,5482263
2025-07-22,7010149,5514221,7776515,2195793,8625515,4839469,1710486,1528196,15638585,11956192,14021036,2857498,19167294,1408793,5634037,1062451,4796541,2458709,1964772,1818172,2522651,1972105,1605982,10698951,6115682,1341821,1230490,3312683,2909722,13559412,8486406,1477464,4536064,2338266,4765714,5466918
2025-07-23,6985117,5494523,7748739,2187953,8594715,4822179,1704382,1522736,15582725,11913492,13970958,2847292,19098834,1403767,5613919,1058657,4779405,2449931,1957758,1811676,2513635,1965063,1600242,10660745,6093842,1337033,1226094,3300853,2899334,13510986,8456096,1472186,4519866,2329922,4748690,5447388
2025-07-24,7020877,5522663,7788419,2199153,8638715,4846879,1713102,1530536,15662525,11974492,14042498,2861872,19196634,1410947,5642659,1064077,4803885,2462471,1967778,1820956,2526515,1975123,1608442,10715325,6125042,1343873,1232374,3317753,2914174,13580166,8499396,1479726,4543006,2341842,4773010,5475288
2025-07-25,7085245,5573315,7859843,2219313,8717915,4891339,1728798,1544576,15806165,12084292,14171270,2888116,19372674,1423871,5694391,1073833,4847949,2485043,1985814,1837660,2549699,1993231,1623202,10813569,6181202,1356185,1243678,3348173,2940886,13704690,8577336,1493298,4584658,2363298,4816786,5525508
2025-07-28,7054849,5549396,7826115,2209793,8680515,4870344,1721386,1537946,15738352,12032442,14110461,2875723,19289544,1417768,5669962,1069226,4827141,2474384,1977297,1829772,2538751,1984680,1616232,10767176,6154682,1350371,1238340,3333808,2928272,13645887,8540531,1486889,4564989,2353166,4796114,5501793
2025-07-29,7097761,5583164,7873731,2223233,8733315,4899984,1731850,1547306,15834088,12105642,14196309,2893219,19406904,1426384,5704450,1075730,4856517,2489432,1989321,1840908,2554207,1996752,1626072,10832672,6192122,1358579,1245876,3354088,2946080,13728903,8592491,1495937,4592757,2367470,4825298,5535273
2025-07-30,7085245,5573315,7859843,2219313,8717915,4891339,1728798,1544576,15806165,12084292,14171270,2888116,19372674,1423871,5694391,1073833,4847949,2485043,1985814,1837660,2549699,1993231,1623202,10813569,6181202,1356185,1243678,3348173,2940886,13704690,8577336,1493298,4584658,2363298,4816786,5525508
2025-07-31,7060199,5553617,7832067,2211473,8687101,4874049,1722694,1539116,15750305,12041578,14121178,2877910,19304200,1418845,5674259,1070039,4830813,2476265,1978800,1831164,2540683,1986189,1617462,10775349,6159362,1351397,1239282,3336343,2930498,13656250,8547026,1488020,4568460,2354940,4799762,5505978
2025-08-01,7090612,5577536,7865795,2220993,8724518,4895044,1730106,1545746,15818135,12093445,14182004,2890303,19387347,1424948,5698705,1074646,4851621,2486924,1987317,1839052,2551631,1994740,1624432,10821759,6185882,1357211,1244620,3350708,2943112,13715070,8583831,1494429,4588129,2365089,4820434,5529693
2025-08-04,7090612,5577536,7865795,2220993,8724518,4895044,1730106,1545746,15818135,12093445,14182004,2890303,19387347,1424948,5698705,1074646,4851621,2486924,1987317,1839052,2551631,1994740,1624432,10821759,6185882,1357211,1244620,3350708,2943112,13715070,8583831,1494429,4588129,2365089,4820434,5529693
2025-08-05,7069144,5560652,7841975,2214273,8698106,4880224,1724874,1541066,15770243,12056833,14139068,2881555,19328655,1420628,5681449,1071394,4836933,2479400,1981305,1833484,2543903,1988704,1619512,10788999,6167150,1353107,1240852,3340568,2934196,13673550,8557839,1489905,4574233,2357925,4805842,5512953
2025-08-06,7035153,5533919,7804260,2203633,8656287,4856759,1716590,1533656,15694414,11998864,14071086,2867704,19235726,1413788,5654127,1066245,4813677,2467487,1971786,1824668,2531667,1979147,1611722,10737129,6137491,1346609,1234886,3324513,2920079,13607810,8516685,1482742,4552231,2346582,4782738,5486448
2025-08-07,7197952,5661956,7984895,2254593,8856578,4969144,1756266,1569146,16057595,12276505,14396684,2934043,19680807,1446548,5784985,1090906,4925061,2524544,2017377,1866892,2590271,2024920,1649032,10985559,6279542,1377731,1263460,3401408,2987692,13922670,8713791,1517049,4657609,2400909,4893394,5613393
2025-08-08,7283824,5729492,8080175,2281473,8962226,5028424,1777194,1587866,16249163,12422953,14568428,2969035,19915575,1463828,5854009,1103914,4983813,2554640,2041425,1889164,2621183,2049064,1668712,11116599,6354470,1394147,1278532,3441968,3023356,14088750,8817759,1535145,4713193,2429565,4951762,5680353
2025-08-11,7264145,5714015,8058351,2275313,8938015,5014839,1772398,1583576,16205262,12389392,14529070,2961016,19861774,1459868,5838191,1100933,4970349,2547743,2035914,1884060,2614099,2043531,1664202,11086569,6337299,1390385,1275078,3432673,3015183,14050690,8793933,1530998,4700455,2422998,4938386,5665008
2025-08-12,7264145,5714015,8058351,2275313,8938015,5014839,1772398,1583576,16205262,12389392,14529070,2961016,19861774,1459868,5838191,1100933,4970349,2547743,2035914,1884060,2614099,2043531,1664202,11086569,6337299,1390385,1275078,3432673,3015183,14050690,8793933,1530998,4700455,2422998,4938386,5665008
2025-08-13,7233732,5690096,8024623,2265793,8900598,4993844,1764986,1576946,16137415,12337525,14468244,2948623,19778627,1453748,5813745,1096326,4949541,2537084,2027397,1876172,2603151,2034980,1657232,11040159,6310762,1384571,1269740,3418308,3002552,13991870,8757111,1524589,4680769,2412849,4917714,5641293
2025-08-14,7206241,5668463,7994127,2257253,8866879,4974879,1758302,1570936,16076086,12290756,14413262,2937472,19703498,1448208,5791623,1092177,4930685,2527471,2019678,1869056,2593215,2027323,1650942,10998289,6286803,1379373,1264874,3405353,2991135,13938730,8723757,1518826,4662967,2403606,4899010,5619888
2025-08-15,7202661,5665647,7990155,2256131,8862473,4972407,1757428,1570156,16068100,12284650,14406102,2936012,19693710,1447488,5788745,1091635,4928235,2526215,2018674,1868128,2591927,2026315,1650122,10992825,6283679,1378687,1264246,3403661,2989649,13931806,8719423,1518072,4660651,2402412,4896576,5617096
2025-08-18,7211041,5672263,7999427,2258753,8872779,4978179,1759502,1572036,16086786,12298956,14422962,2939372,19716698,1449208,5795523,1092877,4933985,2529171,2021078,1870356,2594915,2028623,1652042,11005689,6291003,1380273,1265774,3407653,2993135,13948130,8729657,1519826,4666067,2405206,4902310,5623688
2025-08-19,7193131,5658173,7979557,2253143,8850739,4965809,1755132,1568136,16046826,12268406,14387142,2932072,19667728,1445608,5781123,1090167,4921725,2522891,2016058,1865706,2588465,2023583,1647942,10978349,6275373,1376843,1262634,3399193,2985705,13913480,8707977,1516046,4654477,2399236,4890130,5609718
2025-08-20,7232533,5689171,8023271,2265485,8899227,4993023,1764746,1576716,16134738,12335616,14465946,2948132,19775462,1453528,5812803,1096129,4948697,2536707,2027102,1875936,2602655,2034671,1656962,11038497,6309759,1384389,1269542,3417805,3002051,13989710,8755673,1524362,4679975,2412370,4916926,5640452
2025-08-21,7166224,5637038,7949752,2244728,8817679,4947254,1748577,1562244,15986844,12222539,14333375,2921122,19594236,1440208,5759523,1086060,4903335,2513471,2008528,1858731,2578790,2016023,1641792,10937339,6251928,1371698,1257924,3386461,2974518,13861505,8675415,1510376,4637092,2390239,4871860,5588763
2025-08-22,7144720,5620130,7925908,2237996,8791231,4932410,1743333,1557552,15938880,12185867,14290379,2912362,19535460,1435888,5742243,1082796,4888623,2505935,2002504,1853151,2571050,2009975,1636872,10904531,6233172,1367582,1254156,3376297,2965590,13819925,8649387,1505840,4623184,2383063,4857244,5571999
2025-08-25,7074832,5565179,7848415,2216117,8705275,4884167,1726290,1542303,15782997,12066683,14150642,2883892,19344438,1421848,5686083,1072188,4840809,2481443,1982926,1835016,2545895,1990319,1620882,10797905,6172215,1354205,1241910,3343264,2936574,13684790,8564796,1491098,4577983,2359741,4809742,5517516
2025-08-26,7074832,5565179,7848415,2216117,8705275,4884167,1726290,1542303,15782997,12066683,14150642,2883892,19344438,1421848,5686083,1072188,4840809,2481443,1982926,1835016,2545895,1990319,1620882,10797905,6172215,1354205,1241910,3343264,2936574,13684790,8564796,1491098,4577983,2359741,4809742,5517516
2025-08-27,7003152,5508819,7768935,2193677,8617115,4834687,1708810,1526663,15623117,11944443,14007322,2854692,19148518,1407448,5628483,1061308,4791769,2456323,1962846,1816416,2520095,1970159,1604482,10688545,6109695,1340485,1229350,3309384,2906814,13546190,8478036,1475978,4531623,2335821,4761022,5461636
2025-08-28,7032537,5531806,7801344,2202884,8653043,4854930,1715937,1533116,15688516,11994427,14065787,2866658,19228536,1413356,5652015,1065752,4811863,2466499,1971048,1823999,2530682,1978451,1611144,10733135,6135212,1346078,1234388,3323265,2919010,13602741,8513439,1482196,4550556,2345643,4780960,5484383
2025-08-29,7032537,5531806,7801344,2202884,8653043,4854930,1715937,1533116,15688516,11994427,14065787,2866658,19228536,1413356,5652015,1065752,4811863,2466499,1971048,1823999,2530682,1978451,1611144,10733135,6135212,1346078,1234388,3323265,2919010,13602741,8513439,1482196,4550556,2345643,4780960,5484383
2025-09-02,7127123,5606256,7906280,2232484,8769479,4920230,1739037,1553666,15899488,12155663,14254973,2905158,19487058,1432356,5728015,1080102,4876599,2499699,1997498,1848549,2564682,2005001,1632794,10877521,6217698,1364228,1250988,3367915,2958210,13785677,8627989,1502096,4611756,2377193,4845210,5558133
2025-09-03,7166767,5637452,7950258,2244892,8818253,4947598,1748717,1562312,15987928,12223291,14334261,2921328,19595452,1440320,5759871,1086108,4903725,2513603,2008608,1858823,2578938,2016155,1641880,10938021,6252282,1371818,1257940,3386659,2974666,13862369,8675993,1510456,4637408,2390415,4872160,5589043
2025-09-04,7157757,5630362,7940263,2242072,8807168,4941378,1746517,1560347,15967828,12207921,14316241,2917653,19570817,1438510,5752631,1084743,4897560,2510443,2006083,1856488,2575693,2013620,1639815,10924271,6244422,1370093,1256360,3382399,2970926,13844939,8665083,1508556,4631578,2387410,4866035,5582018
2025-09-05,7199203,5662976,7986240,2255044,8858159,4969990,1756637,1569386,16060288,12278623,14399133,2934558,19684138,1446836,5785935,1091022,4925919,2524979,2017698,1867229,2590620,2025281,1649314,10987521,6280578,1378028,1263628,3401995,2988130,13925117,8715269,1517296,4658396,2401233,4894210,5614333
2025-09-08,7199203,5662976,7986240,2255044,8858159,4969990,1756637,1569386,16060288,12278623,14399133,2934558,19684138,1446836,5785935,1091022,4925919,2524979,2017698,1867229,2590620,2025281,1649314,10987521,6280578,1378028,1263628,3401995,2988130,13925117,8715269,1517296,4658396,2401233,4894210,5614333
2025-09-09,7199203,5662976,7986240,2255044,8858159,4969990,1756637,1569386,16060288,12278623,14399133,2934558,19684138,1446836,5785935,1091022,4925919,2524979,2017698,1867229,2590620,2025281,1649314,10987521,6280578,1378028,1263628,3401995,2988130,13925117,8715269,1517296,4658396,2401233,4894210,5614333
2025-09-10,7246107,5699870,8038266,2269734,8915853,5002360,1768077,1579604,16164912,12358599,14492915,2953668,19812344,1456248,5823635,1098120,4958003,2541437,2030828,1879397,2607494,2038463,1660052,11059099,6321476,1386998,1271870,3424147,3007604,14015831,8772027,1527176,4688738,2416885,4926086,5650915
2025-09-11,7195595,5660138,7982238,2253914,8853721,4967500,1755757,1568600,16052237,12272471,14391919,2933088,19674276,1446112,5783035,1090476,4923451,2523713,2016688,1866293,2589322,2024267,1648488,10982015,6277432,1377338,1262994,3400291,2986632,13918139,8710903,1516536,4656062,2400029,4891758,5611519
2025-09-12,7357955,5787848,8162328,2304764,9053431,5079550,1795357,1603970,16414307,12549311,14716549,2999238,20118066,1478692,5913535,1115046,5034511,2580683,2062138,1908413,2647732,2069897,1685658,11229785,6419002,1408388,1291524,3476971,3054042,14232149,8907373,1550736,4761092,2454209,5002098,5738149
2025-09-15,7182967,5650205,7968231,2249959,8838188,4958785,1752677,1565849,16024076,12250939,14366670,2927943,19639759,1443578,5772885,1088565,4914813,2519282,2013153,1863017,2584779,2020718,1645597,10962744,6266421,1374923,1260775,3394327,2981389,13893716,8695622,1513876,4647893,2395815,4883176,5601670
2025-09-16,7018621,5520894,7785958,2198453,8635986,4845308,1712546,1529995,15657437,11970659,14037978,2860967,19190401,1410545,5640844,1063631,4802337,2461679,1967107,1820429,2525629,1974490,1607923,10711948,6123096,1343437,1231928,3316704,2913139,13575853,8496696,1479205,4541514,2341033,4771428,5473542
2025-09-17,7136011,5613259,7916153,2235243,8780416,4926363,1741211,1555605,15919322,12170859,14272758,2908807,19511371,1434140,5735159,1081441,4882677,2502824,1999997,1850849,2567879,2007510,1634833,10891088,6225471,1365927,1252533,3372149,2961889,13802898,8638786,1503970,4617499,2380163,4851248,5565062
2025-09-18,7045711,5542209,7816003,2206943,8669316,4864013,1719161,1535905,15717872,12016859,14092158,2872007,19264471,1415990,5662609,1067741,4820877,2471174,1974697,1827449,2535379,1982110,1614133,10753288,6146721,1348627,1236683,3329499,2924389,13628248,8529486,1484920,4559049,2350063,4789848,5494662
2025-09-19,7382401,4961134,8370833,2279288,8826166,4945458,1754276,1478770,15905347,10662169,14035668,2959637,19875986,1443350,5640619,1104931,4976182,2523109,2037897,1823774,2620739,2010150,1607083,11340183,6299791,1450477,1266718,3436319,3018494,14069463,8488066,1534015,4705949,2425673,4961573,5537802
2025-09-22,7423519,4988766,8417473,2291982,8875336,4973002,1764044,1486998,15993963,10721569,14113856,2976115,19986712,1451380,5672035,1111091,5003902,2537167,2049249,1833938,2635347,2021348,1616037,11403367,6334881,1458551,1273780,3455459,3035302,14147849,8535344,1542551,4732173,2439181,4989205,5568646
2025-09-23,7442209,5001326,8438673,2297752,8897686,4985522,1768484,1490738,16034243,10748569,14149396,2983605,20037042,1455030,5686315,1113891,5016502,2543557,2054409,1838558,2641987,2026438,1620107,11432087,6350831,1462221,1276990,3464159,3042942,14183479,8556834,1546431,4744093,2445321,5001765,5582666
2025-09-24,7518838,5052822,8525593,2321409,8989321,5036854,1786688,1506072,16199391,10859269,14295110,3014314,20243395,1469995,5744863,1125371,5068162,2569756,2075565,1857500,2669211,2047307,1636794,11549839,6416226,1477268,1290151,3499829,3074266,14329562,8644943,1562339,4792965,2470495,5053261,5640148
2025-09-25,7558087,5079198,8570113,2333526,9036256,5063146,1796012,1513926,16283979,10915969,14369744,3030043,20349088,1477660,5774851,1131251,5094622,2583175,2086401,1867202,2683155,2057996,1645341,11610151,6449721,1484975,1296892,3518099,3090310,14404385,8690072,1570487,4817997,2483389,5079637,5669590
2025-09-26,7586122,5098038,8601913,2342181,9069781,5081926,1802672,1519536,16344399,10956469,14423054,3041278,20424583,1483135,5796271,1135451,5113522,2592760,2094141,1874132,2693115,2065631,1651446,11653231,6473646,1490480,1301707,3531149,3101770,14457830,8722307,1576307,4835877,2492599,5098477,5690620
2025-09-29,7651572,5142033,8676113,2362376,9148041,5125781,1818212,1532661,16485414,11051004,14547479,3067528,20600773,1495945,5846286,1145251,5157622,2615125,2112201,1890302,2716355,2083446,1665691,11753751,6529506,1503325,1312942,3561599,3128545,14582570,8797557,1589922,4877597,2514089,5142472,5739725
2025-09-30,7631002,5128206,8652793,2356029,9123445,5111998,1813328,1528536,16441106,11021293,14508374,3059278,20545399,1491919,5830567,1142171,5143762,2608096,2106525,1885220,2709051,2077847,1661214,11722159,6511950,1499288,1309411,3552029,3120130,14543366,8773907,1585643,4864485,2507335,5128645,5724292
2025-10-01,7585530,5097682,8601121,2342033,9069093,5081502,1802620,1519436,16342946,10955529,14421882,3041078,20422847,1483007,5795839,1135311,5113110,2592548,2094013,1874036,2692903,2065459,1651290,11652223,6473178,1490312,1301639,3530757,3101550,14456486,8721575,1576195,4835341,2492455,5098121,5690196
2025-10-02,7564949,5083855,8577790,2335675,9044497,5067719,1797736,1515311,16298616,10925818,14382766,3032828,20367451,1478981,5780120,1132231,5099239,2585519,2088337,1868954,2685599,2059860,1646813,11620620,6455622,1486264,1298108,3521176,3093135,14417271,8697914,1571916,4822229,2485690,5084294,5674763
2025-10-03,7578046,5092654,8592637,2339721,9060149,5076490,1800851,1517936,16326826,10944732,14407658,3038078,20402703,1481543,5790123,1134191,5108066,2589992,2091949,1872188,2690247,2063423,1649662,11640731,6466794,1488840,1300355,3527273,3098490,14442226,8712971,1574639,4830573,2489995,5093093,5684584
2025-10-06,7551838,5075042,8562915,2331629,9028817,5058934,1794621,1512686,16270364,10906876,14357832,3027578,20332143,1476419,5770103,1130271,5090398,2581032,2084711,1865720,2680937,2056283,1643964,11600481,6444436,1483688,1295861,3515079,3087780,14392288,8682843,1569193,4813871,2481385,5075481,5664928
2025-10-07,7549966,5073784,8560792,2331051,9026579,5057680,1794176,1512311,16266331,10904172,14354273,3026828,20327103,1476053,5768673,1129991,5089136,2580392,2084194,1865258,2680272,2055773,1643557,11597606,6442839,1483320,1295540,3514208,3087015,14388721,8680691,1568804,4812678,2480770,5074223,5663524
2025-10-08,7553710,5076300,8565038,2332207,9031055,5060188,1795066,1513061,16274397,10909580,14361391,3028330,20337183,1476785,5771533,1130551,5091660,2581672,2085228,1866182,2681602,2056793,1644373,11603358,6446035,1484056,1296182,3515950,3088545,14395857,8684995,1569582,4815064,2482000,5076739,5666332
2025-10-09,7578046,5092654,8592637,2339721,9060149,5076490,1800851,1517936,16326826,10944732,14407658,3038093,20402703,1481543,5790123,1134191,5108066,2589992,2091949,1872188,2690247,2063423,1649677,11640746,6466809,1488840,1300355,3527273,3098490,14442241,8712971,1574639,4830573,2489995,5093093,5684584
2025-10-10,7422670,4988240,8416428,2291747,8874395,4972408,1763916,1486811,15992087,10720300,14112261,2975760,19984383,1451165,5671433,1110951,5003320,2536872,2049038,1833842,2635052,2021093,1615813,11402038,6334175,1458296,1273712,3454980,3034995,14146097,8534355,1542352,4731554,2438950,4988679,5568052
2025-10-13,7402078,4974402,8393075,2285389,8849766,4958614,1759021,1482686,15947713,10690556,14073101,2967499,19928932,1447139,5655692,1107871,4989438,2529832,2043351,1828749,2627737,2015483,1611325,11370402,6316597,1454248,1270181,3445388,3026569,14106838,8510672,1538073,4718420,2432185,4974841,5552597
2025-10-14,7441390,5000820,8437658,2297527,8896785,4984948,1768366,1490561,16032427,10747340,14147861,2983270,20034793,1454825,5685743,1113751,5015940,2543272,2054208,1838472,2641702,2026193,1619893,11430798,6350155,1461976,1276922,3463700,3042655,14181787,8555885,1546242,4743494,2445100,5001259,5582102
2025-10-15,7499659,5039889,8503694,2315474,8966339,5023990,1782176,1502211,16157817,10831440,14258538,3006632,20191512,1466222,5730181,1122470,5055198,2563133,2070274,1852775,2662378,2042093,1632554,11520254,6399848,1473469,1286867,3490834,3066441,14292785,8622826,1558348,4780622,2464234,5040338,5625709
2025-10-16,7567087,5085177,8580122,2336282,9046943,5069170,1798196,1515711,16303077,10928820,14386698,3033668,20373024,1479398,5781697,1132550,5100630,2586173,2088886,1869443,2686318,2060453,1647242,11623826,6457376,1486717,1298423,3522226,3094017,14421269,8700334,1572352,4823606,2486374,5085662,5676289
2025-10-17,7497786,5038631,8501571,2314896,8964100,5022735,1781731,1501836,16153782,10828735,14254978,3005881,20186470,1465856,5728750,1122190,5053936,2562493,2069757,1852312,2661713,2041583,1632146,11517377,6398250,1473101,1286546,3489962,3065675,14289216,8620673,1557959,4779428,2463619,5039079,5624304
2025-10-20,7449088,5005897,8446347,2299868,8905860,4990105,1770161,1492086,16048846,10758405,14162392,2986355,20055352,1456340,5691544,1114910,5021098,2545853,2056315,1840274,2644423,2028323,1621538,11442575,6356676,1463533,1278200,3467290,3045759,14196396,8564669,1547845,4748384,2447629,5006345,5587774
2025-10-21,7449088,5005897,8446347,2299868,8905860,4990105,1770161,1492086,16048846,10758405,14162392,2986355,20055352,1456340,5691544,1114910,5021098,2545853,2056315,1840274,2644423,2028323,1621538,11442575,6356676,1463533,1278200,3467290,3045759,14196396,8564669,1547845,4748384,2447629,5006345,5587774
2025-10-22,7769371,5221186,8809551,2398706,9288900,5204710,1846256,1556211,16739002,11220960,14771323,3114776,20917705,1518926,5936245,1162790,5237071,2655293,2144722,1919447,2758138,2115533,1691306,11934542,6630105,1526461,1333091,3616402,3176745,14806866,8933003,1614364,4952558,2552794,5221634,5828029
2025-10-23,7793720,5237553,8837163,2406220,9318020,5221025,1852041,1561086,16791470,11256138,14817629,3124539,20983277,1523684,5954848,1166430,5253490,2663613,2151443,1925466,2766783,2122163,1696610,11971956,6650892,1531245,1337264,3627738,3186703,14853276,8961005,1619421,4968080,2560802,5238001,5846294
2025-10-24,7730038,5194747,8764947,2386568,9241860,5178355,1836911,1548336,16654246,11164134,14696521,3099005,20811781,1511240,5906194,1156910,5210548,2641853,2133865,1909724,2744173,2104823,1682738,11874104,6596526,1518733,1326350,3598090,3160659,14731896,8887769,1606195,4927484,2539858,5195195,5798524
2025-10-27,7692558,5169547,8722447,2374988,9197040,5153235,1828011,1540836,16573486,11109994,14625241,3083985,20710841,1503920,5877554,1151290,5185288,2629033,2123525,1900464,2730873,2094623,1674578,11816524,6564526,1511373,1319910,3580650,3145339,14660456,8844669,1598415,4903584,2527538,5169995,5770404
2025-10-28,7677566,5159467,8705447,2370356,9179112,5143187,1824451,1537836,16541182,11088338,14596729,3077977,20670465,1500992,5866098,1149042,5175184,2623905,2119389,1896760,2725553,2090543,1671314,11793492,6551726,1508429,1317334,3573674,3139211,14631880,8827429,1595303,4894024,2522610,5159915,5759156
2025-10-29,7593236,5102767,8609822,2344301,9078267,5086667,1804426,1520961,16359472,10966523,14436349,3044182,20443350,1484522,5801658,1136397,5118349,2595060,2096124,1875925,2695628,2067593,1652954,11663937,6479726,1491869,1302844,3534434,3104741,14471140,8730454,1577798,4840249,2494890,5103215,5695886
2025-10-30,7626968,5125447,8648072,2354723,9118605,5109275,1812436,1527711,16432156,11015249,14500501,3057700,20534196,1491110,5827434,1141455,5141083,2606598,2105430,1884259,2707598,2076773,1660298,11715759,6508526,1498493,1308640,3550130,3118529,14535436,8769244,1584800,4861759,2505978,5125895,5721194
2025-10-31,7626968,5125447,8648072,2354723,9118605,5109275,1812436,1527711,16432156,11015249,14500501,3057700,20534196,1491110,5827434,1141455,5141083,2606598,2105430,1884259,2707598,2076773,1660298,11715759,6508526,1498493,1308640,3550130,3118529,14535436,8769244,1584800,4861759,2505978,5125895,5721194
2025-11-03,7497593,5038507,8501378,2314772,8963950,5022611,1781662,1501767,16153439,10828397,14254559,3005812,20185858,1465787,5728600,1122066,5053867,2562369,2069688,1852312,2661644,2041557,1632146,11517039,6398126,1473101,1286422,3489893,3065606,14288873,8620480,1557890,4779304,2463474,5038955,5624154
2025-11-04,7497593,5038507,8501378,2314772,8963950,5022611,1781662,1501767,16153439,10828397,14254559,3005812,20185858,1465787,5728600,1122066,5053867,2562369,2069688,1852312,2661644,2041557,1632146,11517039,6398126,1473101,1286422,3489893,3065606,14288873,8620480,1557890,4779304,2463474,5038955,5624154
2025-11-05,7450718,5007007,8448228,2300297,8907900,4991211,1770512,1492367,16052439,10760697,14165434,2987012,20059658,1456612,5692775,1115041,5022267,2546344,2056738,1840737,2644994,2028782,1621946,11445039,6358126,1463901,1278372,3468068,3046431,14199523,8566580,1548140,4749429,2448074,5007455,5588979
2025-11-06,7358843,4945267,8344054,2271926,8798042,4929667,1748658,1473943,15854479,10628005,13990749,2950164,19812306,1438629,5622558,1101272,4960331,2514935,2031356,1818050,2612360,2003743,1601954,11303919,6279726,1445869,1262594,3425291,3008848,14024397,8460936,1529030,4690874,2437046,4945715,5520036
2025-11-07,7336343,4930147,8318542,2264978,8771138,4914595,1743306,1469431,15805999,10595509,13947969,2941140,19751730,1434225,5605362,1097900,4945163,2507243,2025140,1812494,2604368,1997611,1597058,11269359,6260526,1441453,1258730,3414815,2999644,13981509,8435064,1524350,4676534,2530760,4930595,5503152
2025-11-10,7274501,4888600,8248417,2245871,8697218,4873180,1728621,1457056,15672778,10506211,13830423,2916357,19585245,1422147,5558106,1088660,4903484,2486123,2008079,1797215,2582423,1980781,1583594,11174385,6207759,1429309,1248104,3386039,2974366,13863666,8363982,1511513,4637132,2509442,4889048,5456754
2025-11-11,7162061,4813060,8120917,2211131,8562818,4797880,1701921,1434556,15430558,10343851,13616703,2871297,19282545,1400187,5472186,1071860,4827704,2447723,1977059,1769435,2542523,1950181,1559114,11001705,6111819,1407229,1228784,3333719,2928406,13649406,8234742,1488173,4565492,2470682,4813508,5372394
2025-11-12,7240769,4865938,8210167,2235449,8656898,4850590,1720611,1450306,15600112,10457503,13766307,2902839,19494435,1415559,5532330,1083620,4880750,2474603,1998773,1788881,2570453,1971601,1576250,11122581,6178977,1422685,1242308,3370343,2960578,13799388,8325210,1504511,4615640,2497814,4866386,5431446
2025-11-13,7272627,4887341,8246292,2245292,8694978,4871925,1728176,1456681,15668741,10503505,13826861,2915606,19580200,1421781,5556674,1088380,4902221,2485483,2007562,1796752,2581758,1980271,1583186,11171507,6206160,1428941,1247782,3385167,2973600,13860095,8361828,1511124,4635938,2508796,4887789,5455348
2025-11-14,7280127,4892381,8254796,2247608,8703946,4876949,1729960,1458185,15684901,10514337,13841121,2918614,19600392,1423249,5562406,1089504,4907277,2488047,2009634,1798604,2584422,1982315,1584818,11183027,6212560,1430413,1249070,3388659,2976668,13874387,8370452,1512684,4640718,2511384,4892829,5460972
2025-11-17,7274502,4888601,8248418,2245871,8697220,4873181,1728622,1457057,15672784,10506213,13830426,2916358,19585248,1422148,5558107,1088661,4903485,2486124,2008080,1797215,2582424,1980782,1583594,11174387,6207760,1429309,1248104,3386040,2974367,13863668,8363984,1511514,4637133,2509443,4889049,5456754
2025-11-18,7244502,4868441,8214386,2236607,8661348,4853085,1721486,1451041,15608128,10462869,13773370,2904326,19504464,1416276,5535179,1084165,4883261,2475868,1999792,1789807,2571768,1972606,1577066,11128291,6182160,1423421,1242952,3372072,2962095,13806484,8329488,1505274,4618013,2499091,4868889,5434242
2025-11-19,7246378,4869702,8216513,2237186,8663591,4854342,1721932,1451417,15612169,10465578,13776936,2905078,19509514,1416643,5536612,1084446,4884525,2476509,2000310,1790270,2572434,1973117,1577474,11131172,6183761,1423790,1243274,3372945,2962862,13810059,8331645,1505664,4619209,2499738,4870150,5435649
2025-11-20,7207348,4843460,8172271,2225237,8616866,4828158,1712710,1443658,15528070,10409282,13702831,2889444,19404556,1409072,5506851,1078722,4858190,2463238,1989579,1780566,2558605,1962495,1568926,11071257,6150409,1416028,1236716,3354775,2946919,13735722,8286749,1497609,4594284,2485926,4843874,5406444
2025-11-21,7190464,4832111,8153128,2220026,8596679,4816845,1708696,1440274,15491692,10384892,13670728,2882676,19359097,1405769,5493954,1076193,4846805,2457469,1984917,1776399,2552611,1957896,1565254,11045319,6136000,1412707,1233818,3346918,2940016,13703547,8267336,1494099,4583520,2480103,4832525,5393781
2025-11-24,7169828,4818240,8129731,2213657,8572006,4803018,1703790,1436138,15447230,10355082,13631491,2874404,19303536,1401732,5478191,1073102,4832890,2450418,1979219,1771306,2545285,1952275,1560766,11013617,6118389,1408648,1230276,3337315,2931579,13664222,8243609,1489809,4570364,2472986,4818654,5378304
2025-11-25,7209224,4844721,8174398,2225816,8619109,4829415,1713156,1444034,15532112,10411992,13706398,2890196,19409607,1409439,5508284,1079003,4859455,2463879,1990097,1781029,2559271,1963006,1569334,11074139,6152010,1416397,1237038,3355648,2947686,13739297,8288906,1497999,4595480,2486573,4845135,5407851
2025-11-26,7216728,4849765,8182906,2228132,8628081,4834443,1714940,1445538,15548280,10422832,13720666,2893204,19429811,1410907,5514016,1080127,4864515,2466443,1992169,1782881,2561935,1965050,1570966,11085667,6158414,1417873,1238326,3359140,2950754,13753597,8297534,1499559,4600264,2489161,4850179,5413479
2025-11-28,7301148,4906510,8278621,2254187,8729016,4891008,1735010,1462458,15730170,10544782,13881181,2927044,19657106,1427422,5578501,1092772,4921440,2495288,2015479,1803716,2591905,1988045,1589326,11215357,6230459,1434478,1252816,3398425,2985269,13914472,8394599,1517109,4654084,2518276,4906924,5476794
2025-12-01,7319908,4919120,8299891,2259977,8751446,4903578,1739470,1466218,15770590,10571882,13916851,2934564,19707616,1431092,5592831,1095582,4934090,2501698,2020659,1808346,2598565,1993155,1593406,11244177,6246469,1438168,1256036,3407155,2992939,13950222,8416169,1521009,4666044,2524746,4919534,5490864
2025-12-02,7150978,4805630,8108371,2207867,8549486,4790448,1699330,1432378,15406720,10327982,13595731,2866884,19252936,1398062,5463771,1070292,4820240,2444008,1974039,1766586,2538625,1947165,1556596,10984707,6102379,1404958,1227056,3328495,2923909,13628382,8221949,1485909,4558404,2466516,4806044,5364144
2025-12-03,7137832,4796796,8093468,2203807,8533771,4781642,1696208,1429746,15378398,10308998,13570741,2861613,19217544,1395493,5453726,1068325,4811378,2439514,1970413,1763338,2533956,1943588,1553733,10964512,6091165,1402375,1224802,3322377,2918533,13603329,8206836,1483179,4550025,2461980,4797210,5354281
2025-12-04,7175392,4822036,8136048,2215407,8578671,4806802,1705128,1437266,15459318,10363238,13642141,2876673,19318664,1402833,5482426,1073945,4836698,2452354,1980773,1772618,2547296,1953808,1561913,11022212,6123205,1409755,1231242,3339857,2933893,13674909,8250016,1490979,4573965,2474940,4822450,5382461
2025-12-05,7214830,4848538,8180757,2227587,8625816,4833220,1714494,1445162,15544284,10420190,13717111,2892486,19424840,1410540,5512561,1079846,4863284,2465836,1991651,1782362,2561303,1964539,1570502,11082797,6156847,1417504,1238004,3358211,2950021,13750068,8295355,1499169,4599102,2488548,4848952,5412050
2025-12-08,7111540,4779128,8063662,2195687,8502341,4764030,1689964,1424482,15321754,10271030,13520761,2851071,19146760,1390355,5433636,1064391,4793654,2430526,1963161,1756842,2524618,1936434,1548007,10924122,6068737,1397209,1220294,3310141,2907781,13553223,8176610,1477719,4533267,2452908,4779542,5334555
2025-12-09,7134088,4794284,8089234,2202647,8529305,4779138,1695328,1428994,15370342,10303598,13563637,2860107,19207480,1394759,5450868,1067763,4808858,2438230,1969389,1762410,2532622,1942578,1552915,10958766,6087985,1401637,1224158,3320641,2916997,13596207,8202542,1482411,4547643,2460684,4794698,5351475
2025-12-10,7134088,4794284,8089234,2202647,8529305,4779138,1695328,1428994,15370342,10303598,13563637,2860107,19207480,1394759,5450868,1067763,4808858,2438230,1969389,1762410,2532622,1942578,1552915,10958766,6087985,1401637,1224158,3320641,2916997,13596207,8202542,1482411,4547643,2460684,4794698,5351475
2025-12-11,7186447,4829418,8148562,2218780,8591874,4814161,1707743,1439481,15483008,10379080,13663067,2881065,19348247,1404996,5490867,1075602,4844082,2456093,1983809,1775392,2551186,1956804,1564366,11039123,6132569,1411934,1233137,3345035,2938375,13695869,8262711,1493264,4580962,2478716,4829829,5390753
2025-12-12,7304743,4908902,8282730,2255298,8733296,4893397,1735829,1463165,15737890,10549952,13888003,2928495,19666803,1428122,5581263,1093334,4923814,2496517,2016483,1804594,2593160,1989044,1590096,11220845,6233505,1435184,1253411,3400091,2986735,13921363,8398739,1517878,4656354,2519512,4909313,5479475
2025-12-15,7306651,4910184,8284894,2255887,8735577,4894675,1736282,1463547,15742001,10552708,13891631,2929260,19671941,1428495,5582721,1093620,4925100,2497169,2017010,1805065,2593837,1989564,1590511,11223776,6235133,1435559,1253738,3400979,2987515,13925000,8400933,1518275,4657570,2520170,4910595,5480906
2025-12-16,7344831,4935844,8328174,2267667,8781217,4920255,1745362,1471187,15824241,10607848,13964211,2944560,19774721,1435955,5611881,1099340,4950840,2510209,2027550,1814505,2607397,1999964,1598811,11282416,6267713,1443059,1260298,3418739,3003115,13997760,8444833,1526215,4681910,2533330,4936255,5509546
2025-12-17,7279925,4892222,8254598,2247641,8703629,4876769,1729926,1458199,15684433,10514110,13840825,2918550,19599995,1423273,5562309,1089616,4907082,2488041,2009632,1798457,2584345,1982284,1584701,11182728,6212327,1430309,1249146,3388547,2976595,13874068,8370203,1512717,4640532,2510958,4892633,5460858
2025-12-18,7113842,4780601,8066330,2196398,8505095,4765496,1690428,1424965,15326689,10274251,13525102,2851995,19152902,1390822,5435463,1064734,4795113,2431317,1963783,1757393,2525359,1937044,1548596,10927644,6070604,1397684,1220610,3311291,2908735,13557562,8179238,1478178,4534653,2453712,4781012,5336274
2025-12-19,7098570,4770337,8049018,2191686,8486839,4755264,1686796,1421909,15293793,10252195,13496070,2845875,19111790,1387838,5423799,1062446,4784817,2426101,1959567,1753617,2519935,1932884,1545276,10904188,6057572,1394684,1217986,3304187,2902495,13528458,8161678,1475002,4524917,2448448,4770748,5324818
2025-12-22,7078418,4613103,7999823,2184437,8458032,4752494,1680259,1399094,14794310,11038165,13061468,2809106,19013452,1382998,5251779,1058789,4769440,2383166,1950010,1747641,2513290,1882573,1495205,12021346,6050643,1343315,1210595,3293539,2893000,13483316,7883663,1470525,4509721,2439981,4747428,5293895
2025-12-23,7147106,4657887,8077475,2205641,8540112,4798610,1696567,1412666,14937878,11145301,13188224,2836358,19197988,1396426,5302755,1069049,4815736,2406278,1968946,1764597,2537698,1900861,1509713,12138022,6109359,1356347,1222331,3325507,2921080,13614176,7960163,1484781,4553497,2463669,4793508,5345267
2025-12-24,7192898,4687743,8129243,2219777,8594832,4829354,1707439,1421714,15033590,11216725,13272728,2854526,19321012,1405378,5336739,1075889,4846600,2421686,1981570,1775901,2553970,1913053,1519385,12215806,6148503,1365035,1230155,3346819,2939800,13701416,8011163,1494285,4582681,2479461,4824228,5379515
2025-12-26,7204346,4695207,8142185,2223311,8608512,4837040,1710157,1423976,15057518,11234581,13293854,2859068,19351768,1407616,5345235,1077599,4854316,2425538,1984726,1778727,2558038,1916101,1521803,12235252,6158289,1367207,1232111,3352147,2944480,13723226,8023913,1496661,4589977,2483409,4831908,5388077
2025-12-29,7128026,4645447,8055905,2199751,8517312,4785800,1692037,1408896,14897998,11115541,13153014,2828788,19146728,1392696,5288595,1066199,4802876,2399858,1963686,1759887,2530918,1895781,1505683,12105612,6093049,1352727,1219071,3316627,2913280,13577826,7938913,1480821,4541337,2457089,4780708,5330997
2025-12-30,7129937,4646692,8058064,2200341,8519595,4787083,1692491,1409274,14901992,11118521,13156540,2829546,19151861,1393069,5290013,1066485,4804163,2400501,1964212,1760359,2531596,1896289,1506087,12108857,6094682,1353090,1219398,3317516,2914061,13581466,7941041,1481218,4542554,2457748,4781990,5332426
2025-12-31,7206377,4696492,8144464,2223941,8610915,4838403,1710651,1424394,15061752,11237721,13297580,2859866,19357181,1407989,5346733,1077925,4855683,2426221,1985252,1779239,2558716,1916609,1522247,12238657,6160002,1367610,1232478,3353076,2945301,13727066,8026161,1497098,4591234,2484108,4833270,5389586
2026-01-02,7177712,4677817,8112064,2215091,8576670,4819158,1703841,1418724,15001842,11193021,13244690,2848496,19280186,1402394,5325463,1073635,4836363,2416576,1977362,1772159,2548546,1908989,1516187,12189982,6135507,1362165,1227573,3339741,2933586,13672466,7994241,1491143,4572979,2474223,4814040,5368151
2026-01-06,7122264,4641683,8049395,2197981,8510387,4781922,1690675,1407762,14885911,11106525,13142331,2826485,19131177,1391548,5284294,1065341,4798964,2397900,1962079,1758471,2528855,1894210,1504471,12095772,6088074,1351638,1218090,3313931,2910890,13566801,7932453,1479630,4537657,2455112,4776815,5326681
2026-01-07,7122264,4641683,8049395,2197981,8510387,4781922,1690675,1407762,14885911,11106525,13142331,2826485,19131177,1391548,5284294,1065341,4798964,2397900,1962079,1758471,2528855,1894210,1504471,12095772,6088074,1351638,1218090,3313931,2910890,13566801,7932453,1479630,4537657,2455112,4776815,5326681
2026-01-08,7084004,4616763,8006155,2186181,8464687,4756242,1681595,1400202,14805951,11046865,13071751,2811305,19028417,1384068,5255914,1059621,4773184,2385020,1951539,1749031,2515275,1884030,1496391,12030812,6055374,1344378,1211550,3296131,2895250,13493941,7889853,1471690,4513277,2441932,4751155,5298081
2026-01-09,7094917,4623859,8018454,2189537,8477709,4763542,1684187,1402344,14828746,11063883,13091865,2815633,19057730,1386225,5264001,1061265,4780543,2388730,1954554,1751714,2519143,1886973,1498674,12049346,6064722,1346441,1213414,3301208,2899730,13514709,7902006,1473963,4520203,2445660,4758479,5306236
2026-01-12,7108308,4632588,8033588,2193667,8493711,4772530,1687365,1404990,14856732,11084764,13116568,2820946,19093696,1388843,5273934,1063267,4789566,2393238,1958243,1755018,2523896,1890536,1501502,12072082,6076167,1348982,1215703,3307438,2905204,13540210,7916916,1476742,4528736,2450273,4767460,5316253
2026-01-13,7406736,4827120,8370860,2285707,8850327,4972834,1758189,1463958,15480576,11550112,13667248,2939350,19895380,1447187,5495298,1107883,4990650,2493702,2040455,1828650,2629820,1969940,1564526,12578926,6331227,1405610,1266715,3446278,3027196,14108674,8249352,1538674,4718900,2553077,4967608,5539489
2026-01-14,7596123,4950573,8584898,2344117,9076641,5100049,1803135,1501380,15876477,11845528,14016718,3014491,20404141,1484213,5635878,1136197,5118261,2557458,2092628,1875378,2697041,2020331,1604522,12900577,6493092,1441547,1299088,3534388,3104614,14469430,8460321,1577977,4839581,2618417,5094625,5681158
2026-01-15,7532994,4909422,8513552,2324647,9001203,5057644,1788153,1488906,15744510,11747056,13900228,2989444,20234554,1471871,5589018,1126759,5075724,2536206,2075237,1859802,2674634,2003534,1591190,12793360,6439137,1429568,1288297,3505018,3078808,14349178,8389998,1564876,4799354,2596637,5052286,5633935
2026-01-16,7575080,4936856,8561116,2337627,9051495,5085914,1798141,1497222,15832488,11812704,13977888,3006142,20347612,1480099,5620258,1133051,5104082,2550374,2086831,1870186,2689572,2014732,1600078,12864838,6475107,1437554,1295491,3524598,3096012,14429346,8436880,1573610,4826172,2611157,5080512,5665417
2026-01-20,7598576,4952102,8587673,2344968,9079532,5101703,1803744,1501894,15881423,11849298,14021240,3015510,20410616,1484633,5637689,1136602,5119907,2558302,2093305,1876064,2697973,2020927,1605063,12904715,6495248,1442023,1299552,3535556,3105579,14474101,8462961,1578596,4841087,2619277,5096277,5682920
2026-01-21,7493361,4883517,8468763,2312518,8953802,5031028,1778774,1481104,15661478,11685233,13827090,2973765,20127971,1464063,5559644,1120872,5049012,2522882,2064320,1850104,2660628,1992932,1582843,12726020,6405323,1422058,1281567,3486606,3062569,14273681,8345756,1556761,4774042,2583032,5025712,5604215
2026-01-22,7445536,4852342,8414713,2297768,8896652,4998903,1767424,1471654,15561503,11610658,13738840,2954790,19999496,1454713,5524169,1113722,5016787,2506782,2051145,1838304,2643653,1980207,1572743,12644795,6364448,1412983,1273392,3464356,3043019,14182581,8292481,1546836,4743567,2566557,4993637,5568440
2026-01-23,7434052,4844860,8401735,2294222,8882930,4991193,1764700,1469386,15537503,11592754,13717654,2950236,19968650,1452469,5515649,1112006,5009053,2502918,2047983,1835472,2639579,1977153,1570319,12625295,6354632,1410805,1271430,3459016,3038327,14160711,8279695,1544448,4736253,2562597,4985933,5559854
2026-01-26,7485730,4878529,8460136,2310179,8944679,5025888,1776958,1479592,15645503,11673322,13812991,2970729,20107457,1462567,5553989,1119728,5043856,2520306,2062212,1848216,2657912,1990896,1581227,12713045,6398804,1420606,1280259,3483046,3059441,14259126,8337232,1555194,4769166,2580417,5020601,5598491
2026-01-27,7355510,4793665,8312984,2269991,8789095,4938440,1746018,1453888,15373367,11470274,13572747,2919049,19757733,1437135,5457361,1100280,4956136,2476446,2026376,1816052,2611672,1956284,1553755,12491909,6287488,1395922,1258023,3422458,3006197,14011130,8192188,1528130,4686206,2535537,4933289,5501115
2026-01-28,7380405,4809889,8341116,2277674,8818839,4955158,1751933,1458802,15425393,11509092,13618676,2928929,19824592,1441997,5475834,1103998,4972906,2484831,2033227,1822201,2620512,1962901,1559007,12534185,6308769,1400641,1262274,3434041,3016376,14058541,8219917,1533304,4702066,2544117,4949981,5519731
2026-01-29,7344020,4786177,8300000,2266445,8775367,4930724,1743288,1451601,15349355,11452358,13551530,2914489,19726856,1434891,5448835,1098564,4948396,2472576,2023195,1813214,2607592,1953230,1551312,12472397,6277666,1393744,1256042,3417112,3001499,13989229,8179390,1525742,4678886,2531577,4925585,5492523
2026-01-30,7395725,4819873,8358428,2282402,8837143,4965446,1755573,1461834,15457436,11532980,13646948,2935009,19865744,1444989,5487202,1106286,4983226,2489991,2037451,1825985,2625952,1966973,1562247,12560228,6321865,1403545,1264898,3441169,3022640,14087725,8236981,1536488,4711826,2549397,4960253,5531187
2026-02-02,7315295,4767457,8267498,2257580,8741005,4911434,1736463,1445916,15289310,11407526,13498520,2903089,19649654,1429281,5427520,1094274,4929004,2462901,2015275,1806119,2597392,1945595,1545237,12423602,6253111,1388299,1251122,3403747,2989754,13934509,8147395,1519772,4660586,2521677,4906283,5471043
2026-02-03,7345951,4787425,8302138,2267036,8777629,4932010,1743743,1451980,15353374,11455318,13555080,2915249,19731990,1435265,5450256,1098866,4949660,2473221,2023723,1813687,2608272,1953739,1551717,12475650,6279303,1394123,1256370,3418003,3002282,13992893,8181539,1526140,4680106,2532237,4926843,5493971
2026-02-04,7386187,4813633,8347603,2279447,8825698,4959016,1753298,1459939,15437458,11518045,13629315,2931209,19840056,1443119,5480097,1104893,4976771,2486766,2034811,1823620,2622552,1964428,1560222,12543963,6313680,1401767,1263258,3436714,3018725,14069522,8226353,1534498,4705726,2546097,4953828,5524064
2026-02-05,7359363,4796161,8317293,2271173,8793652,4941012,1746928,1454633,15381402,11476227,13579825,2920569,19768012,1437883,5460203,1100875,4958697,2477736,2027419,1816998,2613032,1957302,1554552,12498421,6290762,1396671,1258666,3424240,3007763,14018436,8196477,1528926,4688646,2536857,4935838,5504002
2026-02-06,7133275,4648897,8061823,2201435,8523550,4789264,1693238,1409911,14908930,11123761,13162695,2830889,19160784,1393751,5292525,1067009,4806359,2401626,1965115,1761184,2532792,1897240,1506762,12114567,6097596,1353719,1219962,3319102,2915369,13587854,7944665,1481962,4544686,2458977,4784208,5334908
2026-02-09,7162015,4667617,8094298,2210300,8557885,4808554,1700063,1415596,14968990,11168566,13215720,2842289,19237974,1399361,5313840,1071314,4825724,2411301,1973035,1768279,2542992,1904875,1512837,12163362,6122151,1359179,1224882,3332467,2927114,13642589,7976675,1487932,4562986,2468877,4803483,5356403
2026-02-10,7230991,4712545,8172238,2231576,8640289,4854850,1716443,1429240,15113134,11276098,13342980,2869649,19423230,1412825,5364996,1081646,4872200,2434521,1992043,1785307,2567472,1923199,1527417,12280470,6181083,1372283,1236690,3364543,2955302,13773953,8053499,1502260,4606906,2492637,4849743,5407991
2026-02-11,7198419,4691329,8135433,2221529,8601376,4832988,1708708,1422797,15045066,11225319,13282885,2856729,19335748,1406467,5340839,1076767,4850253,2423556,1983067,1777266,2555912,1914546,1520532,12225169,6153254,1366095,1231114,3349396,2941991,13711920,8017221,1495494,4586166,2481417,4827898,5383630
2026-02-12,7460911,4862305,8432038,2302496,8914969,5009170,1771043,1474720,15593614,11634538,13767180,2960849,20040613,1457705,5535516,1116086,5027120,2511921,2055403,1842067,2649072,1984279,1576017,12670830,6377523,1415963,1276050,3471463,3049262,14211833,8309442,1550020,4753306,2571837,5003943,5579951
2026-02-13,7382314,4811096,8343232,2278265,8821079,4956403,1752388,1459181,15429368,11511989,13622163,2929648,19829545,1442371,5477214,1104319,4974189,2485476,2033755,1822674,2621151,1963369,1559412,12537375,6310365,1401039,1262602,3434891,3017159,14062142,8221907,1533702,4703245,2544736,4951258,5521198
2026-02-17,7426405,4839823,8393050,2291858,8873749,4986004,1762853,1467898,15521506,11580736,13703514,2947151,19947949,1450973,5509920,1110920,5003882,2500311,2045899,1833553,2636814,1975099,1568727,12612240,6348039,1409411,1270146,3455407,3035168,14146115,8271012,1542856,4731328,2559939,4980813,5554157
2026-02-18,7444761,4851856,8413838,2297503,8895740,4998428,1767232,1471493,15559940,11609436,13737416,2954470,19997453,1454580,5523563,1113596,5016268,2506514,2050931,1838088,2643361,1980018,1572573,12643491,6363770,1412834,1273247,3463987,3042715,14181110,8291647,1546642,4743089,2566254,4993116,5567883
2026-02-19,7506137,4891856,8483182,2316447,8969084,5039644,1781792,1483621,15688196,11705148,13850664,2978822,20162285,1466580,5569099,1122780,5057612,2527186,2067827,1853224,2665153,1996338,1585533,12747715,6416218,1424482,1283743,3492531,3067803,14298006,8359999,1559378,4782193,2587406,5034268,5613771
2026-02-20,7517645,4899356,8496184,2319999,8982836,5047372,1784522,1485895,15712244,11723094,13871898,2983388,20193191,1468830,5577637,1124502,5065364,2531062,2070995,1856062,2669239,1999398,1587963,12767257,6426052,1426666,1285711,3497883,3072507,14319924,8372815,1561766,4789525,2591372,5041984,5622375
2026-02-23,7521481,4901856,8500518,2321183,8987420,5049948,1785432,1486653,15720260,11729076,13878976,2984910,20203493,1469580,5580483,1125076,5067948,2532354,2072051,1857008,2670601,2000418,1588773,12773771,6429330,1427394,1286367,3499667,3074075,14327230,8377087,1562562,4791969,2592694,5044556,5625243
2026-02-24,7557923,4925606,8541691,2332431,9030949,5074420,1794077,1493854,15796412,11785905,13946217,2999369,20301362,1476705,5607520,1130529,5092496,2544628,2082083,1865995,2683540,2010108,1596468,12835654,6460471,1434310,1292599,3516615,3088971,14396637,8417671,1570124,4815187,2605253,5068990,5652489
2026-02-25,7492711,4883106,8468013,2312303,8953055,5030628,1778607,1480968,15660140,11684211,13825891,2973495,20126228,1463955,5559138,1120771,5048568,2522664,2064131,1849913,2660386,1992768,1582698,12724916,6404745,1421934,1281447,3486287,3062315,14272435,8345047,1556592,4773639,2582779,5025266,5603733
2026-02-26,7379549,4809356,8340160,2277375,8817886,4954636,1751762,1458607,15423668,11507742,13617090,2928596,19822319,1441830,5475181,1103838,4972340,2484550,2032979,1822006,2620207,1962678,1558803,12532753,6308044,1400458,1262095,3433659,3016059,14056908,8219023,1533110,4701541,2543780,4949392,5519127
2026-02-27,7465859,4865606,8437675,2304015,8920981,5012596,1772237,1475662,15604028,11642337,13776345,2962841,20054114,1458705,5539216,1116753,5030480,2513620,2056739,1843291,2650852,1985628,1577028,12679318,6381799,1416838,1276855,3473799,3051339,14221293,8315143,1551020,4756531,2573525,5007262,5583657
2026-03-02,7402565,4824356,8366164,2284479,8845378,4970092,1757222,1463155,15471764,11543634,13659558,2937728,19884131,1446330,5492257,1107282,4987844,2492302,2039315,1827682,2628379,1968798,1563663,12571837,6327712,1404826,1266031,3444363,3025467,14100744,8244655,1537886,4716205,2551712,4964824,5536335
2026-03-03,7414073,4831856,8379172,2288031,8859130,4977820,1759952,1465429,15495818,11561580,13680792,2942294,19915043,1448580,5500795,1109004,4995596,2496178,2042483,1830526,2632465,1971858,1566093,12591379,6337546,1407010,1267999,3449715,3030171,14122662,8257471,1540274,4723537,2555678,4972540,5544939
2026-03-04,7554087,4923106,8537436,2331247,9026446,5071844,1793167,1493096,15788475,11779923,13939139,2997847,20291139,1475955,5604674,1129955,5089912,2543336,2081027,1865128,2682178,2009088,1595658,12829140,6457193,1433582,1291943,3514831,3087403,14389331,8413399,1569328,4812743,2603931,5066418,5649621
2026-03-05,7531071,4908106,8511420,2324143,8998942,5056388,1787707,1488548,15740367,11744031,13896671,2988715,20229315,1471455,5587598,1126511,5074408,2535584,2074691,1859440,2674006,2002968,1590798,12790056,6437525,1429214,1288007,3504127,3077995,14345495,8387767,1564552,4798079,2595999,5050986,5632413
2026-03-06,7506534,4892115,8483628,2316559,8969538,5039886,1781916,1483709,15689029,11705759,13851413,2978995,20163377,1466631,5569399,1122828,5057913,2527297,2067975,1853310,2665294,1996454,1585631,12748423,6416606,1424556,1283814,3492759,3067953,14298810,8360460,1559508,4782444,2587557,5034572,5614113
2026-03-09,7377894,4808298,8338238,2276895,8815840,4953523,1751364,1458316,15420225,11505161,13614099,2927941,19817858,1441506,5473991,1103599,4971215,2484015,2032532,1821552,2619600,1962217,1558429,12530003,6306659,1400168,1261838,3432928,3015358,14053791,8217214,1532775,4700503,2543203,4948276,5517901
2026-03-10,7489254,4880856,8464098,2311231,8948892,5028285,1777812,1480298,15652921,11678813,13819593,2972137,20116964,1463256,5556583,1120245,5046267,2521483,2063214,1849044,2659156,1991855,1581977,12719083,6401837,1421280,1280862,3484722,3060888,14265897,8341218,1555917,4771437,2581599,5022980,5601189
2026-03-11,7518054,4899621,8496648,2320111,8983302,5047620,1784652,1485983,15713101,11723723,13872738,2983567,20194319,1468881,5577943,1124550,5065677,2531173,2071149,1856154,2669386,1999520,1588067,12767983,6426452,1426740,1285782,3498117,3072663,14320752,8373288,1561902,4789782,2591529,5042300,5622729
2026-03-12,7525734,4904625,8505328,2322479,8992478,5052776,1786476,1487499,15729149,11735699,13886906,2986615,20214947,1470381,5583639,1125698,5070853,2533757,2073265,1858050,2672114,2001564,1589691,12781023,6433016,1428196,1287094,3501689,3075803,14335380,8381840,1563498,4794674,2594177,5047452,5628473
2026-03-13,7527654,4905876,8507498,2323071,8994772,5054065,1786932,1487878,15733161,11738693,13890448,2987377,20220104,1470756,5585063,1125985,5072147,2534403,2073794,1858524,2672796,2002075,1590097,12784283,6434657,1428560,1287422,3502582,3076588,14339037,8383978,1563897,4795897,2594839,5048740,5629909
