date,eqr_shares,csgp_shares,exr_shares,eqix_shares,well_shares,psa_shares,bxp_shares,cpt_shares,doc_shares,pld_shares,irm_shares,hst_shares,invh_shares,sbac_shares,dlr_shares,frt_shares,cci_shares,reg_shares,avb_shares,maa_shares,spg_shares,ess_shares,amt_shares,wy_shares,are_shares,vtr_shares,kim_shares,vici_shares,udr_shares,o_shares,cbre_shares
2025-03-31,2346401,2893240,1455349,668149,4181871,1081810,997367,731181,4794570,6361864,2016847,4790854,3904622,738257,2172253,529520,2983416,1118657,975378,801255,2105325,440435,3207495,4982263,1055898,3001218,4669624,7237296,2063445,6008082,2029188
2025-04-01,2346401,2893240,1455349,668149,4181871,1081810,997367,731181,4794570,6361864,2016847,4790854,3904622,738257,2172253,529520,2983416,1118657,975378,801255,2105325,440435,3207495,4982263,1055898,3001218,4669624,7237296,2063445,6008082,2029188
2025-04-03,2334340,2878294,1447852,664646,4160196,1076288,989753,725592,4776570,6329011,2006397,4754281,3892040,732654,2161115,525510,2967994,1110138,970366,798626,2094500,439060,3190846,4944327,1051825,2985762,4634091,7199874,2055717,5977015,2018730
2025-04-07,2303842,2840666,1428946,655952,4105778,1062212,976781,716070,4714102,6246257,1980177,4691859,3841164,723040,2132871,518610,2929170,1095556,957670,788184,2067130,433310,3149124,4879559,1038071,2946754,4573417,7105758,2028853,5898861,1992326
2025-04-16,2313826,2854375,1435140,659187,4126062,1067402,986050,721875,4734511,6277120,1988766,4736253,3857793,728275,2143220,522560,2943430,1104611,961810,791589,2077194,435185,3164668,4914957,1042556,2959503,4603241,7139926,2037652,5927600,2001936
2025-04-22,2316482,2857651,1436788,659943,4130798,1068626,987182,722703,4739947,6284324,1991050,4741685,3862221,729111,2145680,523160,2946806,1105879,962914,792497,2079578,435685,3168300,4920597,1043752,2962899,4608521,7148118,2039992,5934404,2004232
2025-04-23,2334410,2879764,1447912,665046,4162766,1076888,994823,728292,4776640,6332951,2006467,4778351,3892110,734754,2162285,527210,2969594,1114438,970366,798626,2095670,439060,3192816,4958667,1051825,2985822,4644161,7203414,2055787,5980331,2019730
2025-04-25,2343706,2891230,1453680,667692,4179342,1081172,998785,731190,4795666,6358165,2014461,4797363,3907608,737680,2170895,529310,2981410,1118876,974230,801804,2104014,440810,3205528,4978407,1056011,2997708,4662641,7232086,2063977,6004145,2027766
2025-04-28,2348354,2896963,1456564,669015,4187630,1083314,1000766,732639,4805179,6370772,2018458,4806869,3915357,739143,2175200,530360,2987318,1121095,976162,803393,2108186,441685,3211884,4988277,1058104,3003651,4671881,7246422,2068072,6016052,2031784
2025-05-13,2348906,2896630,1457080,668992,4187542,1083272,998785,733290,4808349,6370665,2018961,4804646,3915908,739080,2174995,529310,2987093,1121976,976430,803504,2108014,441710,3211828,4987207,1058811,3004591,4670424,7245669,2069477,6015645,2031666
2025-05-14,2348906,2896630,1457080,668992,4187542,1083272,998785,733290,4808349,6370665,2018961,4804646,3915908,739080,2174995,529310,2987093,1121976,976430,803504,2108014,441710,3211828,4987207,1058811,3004591,4670424,7245669,2069477,6015645,2031666
2025-05-16,2348906,2896630,1457080,668992,4187542,1083272,998785,733290,4808349,6370665,2018961,4804646,3915908,739080,2174995,529310,2987093,1121976,976430,803504,2108014,441710,3211828,4987207,1058811,3004591,4670424,7245669,2069477,6015645,2031666
2025-05-19,2348906,2896630,1457080,668992,4187542,1083272,998785,733290,4808349,6370665,2018961,4804646,3915908,739080,2174995,529310,2987093,1121976,976430,803504,2108014,441710,3211828,4987207,1058811,3004591,4670424,7245669,2069477,6015645,2031666
2025-05-20,2348906,2896630,1457080,668992,4187542,1083272,998785,733290,4808349,6370665,2018961,4804646,3915908,739080,2174995,529310,2987093,1121976,976430,803504,2108014,441710,3211828,4987207,1058811,3004591,4670424,7245669,2069477,6015645,2031666
2025-05-21,2342838,2889002,1453236,667124,4176131,1080300,997989,730806,4792029,6353130,2013709,4788338,3906001,737172,2169115,528910,2979153,1118172,973918,800780,2102362,440210,3203009,4970264,1055200,2996791,4654572,7226558,2062457,5999410,2026255
2025-07-07,2363397,2915625,1466604,676011,4293046,1091104,1004991,737186,4793431,6412193,2039102,4786357,3940027,742672,2187764,535668,3009324,1127291,982731,809081,2120398,444973,3234918,5012907,1062261,3119029,4676224,7302863,2080129,6240781,2029356
2025-07-08,2363397,2915625,1466604,676011,4293046,1091104,1004991,737186,4793431,6412193,2039102,4786357,3940027,742672,2187764,535668,3009324,1127291,982731,809081,2120398,444973,3234918,5012907,1062261,3119029,4676224,7302863,2080129,6240781,2029356
2025-07-09,2354143,2904215,1460864,673365,4276246,1086834,1001057,734302,4774643,6387105,2031122,4767597,3924613,739760,2179196,533568,2997550,1122867,978881,805917,2112096,443237,3222262,4993293,1058103,3106821,4657926,7274289,2071981,6216365,2021418
2025-07-10,2354804,2905030,1461274,673554,4277446,1087139,1001338,734508,4775985,6388897,2031692,4768937,3925714,739968,2179808,533718,2998391,1123183,979156,806143,2112689,443361,3223166,4994694,1058400,3107693,4659233,7276330,2072563,6218109,2021985
2025-07-11,2358770,2909920,1463734,674688,4284646,1088969,1003024,735744,4784037,6399649,2035112,4776977,3932320,741216,2183480,534618,3003437,1125079,980806,807499,2116247,444105,3228590,5003100,1060182,3112925,4667075,7288576,2076055,6228573,2025387
2025-07-14,2358770,2909920,1463734,674688,4284646,1088969,1003024,735744,4784037,6399649,2035112,4776977,3932320,741216,2183480,534618,3003437,1125079,980806,807499,2116247,444105,3228590,5003100,1060182,3112925,4667075,7288576,2076055,6228573,2025387
2025-07-15,2358770,2909920,1463734,674688,4284646,1088969,1003024,735744,4784037,6399649,2035112,4776977,3932320,741216,2183480,534618,3003437,1125079,980806,807499,2116247,444105,3228590,5003100,1060182,3112925,4667075,7288576,2076055,6228573,2025387
2025-07-16,2365141,2918039,1467786,676579,4296991,1092053,1007470,738960,4805209,6418127,2040712,4798168,3942777,743206,2189693,536972,3011912,1130013,983484,809648,2122245,445328,3237941,5016450,1064887,3121464,4679077,7308859,2085223,6246276,2031057
2025-07-17,2365141,2918039,1467786,676579,4296991,1092053,1007470,738960,4805209,6418127,2040712,4798168,3942777,743206,2189693,536972,3011912,1130013,983484,809648,2122245,445328,3237941,5016450,1064887,3121464,4679077,7308859,2085223,6246276,2031057
2025-07-18,2394886,2954714,1486236,685084,4350991,1105778,1020115,748230,4865599,6498812,2066362,4858468,3992322,752566,2217233,543722,3049757,1144233,995859,819818,2148930,450908,3278666,5079495,1078252,3160704,4737892,7400749,2111458,6324801,2056572
2025-07-21,2400174,2961234,1489516,686596,4360591,1108218,1022363,749878,4876335,6513156,2070922,4869188,4001130,754230,2222129,544922,3056485,1146761,998059,821626,2153674,451900,3285906,5090703,1080628,3167680,4748348,7417085,2116122,6338761,2061108
2025-07-22,2400174,2961234,1489516,686596,4360591,1108218,1022363,749878,4876335,6513156,2070922,4869188,4001130,754230,2222129,544922,3056485,1146761,998059,821626,2153674,451900,3285906,5090703,1080628,3167680,4748348,7417085,2116122,6338761,2061108
2025-07-23,2396208,2956344,1487056,685462,4353391,1106388,1020677,748642,4868283,6502398,2067502,4861148,3994524,752982,2218457,544022,3051439,1144865,996409,820270,2150116,451156,3280476,5082297,1078846,3162448,4740506,7404833,2112624,6328291,2057706
2025-07-24,2396208,2956344,1487056,685462,4353391,1106388,1020677,748642,4868283,6502398,2067502,4861148,3994524,752982,2218457,544022,3051439,1144865,996409,820270,2150116,451156,3280476,5082297,1078846,3162448,4740506,7404833,2112624,6328291,2057706
2025-07-25,2400174,2961234,1489516,686596,4360591,1108218,1022363,749878,4876335,6513156,2070922,4869188,4001130,754230,2222129,544922,3056485,1146761,998059,821626,2153674,451900,3285906,5090703,1080628,3167680,4748348,7417085,2116122,6338761,2061108
2025-07-28,2396208,2956344,1487056,685462,4353391,1106388,1020677,748642,4868283,6502398,2067502,4861148,3994524,752982,2218457,544022,3051439,1144865,996409,820270,2150116,451156,3280476,5082297,1078846,3162448,4740506,7404833,2112624,6328291,2057706
2025-07-29,2396208,2956344,1487056,685462,4353391,1106388,1020677,748642,4868283,6502398,2067502,4861148,3994524,752982,2218457,544022,3051439,1144865,996409,820270,2150116,451156,3280476,5082297,1078846,3162448,4740506,7404833,2112624,6328291,2057706
2025-07-30,2390259,2949009,1483366,683761,4342591,1103643,1018148,746788,4856205,6486261,2062372,4849088,3984615,751110,2212949,542672,3043870,1142021,993934,818236,2144779,450040,3272331,5069688,1076173,3154600,4728743,7386455,2107377,6312586,2052603
2025-07-31,2392903,2952269,1485006,684517,4347391,1104863,1019272,747612,4861573,6493433,2064652,4854448,3989019,751942,2215397,543272,3047234,1143285,995034,819140,2147151,450536,3275951,5075292,1077361,3158088,4733971,7394623,2109709,6319566,2054871
2025-08-01,2396869,2957159,1487466,685651,4354591,1106693,1020958,748848,4869625,6504191,2068072,4862488,3995625,753190,2219069,544172,3052280,1145181,996684,820496,2150709,451280,3281381,5083698,1079143,3163320,4741813,7406875,2113207,6330036,2058273
2025-08-04,2391581,2950639,1484186,684139,4344983,1104253,1018702,747200,4858881,6489847,2063512,4851760,3986809,751526,2214173,542972,3045544,1142653,994484,818688,2145965,450288,3274141,5072482,1076759,3156344,4731357,7390539,2108543,6316076,2053729
2025-08-05,2390920,2949824,1483776,683950,4343782,1103948,1018420,746994,4857538,6488054,2062942,4850419,3985707,751318,2213561,542822,3044702,1142337,994209,818462,2145372,450164,3273236,5071080,1076461,3155472,4730050,7388497,2107960,6314331,2053161
2025-08-06,2419343,2984869,1501406,692077,4395425,1117063,1030546,755852,4915287,6565153,2087452,4908082,4033093,760262,2239877,549272,3080908,1155925,1006034,828180,2170871,455496,3312151,5131366,1089275,3192968,4786251,7476303,2133029,6389366,2077585
2025-08-07,2406123,2968569,1493206,688297,4371405,1110963,1024906,751732,4888427,6529293,2076052,4881262,4011053,756102,2227637,546272,3064068,1149605,1000534,823660,2159011,453016,3294051,5103326,1083315,3175528,4760111,7435463,2121369,6354466,2066225
2025-08-08,2406123,2968569,1493206,688297,4371405,1110963,1024906,751732,4888427,6529293,2076052,4881262,4011053,756102,2227637,546272,3064068,1149605,1000534,823660,2159011,453016,3294051,5103326,1083315,3175528,4760111,7435463,2121369,6354466,2066225
2025-08-11,2395547,2957329,1487646,685673,4354389,1106683,1020394,748436,4866939,6503905,2068332,4859806,3993421,753274,2219045,543872,3052396,1144549,996734,820044,2150723,451032,3281171,5080894,1078547,3163576,4739199,7407291,2112041,6330046,2058337
2025-08-12,2395547,2957329,1487646,685673,4354389,1106683,1020394,748436,4866939,6503905,2068332,4859806,3993421,753274,2219045,543872,3052396,1144549,996734,820044,2150723,451032,3281171,5080894,1078547,3163576,4739199,7407291,2112041,6330046,2058337
2025-08-13,2395547,2957329,1487646,685673,4354389,1106683,1020394,748436,4866939,6503905,2068332,4859806,3993421,753274,2219045,543872,3052396,1144549,996734,820044,2150723,451032,3281171,5080894,1078547,3163576,4739199,7407291,2112041,6330046,2058337
2025-08-14,2395547,2957329,1487646,685673,4354389,1106683,1020394,748436,4866939,6503905,2068332,4859806,3993421,753274,2219045,543872,3052396,1144549,996734,820044,2150723,451032,3281171,5080894,1078547,3163576,4739199,7407291,2112041,6330046,2058337
2025-08-15,2395547,2957329,1487646,685673,4354389,1106683,1020394,748436,4866939,6503905,2068332,4859806,3993421,753274,2219045,543872,3052396,1144549,996734,820044,2150723,451032,3281171,5080894,1078547,3163576,4739199,7407291,2112041,6330046,2058337
2025-08-18,2395547,2957329,1487646,685673,4354389,1106683,1020394,748436,4866939,6503905,2068332,4859806,3993421,753274,2219045,543872,3052396,1144549,996734,820044,2150723,451032,3281171,5080894,1078547,3163576,4739199,7407291,2112041,6330046,2058337
2025-08-19,2395547,2957329,1487646,685673,4354389,1106683,1020394,748436,4866939,6503905,2068332,4859806,3993421,753274,2219045,543872,3052396,1144549,996734,820044,2150723,451032,3281171,5080894,1078547,3163576,4739199,7407291,2112041,6330046,2058337
2025-08-20,2453054,3028321,1523316,702116,4458876,1133218,1044928,766445,4983780,6659983,2118009,4976473,4089295,771370,2272289,556922,3125650,1172041,1020659,839706,2202314,461820,3359906,5202868,1104473,3239527,4852995,7585032,2162762,6481948,2107753
2025-08-21,2388932,2946989,1482490,683238,4339268,1102908,1016164,745331,4846788,6481289,2059863,4839685,3982685,750154,2211365,541622,3041766,1139809,993309,817854,2143222,449866,3269790,5067058,1074077,3152581,4726673,7381640,2103296,6308050,2051117
2025-08-22,2388932,2946989,1482490,683238,4339268,1102908,1016164,745331,4846788,6481289,2059863,4839685,3982685,750154,2211365,541622,3041766,1139809,993309,817854,2143222,449866,3269790,5067058,1074077,3152581,4726673,7381640,2103296,6308050,2051117
2025-08-25,2398862,2959229,1488655,686073,4357298,1107483,1020394,748436,4866948,6508214,2068428,4859815,3999230,753274,2220545,543872,3054396,1144549,997434,821244,2152132,451741,3283380,5088103,1078547,3165676,4746308,7412300,2112041,6334255,2059637
2025-08-26,2398862,2959229,1488655,686073,4357298,1107483,1020394,748436,4866948,6508214,2068428,4859815,3999230,753274,2220545,543872,3054396,1144549,997434,821244,2152132,451741,3283380,5088103,1078547,3165676,4746308,7412300,2112041,6334255,2059637
2025-08-27,2398862,2959229,1488655,686073,4357298,1107483,1020394,748436,4866948,6508214,2068428,4859815,3999230,753274,2220545,543872,3054396,1144549,997434,821244,2152132,451741,3283380,5088103,1078547,3165676,4746308,7412300,2112041,6334255,2059637
2025-08-28,2427328,2994317,1506328,694200,4408984,1120598,1032520,757337,4924740,6585399,2092981,4917521,4046659,762218,2246861,550322,3090602,1158137,1009259,830962,2177674,457116,3322338,5148432,1091361,3203215,4802595,7500192,2137110,6409376,2084061
2025-08-29,2427328,2994317,1506328,694200,4408984,1120598,1032520,757337,4924740,6585399,2092981,4917521,4046659,762218,2246861,550322,3090602,1158137,1009259,830962,2177674,457116,3322338,5148432,1091361,3203215,4802595,7500192,2137110,6409376,2084061
2025-09-02,2440568,3010637,1514548,697980,4433024,1126698,1038160,761477,4951620,6621299,2104401,4944361,4068719,766378,2259101,553322,3107442,1164457,1014759,835482,2189554,459616,3340458,5176492,1097321,3220675,4828775,7541072,2148770,6444316,2095421
2025-09-03,2437258,3006557,1512493,697035,4427014,1125168,1036750,760442,4944900,6612319,2101546,4937646,4063204,765338,2256036,552572,3103227,1162877,1013384,834347,2186584,458991,3335928,5169472,1095831,3216310,4822230,7530847,2145855,6435576,2092581
2025-09-04,2449836,3022061,1520302,700626,4449852,1130982,1042108,764375,4970436,6646443,2112395,4963163,4084161,769290,2267683,555422,3119244,1168881,1018609,838660,2197870,461366,3353142,5196148,1101493,3232897,4847101,7569702,2156932,6468788,2103373
2025-09-05,2445864,3017165,1517836,699492,4442640,1129146,1040416,763133,4962372,6635667,2108969,4955105,4077543,768042,2264005,554522,3114186,1166985,1016959,837298,2194306,460616,3347706,5187724,1099705,3227659,4839247,7557432,2153434,6458300,2099965
2025-09-08,2443216,3013897,1516192,698736,4437832,1127922,1039288,762305,4956992,6628483,2106685,4949733,4073131,767210,2261553,553922,3110814,1165721,1015859,836390,2191930,460116,3344082,5182108,1098513,3224163,4834011,7549252,2151098,6451308,2097693
2025-09-09,2446526,3017982,1518247,699681,4443842,1129452,1040698,763340,4963717,6637463,2109540,4956448,4078646,768250,2264618,554672,3115029,1167301,1017234,837525,2194900,460741,3348612,5189128,1100003,3228533,4840556,7559477,2154018,6460048,2100533
2025-09-10,2454470,3027786,1523179,701949,4458278,1133124,1044082,765824,4979869,6659027,2116392,4972576,4091894,770746,2271974,556472,3125145,1171093,1020534,840249,2202028,462241,3359496,5205988,1103579,3239021,4856276,7584041,2161026,6481036,2107361
2025-09-11,2454470,3027786,1523179,701949,4458278,1133124,1044082,765824,4979869,6659027,2116392,4972576,4091894,770746,2271974,556472,3125145,1171093,1020534,840249,2202028,462241,3359496,5205988,1103579,3239021,4856276,7584041,2161026,6481036,2107361
2025-09-12,2520670,3109486,1564279,720849,4578578,1163724,1072282,786524,5114469,6838727,2173492,5106976,4202294,791546,2333274,571472,3209445,1202693,1048034,862949,2261428,474741,3450196,5346488,1133379,3326421,4987276,7788741,2219426,6655936,2164261
2025-09-15,2456456,3030237,1524412,702516,4461887,1134042,1044928,766445,4983907,6664418,2118105,4976608,4095206,771370,2273813,556922,3127674,1172041,1021359,840930,2203810,462616,3362217,5210203,1104473,3241643,4860206,7590182,2162778,6486283,2109068
2025-09-16,2456456,3030237,1524412,702516,4461887,1134042,1044928,766445,4983907,6664418,2118105,4976608,4095206,771370,2273813,556922,3127674,1172041,1021359,840930,2203810,462616,3362217,5210203,1104473,3241643,4860206,7590182,2162778,6486283,2109068
2025-09-17,2464419,3040065,1529356,704796,4476354,1137721,1048324,768929,5000090,6686032,2124976,4992767,4108485,773873,2281188,558734,3137821,1175845,1024671,843654,2210957,464116,3373120,5227094,1108061,3252155,4875969,7614796,2169798,6507321,2115908
2025-09-18,2464419,3040065,1529356,704796,4476354,1137721,1048324,768929,5000090,6686032,2124976,4992767,4108485,773873,2281188,558734,3137821,1175845,1024671,843654,2210957,464116,3373120,5227094,1108061,3252155,4875969,7614796,2169798,6507321,2115908
2025-09-19,2756387,3360145,1683404,619540,4234230,1208637,1168152,847461,5511634,5875360,2342448,5071351,4472973,851621,2029588,622586,3453801,1295953,1127911,928562,2066937,510820,2964444,5722494,1234633,3604563,5371101,8457716,2391482,5869233,2145656
2025-09-22,2758610,3362854,1684763,620041,4237644,1209612,1169094,848145,5516080,5880097,2344338,5075440,4476579,852308,2031226,623087,3456585,1296997,1128820,929312,2068605,511231,2966835,5727108,1235629,3607470,5375433,8464538,2393411,5873967,2147387
2025-09-23,2762315,3367369,1687028,620876,4243334,1211237,1170664,849285,5523490,5887992,2347488,5082255,4482589,853453,2033956,623922,3461225,1298737,1130335,930562,2071385,511916,2970820,5734798,1237289,3612315,5382653,8475908,2396626,5881857,2150272
2025-09-24,2760833,3365563,1686122,620542,4241058,1210587,1170036,848829,5520526,5884834,2346228,5079529,4480185,852995,2032864,623588,3459369,1298041,1129729,930062,2070273,511642,2969226,5731722,1236625,3610377,5379765,8471360,2395340,5878701,2149118
2025-09-25,2762315,3367369,1687028,620876,4243334,1211237,1170664,849285,5523490,5887992,2347488,5082255,4482589,853453,2033956,623922,3461225,1298737,1130335,930562,2071385,511916,2970820,5734798,1237289,3612315,5382653,8475908,2396626,5881857,2150272
2025-09-26,2763797,3369177,1687934,621210,4245612,1211887,1171292,849741,5526454,5891152,2348748,5084983,4484995,853911,2035048,624256,3463083,1299435,1130941,931062,2072497,512190,2972414,5737876,1237953,3614253,5385541,8480458,2397912,5885013,2151426
2025-09-29,2767415,3372969,1690028,621876,4249734,1213237,1170664,849285,5523490,5896992,2351588,5082255,4482589,855053,2037256,623922,3466925,1298737,1132335,930562,2074685,511916,2975320,5746098,1237289,3618515,5382653,8490208,2396626,5891457,2153772
2025-09-30,2767415,3372969,1690028,622376,4253334,1214237,1174364,851985,5540190,5902092,2351588,5082255,4495489,855053,2039056,623922,3469925,1302737,1132335,933162,2076485,513316,2977920,5746098,1240989,3618515,5398453,8490208,2396626,5896557,2155672
2025-10-01,2767415,3372969,1690028,622376,4253334,1214237,1174364,851985,5540190,5902092,2351588,5082255,4495489,855053,2039056,623922,3469925,1302737,1132335,933162,2076485,513316,2977920,5746098,1240989,3618515,5398453,8490208,2396626,5896557,2155672
2025-10-02,2770387,3376593,1691844,623044,4257898,1215541,1175624,852897,5546130,5908424,2354112,5087723,4500313,855973,2041244,624594,3473649,1304133,1133551,934162,2078713,513868,2981116,5752266,1242321,3622399,5404245,8499324,2399206,5902885,2157984
2025-10-03,2770387,3376593,1691844,623044,4257898,1215541,1175624,852897,5546130,5908424,2354112,5087723,4500313,855973,2041244,624594,3473649,1304133,1133551,934162,2078713,513868,2981116,5752266,1242321,3622399,5404245,8499324,2399206,5902885,2157984
2025-10-06,2770387,3376593,1691844,623044,4257898,1215541,1175624,852897,5546130,5908424,2354112,5087723,4500313,855973,2041244,624594,3473649,1304133,1133551,934162,2078713,513868,2981116,5752266,1242321,3622399,5404245,8499324,2399206,5902885,2157984
2025-10-07,2770387,3376593,1691844,623044,4257898,1215541,1175624,852897,5546130,5908424,2354112,5087723,4500313,855973,2041244,624594,3473649,1304133,1133551,934162,2078713,513868,2981116,5752266,1242321,3622399,5404245,8499324,2399206,5902885,2157984
2025-10-08,2770387,3376593,1691844,623044,4257898,1215541,1175624,852897,5546130,5908424,2354112,5087723,4500313,855973,2041244,624594,3473649,1304133,1133551,934162,2078713,513868,2981116,5752266,1242321,3622399,5404245,8499324,2399206,5902885,2157984
2025-10-09,2784504,3393807,1700470,626217,4279577,1221735,1181609,857229,5574345,5938501,2366101,5113696,4523208,860343,2051637,627786,3491338,1310764,1139327,938912,2089296,516490,2996297,5781564,1248648,3640848,5431757,8542625,2411461,5932943,2168966
2025-10-10,2799364,3411927,1709550,629557,4302397,1228255,1187909,861789,5604065,5970181,2378721,5141036,4547328,864943,2062577,631146,3509958,1317744,1145407,943912,2100436,519250,3012277,5812404,1255308,3660288,5460717,8588225,2424361,5964583,2180526
2025-10-13,2799364,3411927,1709550,629557,4302397,1228255,1187909,861789,5604065,5970181,2378721,5141036,4547328,864943,2062577,631146,3509958,1317744,1145407,943912,2100436,519250,3012277,5812404,1255308,3660288,5460717,8588225,2424361,5964583,2180526
2025-10-14,2799364,3411927,1709550,629557,4302397,1228255,1187909,861789,5604065,5970181,2378721,5141036,4547328,864943,2062577,631146,3509958,1317744,1145407,943912,2100436,519250,3012277,5812404,1255308,3660288,5460717,8588225,2424361,5964583,2180526
2025-10-15,2777074,3384747,1695930,624547,4268167,1218475,1178459,854949,5559485,5922661,2359791,5100026,4511148,858043,2046167,626106,3482028,1307274,1136287,936412,2083726,515110,2988307,5766144,1245318,3631128,5417277,8519825,2405011,5917123,2163186
2025-10-16,2795649,3407397,1707280,628722,4296692,1226625,1186334,860649,5596635,5962261,2375566,5134201,4541298,863793,2059842,630306,3505303,1315999,1143887,942662,2097651,518560,3008282,5804719,1253643,3655428,5453477,8576825,2421136,5956673,2177636
2025-10-17,2786733,3396525,1701832,626718,4283000,1222713,1182554,857913,5578803,5943253,2367994,5117797,4526826,861033,2053278,628290,3494131,1311811,1140239,939662,2090967,516904,2998694,5786203,1249647,3643764,5436101,8549465,2413396,5937689,2170700
2025-10-20,2793889,3405877,1706400,627982,4291864,1225105,1184134,858989,5586715,5955381,2374438,5140461,4533978,863293,2057202,631146,3500883,1313619,1143307,941162,2095111,517800,3004802,5800459,1251483,3653688,5444217,8572925,2424036,5949233,2174876
2025-10-21,2800576,3414031,1710486,629485,4302142,1228039,1186969,861041,5600089,5969637,2380126,5152764,4544832,865363,2062125,632658,3509262,1316760,1146043,943412,2100124,519042,3011993,5814346,1254480,3662436,5457249,8593445,2429841,5963471,2180078
2025-10-22,2814693,3431245,1719112,632658,4323840,1234233,1192954,865373,5628323,5999733,2392134,5178737,4567746,869733,2072518,635850,3526951,1323391,1151819,948162,2110707,521664,3027174,5843663,1260807,3680904,5484761,8636765,2442096,5993529,2191060
2025-10-23,2809492,3424903,1715934,631489,4315846,1231951,1190749,863777,5617921,5988645,2387710,5169168,4559304,868123,2068689,634674,3520434,1320948,1149691,946412,2106808,520698,3021581,5832862,1258476,3674100,5474625,8620805,2437581,5982455,2187014
2025-10-24,2809492,3424903,1715934,631489,4315846,1231951,1190749,863777,5617921,5988645,2387710,5169168,4559304,868123,2068689,634674,3520434,1320948,1149691,946412,2106808,520698,3021581,5832862,1258476,3674100,5474625,8620805,2437581,5982455,2187014
2025-10-27,2809492,3424903,1715934,631489,4315846,1231951,1190749,863777,5617921,5988645,2387710,5169168,4559304,868123,2068689,634674,3520434,1320948,1149691,946412,2106808,520698,3021581,5832862,1258476,3674100,5474625,8620805,2437581,5982455,2187014
2025-10-28,2768627,3375073,1690964,622304,4253036,1214021,1173424,851237,5536191,5901525,2352950,5093983,4492974,855473,2038604,625434,3469229,1301753,1132971,932662,2076173,513108,2977636,5747997,1240161,3620640,5394985,8495405,2402106,5895445,2155224
2025-10-29,2778286,3386851,1696866,624475,4267882,1218259,1177519,854201,5555509,5922117,2361166,5111754,4508652,858463,2045715,627618,3481332,1306290,1136923,935912,2083414,514902,2988023,5768056,1244490,3633276,5413809,8525045,2410491,5916011,2162738
2025-10-30,2775314,3383227,1695050,623807,4263314,1216955,1176259,853289,5549565,5915781,2358638,5106286,4503828,857543,2043527,626946,3477608,1304894,1135707,934912,2081186,514350,2984827,5761884,1243158,3629388,5408017,8515925,2407911,5909683,2160426
2025-10-31,2775314,3383227,1695050,623807,4263314,1216955,1176259,853289,5549565,5915781,2358638,5106286,4503828,857543,2043527,626946,3477608,1304894,1135707,934912,2081186,514350,2984827,5761884,1243158,3629388,5408017,8515925,2407911,5909683,2160426
2025-11-03,2758225,3362389,1684608,619966,4237048,1209457,1169014,848059,5515387,5879349,2344102,5074845,4476090,852253,2030946,623082,3456195,1296867,1128715,929162,2068375,511176,2966450,5726395,1235499,3607032,5374713,8463499,2393076,5873311,2147146
2025-11-04,2758225,3362389,1684608,619966,4237048,1209457,1169014,848059,5515387,5879349,2344102,5074845,4476090,852253,2030946,623082,3456195,1296867,1128715,929162,2068375,511176,2966450,5726395,1235499,3607032,5374713,8463499,2393076,5873311,2147146
2025-11-05,2745594,3346987,1676890,617127,4217634,1203915,1163659,844166,5490125,5852421,2333358,5051606,4455588,848343,2021647,620226,3440368,1290934,1123547,924912,2058906,508830,2952867,5700164,1229838,3590508,5350097,8424722,2382111,5846400,2137303
2025-11-06,2734449,3333397,1670080,614622,4200504,1199025,1158934,840731,5467835,5828661,2323878,5031101,4437498,844893,2013442,617706,3426403,1285699,1118987,921162,2050551,506760,2940882,5677019,1224843,3575928,5328377,8390507,2372436,5822655,2128618
2025-11-07,2717360,3312559,1659638,610781,4174238,1191527,1151689,835464,5433657,5792229,2309342,4999660,4409760,839603,2000861,613842,3404990,1277672,1111995,915412,2037740,503586,2922505,5641530,1217184,3553572,5295073,8338044,2357601,5786246,2115301
2025-11-10,2721075,3317089,1661908,611616,4179948,1193157,1153264,836609,5441087,5800149,2312502,5006495,4415790,840753,2003596,614682,3409645,1279417,1113515,916662,2040525,504276,2926500,5649245,1218849,3558432,5302313,8349449,2360826,5794161,2118196
2025-11-11,2715131,3309841,1658276,610280,4170812,1190549,1150744,834777,5429199,5787477,2307446,4995559,4406142,838913,1999220,613338,3402197,1276625,1111083,914662,2036069,503172,2920108,5636901,1216185,3550656,5290729,8331201,2355666,5781497,2113564
2025-11-12,2715131,3309841,1658276,610280,4170812,1190549,1150744,834777,5429199,5787477,2307446,4995559,4406142,838913,1999220,613338,3402197,1276625,1111083,914662,2036069,503172,2920108,5636901,1216185,3550656,5290729,8331201,2355666,5781497,2113564
2025-11-13,2712899,3307123,1656914,609779,4167386,1189571,1149799,834090,5424738,5782722,2305550,4991455,4402521,838223,1997579,612834,3399401,1275575,1110171,913912,2034395,502758,2917708,5632269,1215186,3547740,5286382,8324358,2353731,5776748,2111827
2025-11-14,2735831,3334791,1670826,614855,4201862,1199499,1158619,840502,5466374,5830502,2324846,5029759,4439917,845263,2014195,617538,3427697,1285375,1119483,920912,2051219,507022,2941808,5680201,1224510,3577356,5326954,8393926,2371791,5824772,2129439
2025-11-17,2723927,3320279,1663562,612183,4183590,1194283,1153579,836838,5442582,5805142,2314734,5007871,4420605,841583,2005427,614850,3412785,1279775,1114619,916896,2042291,504814,2929008,5655497,1219182,3561804,5303770,8357414,2361471,5799444,2120175
2025-11-18,2723927,3320279,1663562,612183,4183590,1194283,1153579,836838,5442582,5805142,2314734,5007871,4420605,841583,2005427,614850,3412785,1279775,1114619,916896,2042291,504814,2929008,5655497,1219182,3561804,5303770,8357414,2361471,5799444,2120175
2025-11-19,2718719,3313930,1660384,611174,4176896,1192001,1152874,836335,5438973,5795847,2310310,5004695,4412156,839973,2001591,613674,3406261,1278925,1112491,916239,2039085,503848,2924308,5644689,1216851,3554993,5300027,8341440,2360056,5790156,2116122
2025-11-20,2718719,3313930,1660384,611174,4176896,1192001,1152874,836335,5438973,5795847,2310310,5004695,4412156,839973,2001591,613674,3406261,1278925,1112491,916239,2039085,503848,2924308,5644689,1216851,3554993,5300027,8341440,2360056,5790156,2116122
2025-11-21,2710535,3303953,1655390,609337,4164323,1188415,1149409,833816,5422605,5778401,2303358,4989636,4398879,837443,1995563,611826,3396009,1275075,1109147,913478,2032947,502330,2915508,5627694,1213188,3544290,5284077,8316327,2352961,5772732,2109753
2025-11-24,2712767,3306674,1656752,609838,4167752,1189393,1150354,834503,5427069,5783159,2305254,4993743,4402500,838133,1997207,612330,3398805,1276125,1110059,914231,2034621,502744,2917908,5632329,1214187,3547209,5288427,8323176,2354896,5777484,2111490
2025-11-25,2714999,3309395,1658114,610339,4171181,1190371,1151299,835190,5431533,5787917,2307150,4997850,4406121,838823,1998851,612834,3401601,1277175,1110971,914984,2036295,503158,2920308,5636964,1215186,3550128,5292777,8330025,2356831,5782236,2113227
2025-11-26,2734343,3332977,1669918,614681,4200899,1198847,1159489,841144,5470221,5829153,2323582,5033444,4437503,844803,2013099,617202,3425833,1286275,1118875,921510,2050803,506746,2941108,5677134,1223844,3575426,5330477,8389383,2373601,5823420,2128281
2025-11-28,2701607,3293069,1649942,607333,4150607,1184503,1145629,831068,5404749,5759369,2295774,4973208,4384395,834683,1988987,609810,3384825,1270875,1105499,910466,2026251,500674,2905908,5609154,1209192,3532614,5266677,8288931,2345221,5753724,2102805
2025-12-01,2701607,3293069,1649942,607333,4150607,1184503,1145629,831068,5404749,5759369,2295774,4973208,4384395,834683,1988987,609810,3384825,1270875,1105499,910466,2026251,500674,2905908,5609154,1209192,3532614,5266677,8288931,2345221,5753724,2102805
2025-12-02,2700863,3292162,1649487,607166,4149464,1184177,1145314,830839,5403261,5757783,2295142,4971839,4383187,834453,1988439,609642,3383892,1270525,1105194,910215,2025693,500536,2905108,5607609,1208859,3531641,5265227,8286647,2344575,5752139,2102226
2025-12-03,2693423,3283092,1644937,605496,4138034,1180917,1142164,828549,5388381,5741923,2288822,4958149,4371107,832153,1982959,607962,3374562,1267025,1102144,907705,2020113,499156,2897108,5592159,1205529,3521911,5250727,8263807,2338115,5736289,2096436
2025-12-04,2686727,3274929,1640842,603993,4127747,1177983,1139329,826488,5374989,5727649,2283134,4945828,4360235,830083,1978027,606450,3366165,1263875,1099399,905446,2015091,497914,2889908,5578254,1202532,3513154,5237677,8243251,2332301,5722024,2091225
2025-12-05,2690447,3279464,1643117,604828,4133462,1179613,1140904,827633,5382429,5735579,2286294,4952673,4366275,831233,1980767,607290,3370830,1265625,1100924,906701,2017881,498604,2893908,5585979,1204197,3518019,5244927,8254671,2335531,5729949,2094120
2025-12-08,2684495,3272208,1639477,603492,4124318,1177005,1138384,825801,5370525,5722891,2281238,4941721,4356611,829393,1976383,605946,3363366,1262825,1098484,904693,2013417,497500,2887508,5573619,1201533,3510235,5233327,8236399,2330363,5717269,2089488
2025-12-09,2684495,3272208,1639477,603492,4124318,1177005,1138384,825801,5370525,5722891,2281238,4941721,4356611,829393,1976383,605946,3363366,1262825,1098484,904693,2013417,497500,2887508,5573619,1201533,3510235,5233327,8236399,2330363,5717269,2089488
2025-12-10,2684495,3272208,1639477,603492,4124318,1177005,1138384,825801,5370525,5722891,2281238,4941721,4356611,829393,1976383,605946,3363366,1262825,1098484,904693,2013417,497500,2887508,5573619,1201533,3510235,5233327,8236399,2330363,5717269,2089488
2025-12-11,2703095,3294883,1650852,607667,4152893,1185155,1146259,831526,5407725,5762566,2297063,4975946,4386811,835143,1990083,610146,3386691,1271575,1106109,910968,2027367,500950,2907508,5612244,1209858,3534560,5269577,8293499,2346513,5756894,2103963
2025-12-12,2743325,3343915,1675422,616685,4214669,1202813,1163323,843892,5488131,5848318,2331245,5049926,4452097,847563,2019675,619218,3437073,1290475,1122579,924522,2057499,508402,2950762,5695728,1227894,3587156,5347931,8416889,2381397,5842538,2135283
2025-12-15,2743325,3343915,1675422,616685,4214669,1202813,1163323,843892,5488131,5848318,2331245,5049926,4452097,847563,2019675,619218,3437073,1290475,1122579,924522,2057499,508402,2950762,5695728,1227894,3587156,5347931,8416889,2381397,5842538,2135283
2025-12-16,2755990,3359351,1683157,619524,4234117,1208372,1168695,847785,5513444,5875314,2342006,5073216,4472650,851473,2028991,622074,3452934,1296425,1127764,928789,2066985,510748,2964379,5722010,1233572,3603714,5372598,8455734,2392379,5869500,2145143
2025-12-17,2838050,3459451,1733317,638004,4360177,1244342,1203455,872975,5677564,6050324,2411746,5224246,4605860,876883,2089491,640664,3555784,1335035,1161314,956399,2128585,525928,3052709,5892400,1270312,3711074,5532538,8707634,2463659,6044290,2209053
2025-12-18,2759615,3363901,1685437,620364,4239742,1209902,1170170,848825,5520799,5883164,2345071,5079976,4478600,852628,2031741,622919,3457504,1298180,1129184,929939,2069785,511438,2968394,5729545,1235137,3608489,5379763,8466974,2395619,5877340,2148048
2025-12-19,2767085,3373011,1689997,622044,4251222,1213182,1173340,851125,5535739,5899094,2351421,5093726,4490730,854938,2037241,624609,3466864,1301690,1132244,932459,2075385,512818,2976434,5745065,1238487,3618259,5394323,8489904,2402099,5893250,2153868
2025-12-22,2834115,3469276,1737427,576579,4030222,1253032,1206395,870935,5688674,5454549,2419616,5235181,4616525,872148,2102271,642634,3564699,1347450,1157664,958349,1917070,527178,2749079,5900710,1273247,3845109,5543353,8748959,2461739,5917370,2140643
2025-12-23,2834115,3469276,1737427,576579,4030222,1253032,1206395,870935,5688674,5454549,2419616,5235181,4616525,872148,2102271,642634,3564699,1347450,1157664,958349,1917070,527178,2749079,5900710,1273247,3845109,5543353,8748959,2461739,5917370,2140643
2025-12-24,2834881,3470213,1737896,576735,4031311,1253370,1206721,871170,5690211,5456023,2420270,5236595,4617772,872384,2102839,642808,3565662,1347814,1157977,958608,1917588,527320,2749822,5902304,1273591,3846148,5544850,8751322,2462404,5918969,2141221
2025-12-26,2831051,3465528,1735551,575955,4025866,1251675,1205091,869995,5682526,5448653,2417000,5229520,4611537,871204,2099999,641938,3560847,1345994,1156412,957313,1914998,526610,2746107,5894334,1271871,3840953,5537360,8739502,2459079,5910974,2138331
2025-12-29,2831051,3465528,1735551,575955,4025866,1251675,1205091,869995,5682526,5448653,2417000,5229520,4611537,871204,2099999,641938,3560847,1345994,1156412,957313,1914998,526610,2746107,5894334,1271871,3840953,5537360,8739502,2459079,5910974,2138331
2025-12-30,2810369,3440229,1722888,571743,3996463,1242522,1196289,863650,5641027,5408855,2399342,5191315,4577868,864832,2084663,637240,3534846,1336166,1147961,950320,1901012,522776,2726046,5851296,1262583,3812900,5496914,8675674,2441124,5867801,2122725
2025-12-31,2791821,3417265,1711328,567895,3969443,1234190,1187161,857070,5597963,5372155,2383430,5151695,4548024,859124,2070659,632368,3511154,1325974,1140297,944168,1888208,519332,2707642,5812936,1252951,3787280,5454942,8617754,2422476,5828301,2108413
2026-01-02,2784927,3412423,1708898,567051,3963733,1232419,1186927,856855,5596721,5364480,2379944,5150460,4536792,857000,2067747,630802,3506078,1325698,1138680,941837,1885546,518045,2703755,5798581,1249855,3781920,5453351,8605369,2421982,5820001,2105402
2026-01-06,2791073,3419945,1712668,568299,3972471,1235131,1189543,858743,5609051,5376298,2385184,5161806,4546792,858888,2072299,632194,3513798,1328618,1141194,943919,1889698,519189,2709717,5811367,1252615,3790248,5465359,8624323,2427320,5832827,2110044
2026-01-07,2801825,3433105,1719262,570483,3987759,1239877,1194121,862047,5630625,5396976,2394354,5181658,4564292,862192,2080265,634630,3527308,1333728,1145590,947559,1896964,521191,2720147,5833739,1257445,3804822,5486373,8657503,2436658,5855269,2118164
2026-01-08,2814601,3445185,1725359,572495,4001803,1244250,1196410,863699,5641412,5416015,2402839,5191584,4585042,866144,2087548,638448,3539763,1336283,1149588,951879,1903597,523592,2729662,5860325,1264860,3818209,5496880,8688086,2441327,5875890,2125624
2026-01-09,2810761,3440485,1723004,571715,3996343,1242555,1194775,862519,5633707,5408630,2399564,5184494,4578792,864964,2084703,637578,3534938,1334458,1148018,950579,1901002,522877,2725937,5852335,1263135,3813004,5489375,8676236,2437992,5867875,2122724
2026-01-12,2810761,3440485,1723004,571715,3996343,1242555,1194775,862519,5633707,5408630,2399564,5184494,4578792,864964,2084703,637578,3534938,1334458,1148018,950579,1901002,522877,2725937,5852335,1263135,3813004,5489375,8676236,2437992,5867875,2122724
2026-01-13,2813833,3444245,1724888,572339,4000711,1243911,1196083,863463,5639871,5414538,2402184,5190166,4583792,865908,2086979,638274,3538798,1335918,1149274,951619,1903078,523449,2728917,5858727,1264515,3817168,5495379,8685712,2440660,5874287,2125044
2026-01-14,2812297,3442365,1723946,572027,3998527,1243233,1195429,862991,5636789,5411584,2400874,5187330,4581292,865436,2085841,637926,3536866,1335188,1148646,951099,1902040,523163,2727427,5855531,1263825,3815084,5492375,8680972,2439326,5871081,2123884
2026-01-15,2806153,3434845,1720178,570779,3989791,1240521,1192813,861103,5624461,5399768,2395634,5175986,4571292,863548,2081289,636534,3529138,1332268,1146134,949019,1897888,522019,2721467,5842747,1261065,3806748,5480367,8662012,2433990,5858257,2119244
2026-01-16,2612617,3197965,1601486,531467,3714607,1155093,1110409,801631,5236129,5027564,2230574,4818650,4256292,804076,1937901,592686,3285706,1240288,1067006,883499,1767100,485983,2533727,5440051,1174125,3544164,5102115,8064772,2265906,5454301,1973084
2026-01-20,2629801,3219185,1612109,535015,3739703,1162700,1119460,808099,5278562,5061278,2245202,4857784,4283755,809244,1950711,596248,3307764,1250333,1074188,889279,1778847,489202,2550912,5475338,1181410,3567910,5143641,8118282,2284277,5490740,1986324
2026-01-21,2637481,3228585,1616819,536575,3750623,1166090,1122730,810459,5293972,5076058,2251762,4871964,4296265,811604,1956411,597988,3317424,1253983,1077328,891879,1784037,490632,2558362,5491328,1184860,3578330,5158661,8141982,2290947,5506770,1992124
2026-01-22,2637481,3228585,1616819,536575,3750623,1166090,1122730,810459,5293972,5076058,2251762,4871964,4296265,811604,1956411,597988,3317424,1253983,1077328,891879,1784037,490632,2558362,5491328,1184860,3578330,5158661,8141982,2290947,5506770,1992124
2026-01-23,2642089,3234225,1619645,537511,3757175,1168124,1124692,811875,5303218,5084926,2255698,4880472,4303771,813020,1959831,599032,3323220,1256173,1079212,893439,1787151,491490,2562832,5500922,1186930,3584582,5167673,8156202,2294949,5516388,1995604
2026-01-26,2638249,3229525,1617290,536731,3751715,1166429,1123057,810695,5295513,5077536,2252418,4873382,4297516,811840,1956981,598162,3318390,1254348,1077642,892139,1784556,490775,2559107,5492927,1185205,3579372,5160163,8144352,2291614,5508373,1992704
2026-01-27,2638249,3229525,1617290,536731,3751715,1166429,1123057,810695,5295513,5077536,2252418,4873382,4297516,811840,1956981,598162,3318390,1254348,1077642,892139,1784556,490775,2559107,5492927,1185205,3579372,5160163,8144352,2291614,5508373,1992704
2026-01-28,2638249,3229525,1617290,536731,3751715,1166429,1123057,810695,5295513,5077536,2252418,4873382,4297516,811840,1956981,598162,3318390,1254348,1077642,892139,1784556,490775,2559107,5492927,1185205,3579372,5160163,8144352,2291614,5508373,1992704
2026-01-29,2638249,3229525,1617290,536731,3751715,1166429,1123057,810695,5295513,5077536,2252418,4873382,4297516,811840,1956981,598162,3318390,1254348,1077642,892139,1784556,490775,2559107,5492927,1185205,3579372,5160163,8144352,2291614,5508373,1992704
2026-01-30,2666665,3264305,1634717,542503,3792119,1178972,1135156,819427,5352530,5132222,2276690,4925848,4343803,820572,1978071,604600,3354132,1267853,1089260,901759,1803759,496066,2586672,5552090,1197970,3617926,5215737,8232042,2316293,5567684,2014164
2026-02-02,2673577,3272765,1638956,543907,3801947,1182023,1138099,821551,5366399,5145524,2282594,4938610,4355062,822696,1983201,606166,3362826,1271138,1092086,904099,1808430,497353,2593377,5566481,1201075,3627304,5229255,8253372,2322296,5582111,2019384
2026-02-03,2673577,3272765,1638956,543907,3801947,1182023,1138099,821551,5366399,5145524,2282594,4938610,4355062,822696,1983201,606166,3362826,1271138,1092086,904099,1808430,497353,2593377,5566481,1201075,3627304,5229255,8253372,2322296,5582111,2019384
2026-02-04,2674345,3273705,1639427,544063,3803039,1182363,1138426,821787,5367941,5147002,2283250,4940029,4356313,822932,1983771,606340,3363792,1271503,1092400,904359,1808949,497496,2594122,5568080,1201420,3628346,5230757,8255743,2322963,5583714,2019964
2026-02-05,2675113,3274645,1639898,544219,3804131,1182703,1138753,822023,5369483,5148480,2283906,4941448,4357564,823168,1984341,606514,3364758,1271868,1092714,904619,1809468,497639,2594867,5569679,1201765,3629388,5232259,8258114,2323630,5585317,2020544
2026-02-06,2644393,3237045,1621058,537979,3760451,1169103,1125673,812583,5307803,5089360,2257666,4884688,4307524,813728,1961541,599554,3326118,1257268,1080154,894219,1788708,491919,2565067,5505719,1187965,3587708,5172179,8163274,2296950,5521197,1997344
2026-02-09,2643625,3236105,1620587,537823,3759359,1168763,1125346,812347,5306261,5087882,2257010,4883269,4306273,813492,1960971,599380,3325152,1256903,1079840,893959,1788189,491776,2564322,5504120,1187620,3586666,5170677,8160903,2296283,5519594,1996764
2026-02-10,2643625,3236105,1620587,537823,3759359,1168763,1125346,812347,5306261,5087882,2257010,4883269,4306273,813492,1960971,599380,3325152,1256903,1079840,893959,1788189,491776,2564322,5504120,1187620,3586666,5170677,8160903,2296283,5519594,1996764
2026-02-11,2650537,3244565,1624826,539227,3769187,1171823,1128289,814471,5320130,5101184,2262914,4896040,4317532,815616,1966101,600946,3333846,1260188,1082666,896299,1792860,493063,2571027,5518511,1190725,3596044,5184195,8182242,2302286,5534021,2001984
2026-02-12,2642089,3234225,1619645,537511,3757175,1168083,1124692,811875,5303179,5084926,2255698,4880431,4303771,813020,1959831,599032,3323220,1256173,1079212,893439,1787151,491490,2562832,5500922,1186930,3584582,5167673,8156161,2294949,5516388,1995604
2026-02-13,2651305,3245505,1625297,539383,3770279,1172163,1128616,814707,5321671,5102662,2263570,4897459,4318783,815852,1966671,601120,3334812,1260553,1082980,896559,1793379,493206,2571772,5520110,1191070,3597086,5185697,8184613,2302953,5535624,2002564
2026-02-17,2672809,3271825,1638485,543751,3800855,1181683,1137772,821315,5364819,5144046,2281938,4937191,4353811,822460,1982631,605992,3361860,1270773,1091772,903839,1807911,497210,2592632,5564882,1200730,3626262,5227753,8251001,2321629,5580508,2018804
2026-02-18,2683561,3284985,1645079,545935,3816143,1186443,1142350,824619,5386407,5164738,2291122,4957057,4371325,825764,1990611,608428,3375384,1275883,1096168,907479,1815191,499212,2603062,5587268,1205560,3640850,5248781,8284195,2330967,5602964,2026924
2026-02-19,2691241,3294385,1649789,547495,3827063,1189843,1145620,826979,5401827,5179518,2297682,4971247,4383835,828124,1996311,610168,3385044,1279533,1099308,910079,1820391,500642,2610512,5603258,1209010,3651270,5263801,8307905,2337637,5619004,2032724
2026-02-20,2698153,3302845,1654028,548899,3836891,1192903,1148563,829103,5415705,5192820,2303586,4984018,4395094,830248,2001441,611734,3393738,1282818,1102134,912419,1825071,501929,2617217,5617649,1212115,3660648,5277319,8329244,2343640,5633440,2037944
2026-02-23,2701225,3306605,1655912,549523,3841259,1194263,1149871,830047,5421873,5198732,2306210,4989694,4400098,831192,2003721,612430,3397602,1284278,1103390,913459,1827151,502501,2620197,5624045,1213495,3664816,5283327,8338728,2346308,5639856,2040264
2026-02-24,2704297,3310365,1657796,550147,3845627,1195623,1151179,830991,5428041,5204644,2308834,4995370,4405102,832136,2006001,613126,3401466,1285738,1104646,914499,1829227,503073,2623177,5630441,1214875,3668984,5289335,8348212,2348976,5646272,2042584
2026-02-25,2697385,3301905,1654457,548983,3837299,1193123,1148236,828867,5414163,5193442,2304030,4982599,4393843,830612,2001771,611560,3394372,1282453,1102420,912159,1825356,501786,2617572,5616050,1211770,3661306,5275817,8331073,2342973,5634336,2038364
2026-02-26,2691241,3294385,1650689,547735,3828563,1190403,1145620,826979,5401827,5181618,2298782,4971247,4383835,828724,1997211,610168,3386644,1279533,1099908,910079,1821204,500642,2611612,5603258,1209010,3652970,5263801,8312105,2337637,5621504,2033724
2026-02-27,2695855,3300031,1653515,548671,3835121,1192443,1147582,828395,5411085,5190492,2302718,4979767,4391347,830146,2000631,611212,3392446,1281723,1101792,911639,1824324,501500,2616088,5612858,1211080,3659228,5272819,8326343,2341645,5631134,2037210
2026-03-02,2702776,3308500,1657754,550075,3844958,1195503,1150525,830519,5424972,5203803,2308622,4992547,4402615,832279,2005761,612778,3401149,1285008,1104618,913979,1829004,502787,2622802,5627258,1214185,3668615,5286346,8347700,2347657,5645579,2042439
2026-03-03,2707390,3314146,1660580,551011,3851516,1197543,1152487,831935,5434230,5212677,2312558,5001067,4410127,833701,2009181,613822,3406951,1287198,1106502,915539,1832124,503645,2627278,5636864,1216255,3674873,5295370,8361938,2351665,5655209,2045925
2026-03-04,2706621,3313205,1660109,550855,3850423,1197203,1152160,831699,5432687,5211198,2311902,4999647,4408875,833464,2008611,613648,3405984,1286833,1106188,915279,1831604,503502,2626532,5635264,1215910,3673830,5293866,8359565,2350997,5653604,2045344
2026-03-05,2706621,3313205,1660109,550855,3850423,1197203,1152160,831699,5432687,5211198,2311902,4999647,4408875,833464,2008611,613648,3405984,1286833,1106188,915279,1831604,503502,2626532,5635264,1215910,3673830,5293866,8359565,2350997,5653604,2045344
2026-03-06,2736612,3349904,1678478,556939,3893050,1210463,1164913,840903,5492864,5268879,2337486,5055027,4457703,842707,2030841,620434,3443697,1301068,1118434,925419,1851884,509079,2655626,5697664,1229365,3714507,5352522,8452112,2377049,5716199,2068003
2026-03-09,2738150,3351786,1679420,557251,3895236,1211143,1165567,841375,5495950,5271839,2338798,5057867,4460207,843181,2031981,620782,3445631,1301800,1119062,925939,1852924,509365,2657118,5700866,1230055,3716593,5355530,8456858,2378385,5719409,2069165
2026-03-10,2738150,3351786,1679420,557251,3895236,1211143,1165567,841375,5495950,5271839,2338798,5057867,4460207,843181,2031981,620782,3445631,1301800,1119062,925939,1852924,509365,2657118,5700866,1230055,3716593,5355530,8456858,2378385,5719409,2069165
2026-03-11,2738150,3351786,1679420,557251,3895236,1211143,1165567,841375,5495950,5271839,2338798,5057867,4460207,843181,2031981,620782,3445631,1301800,1119062,925939,1852924,509365,2657118,5700866,1230055,3716593,5355530,8456858,2378385,5719409,2069165
2026-03-12,2724308,3334830,1670924,554425,3875544,1205023,1159663,837127,5468140,5245181,2326972,5032289,4437653,838915,2021703,617650,3428207,1295212,1113410,921259,1843564,506791,2643690,5672030,1223827,3697801,5328440,8414108,2366361,5690483,2058707
2026-03-13,2726615,3337656,1672340,554896,3878826,1206043,1160647,837835,5472775,5249624,2328943,5036552,4441412,839626,2023416,618172,3431111,1296310,1114352,922039,1845124,507220,2645928,5676836,1224865,3700933,5332955,8421233,2368365,5695304,2060450
2026-03-16,2732005,3344257,1675644,555995,3886491,1208430,1162943,839494,5483597,5259998,2333549,5046513,4450197,841285,2027413,619397,3437894,1298872,1116557,923859,1848771,508221,2651157,5688064,1227287,3708248,5343497,8437879,2373048,5706560,2064524
2026-03-17,2733547,3346145,1676590,556309,3888683,1209112,1163599,839968,5486693,5262966,2334865,5049361,4452709,841759,2028557,619747,3439834,1299606,1117187,924381,1849815,508507,2652653,5691274,1227979,3710340,5346513,8442639,2374388,5709780,2065688
2026-03-18,2809203,3438755,1722944,571695,3996189,1242530,1195743,863194,5638495,5408496,2399447,5189011,4575895,864985,2084613,636897,3534992,1335572,1148057,949959,1900971,522619,2726055,5848760,1261985,3812946,5494395,8676075,2440048,5867658,2122822
2026-03-19,2735863,3348980,1678009,556780,3891974,1210135,1164583,840679,5491340,5267421,2336842,5053636,4456480,842470,2030273,620272,3442747,1300707,1118132,925164,1851381,508939,2654900,5696095,1229020,3713481,5351040,8449785,2376398,5714613,2067437
2026-03-20,2818703,3474680,1740089,524740,3726534,1120035,1208883,847739,5698260,4964621,2425422,5243356,4623720,873490,1860073,643712,3570307,1349507,1160812,958404,1772081,528319,2500240,5907215,1278740,3893981,5526540,8762645,2465638,5190933,2382157
2026-03-23,2818703,3474680,1740089,524740,3726534,1120035,1208883,847739,5698260,4964621,2425422,5243356,4623720,873490,1860073,643712,3570307,1349507,1160812,958404,1772081,528319,2500240,5907215,1278740,3893981,5526540,8762645,2465638,5190933,2382157
2026-03-24,2804933,3459920,1731794,522425,3709509,1115000,1203753,844139,5674065,4941746,2413917,5221096,4604085,869785,1851668,640982,3554242,1343777,1155277,954339,1764051,526069,2489120,5882135,1273310,3876551,5499180,8720945,2455168,5167698,2371047
2026-03-25,2798549,3450148,1727850,521113,3700669,1112184,1201017,842219,5661161,4930506,2408421,5209224,4593613,867309,1847052,639526,3546154,1340721,1152645,952171,1759635,524589,2482856,5865459,1270414,3866735,5486668,8701105,2449584,5154646,2365655
2026-03-26,2853611,3518044,1761867,531394,3773464,1134057,1224615,858779,5772458,5027451,2455824,5311620,4683934,884352,1883415,652084,3615913,1367079,1175346,970870,1794273,534939,2531708,5980827,1295392,3942773,5594584,8872225,2497746,5256007,2412161
2026-03-27,2847227,3510172,1757923,530202,3765024,1131521,1221879,856859,5759554,5016203,2450328,5299748,4673462,882376,1879199,650628,3607825,1364023,1172714,968702,1790257,533739,2526044,5967451,1292496,3933957,5582064,8852377,2492162,5244247,2406769
2026-03-30,2846843,3509600,1757379,529930,3763184,1131105,1219143,854939,5746650,5013463,2449532,5287876,4662990,882300,1878483,649172,3605637,1360967,1172482,966534,1789541,533659,2524980,5966575,1289600,3932541,5582244,8849729,2486578,5242287,2405777
2026-03-31,2882753,3553880,1779564,536635,3810659,1145370,1234533,865739,5819280,5076733,2480447,5354701,4721895,893415,1902198,657362,3651132,1378157,1187287,978729,1812131,540409,2556840,6041860,1305890,3982176,5652669,8961374,2517988,5308437,2436152
2026-04-01,2863577,3530240,1767732,533059,3785291,1137738,1226301,859979,5780496,5042941,2463935,5319013,4690431,887463,1889526,652970,3626820,1368965,1179391,972201,1800059,536809,2539824,6001660,1297178,3955680,5615061,8901734,2501212,5273109,2419928
