date,ed_shares,exc_shares,so_shares,es_shares,etr_shares,nee_shares,peg_shares,duk_shares,eix_shares,awk_shares,aee_shares,vst_shares,fe_shares,pnw_shares,ni_shares,dte_shares,evrg_shares,aep_shares,sre_shares,ceg_shares,nrg_shares,pcg_shares,d_shares,ppl_shares,lnt_shares,wec_shares,cnp_shares,xel_shares,ato_shares,cms_shares,aes_shares
2025-03-31,5106024,14814822,16148139,5405669,6319854,30307152,7342779,11436633,5705768,2872304,3977805,5014239,7559380,1675681,6925959,3054302,3389322,7858468,9334996,4610645,2985383,32328782,12380080,10880952,3781701,4681979,9605039,8463136,2339336,4403637,10479130
2025-04-01,5106024,14814822,16148139,5405669,6319854,30307152,7342779,11436633,5705768,2872304,3977805,5014239,7559380,1675681,6925959,3054302,3389322,7858468,9334996,4610645,2985383,32328782,12380080,10880952,3781701,4681979,9605039,8463136,2339336,4403637,10479130
2025-04-03,5165914,14988635,16337614,5469110,6394001,30662729,7428902,11570829,5772707,2906012,4024498,5073069,7648049,1695344,7007208,3090130,3429072,7950688,9444520,4664758,3020416,32708076,12525326,11008629,3826062,4736887,9717717,8562431,2366790,4455312,10602090
2025-04-07,5092464,14775435,16105239,5391305,6303066,30226644,7323277,11406249,5690612,2864672,3967233,5000919,7539304,1671229,6907563,3046190,3380322,7837588,9310222,4598393,2977451,32242871,12347161,10852044,3771657,4669547,9579527,8440678,2333120,4391937,10451290
2025-04-16,5068713,14706555,16030143,5366168,6273687,30085713,7289131,11353077,5664089,2851316,3948732,4977609,7504150,1663438,6875349,3031994,3364516,7801048,9266815,4576952,2963570,32092497,12289600,10801455,3754080,4647770,9534860,8401324,2322242,4371462,10402570
2025-04-22,5137704,14906635,16248279,5439185,6359026,30495084,7388317,11507529,5741132,2890112,4002473,5045319,7606264,1686069,6968923,3073230,3410266,7907188,9392902,4639233,3003891,32529135,12456801,10948404,3805137,4711027,9664607,8515638,2353840,4430937,10544090
2025-04-23,5136573,14903355,16244703,5437988,6357627,30488373,7386691,11504997,5739869,2889476,4001592,5044209,7604590,1685698,6967389,3072554,3409516,7905448,9390835,4638212,3003230,32521977,12454060,10945995,3804300,4709990,9662480,8513764,2353322,4429962,10541770
2025-04-25,5143359,14923035,16266159,5445170,6366021,30528639,7396447,11520189,5747447,2893292,4006878,5050869,7614634,1687924,6976593,3076610,3414016,7915888,9403237,4644338,3007196,32564925,12470506,10960449,3809322,4716212,9675242,8525008,2356430,4435812,10555690
2025-04-28,5154669,14955835,16301919,5457140,6380011,30595749,7412707,11545509,5760077,2899652,4015688,5061969,7631374,1691634,6991933,3083370,3421516,7933288,9423907,4654548,3013806,32636505,12497916,10984539,3817692,4726582,9696512,8543748,2361610,4445562,10578890
2025-05-13,5173896,15011613,16362724,5477501,6403813,30709878,7440361,11588584,5781567,2910464,4030665,5080838,7659844,1697941,7018011,3094861,3434285,7962867,9459045,4671905,3025043,32758240,12544544,11025523,3831940,4744211,9732670,8575605,2370416,4462149,10618361
2025-05-14,5173896,15011613,16362724,5477501,6403813,30709878,7440361,11588584,5781567,2910464,4030665,5080838,7659844,1697941,7018011,3094861,3434285,7962867,9459045,4671905,3025043,32758240,12544544,11025523,3831940,4744211,9732670,8575605,2370416,4462149,10618361
2025-05-16,5173896,15011613,16362724,5477501,6403813,30709878,7440361,11588584,5781567,2910464,4030665,5080838,7659844,1697941,7018011,3094861,3434285,7962867,9459045,4671905,3025043,32758240,12544544,11025523,3831940,4744211,9732670,8575605,2370416,4462149,10618361
2025-05-19,5173896,15011613,16362724,5477501,6403813,30709878,7440361,11588584,5781567,2910464,4030665,5080838,7659844,1697941,7018011,3094861,3434285,7962867,9459045,4671905,3025043,32758240,12544544,11025523,3831940,4744211,9732670,8575605,2370416,4462149,10618361
2025-05-20,5173896,15011613,16362724,5477501,6403813,30709878,7440361,11588584,5781567,2910464,4030665,5080838,7659844,1697941,7018011,3094861,3434285,7962867,9459045,4671905,3025043,32758240,12544544,11025523,3831940,4744211,9732670,8575605,2370416,4462149,10618361
2025-05-21,5164416,14984248,16332782,5467499,6392152,30653690,7426772,11567348,5771029,2905168,4023278,5071602,7645891,1694907,7005109,3089279,3428080,7948292,9441773,4663301,3019580,32698446,12521529,11005323,3824948,4735526,9714818,8559918,2366105,4453973,10598866
2025-07-07,5448426,15266353,16620019,5555577,6749582,31130948,7545957,11753820,5818509,2949043,4087224,5131371,7767801,1805620,7118029,3138106,3479482,8078169,9862247,4739529,2956529,33233669,12895984,11179319,3884467,4826038,9870653,8721871,2401917,4523444,10765584
2025-07-08,5448426,15266353,16620019,5555577,6749582,31130948,7545957,11753820,5818509,2949043,4087224,5131371,7767801,1805620,7118029,3138106,3479482,8078169,9862247,4739529,2956529,33233669,12895984,11179319,3884467,4826038,9870653,8721871,2401917,4523444,10765584
2025-07-09,5521028,15469837,16841545,5629605,6839544,31545852,7646521,11910494,5896071,2988351,4141722,5199757,7871341,1829676,7212889,3179956,3525858,8185801,9993687,4802707,2995961,33676597,13067848,11328305,3936237,4890332,10002217,8838121,2433909,4583708,10909052
2025-07-10,5601827,15696295,17088082,5711991,6939663,32007600,7758439,12084857,5982390,3032097,4202373,5275864,7986571,1856448,7318459,3226531,3577470,8305585,10139967,4873018,3039845,34169533,13259116,11494112,3993852,4961885,10148635,8967496,2469513,4650776,11068718
2025-07-11,5653351,15840703,17245294,5764527,7003507,32302048,7829807,12196045,6037434,3059993,4241049,5324396,8060051,1873520,7385779,3256231,3610382,8381969,10233247,4917854,3067829,34483869,13381084,11599844,4030592,5007513,10242003,9049996,2492217,4693544,11170534
2025-07-14,5681455,15919471,17331046,5793183,7038331,32462656,7868735,12256693,6067458,3075209,4262145,5350868,8100131,1882832,7422499,3272431,3628334,8423633,10284127,4942310,3083093,34655325,13447612,11657516,4050632,5032401,10292931,9094996,2504601,4716872,11226070
2025-07-15,5668574,15883369,17291743,5780049,7022370,32389044,7850893,12228907,6053697,3068235,4252476,5338735,8081761,1878564,7405669,3265006,3620106,8404537,10260807,4931101,3076097,34576741,13417120,11631083,4041447,5020994,10269589,9074371,2498925,4706180,11200616
2025-07-16,5661548,15863677,17270311,5772885,7013664,32348892,7841161,12213751,6046191,3064431,4247202,5332117,8071741,1876236,7396489,3260956,3615618,8394121,10248087,4924987,3072281,34533877,13400488,11616665,4036437,5014772,10256857,9063121,2495829,4700348,11186732
2025-07-17,5660377,15860395,17266739,5771691,7012213,32342200,7839539,12211225,6044940,3063797,4246323,5331014,8070071,1875848,7394959,3260281,3614870,8392385,10245967,4923968,3071645,34526733,13397716,11614262,4035602,5013735,10254735,9061246,2495313,4699376,11184418
2025-07-18,5680284,15916189,17327463,5791989,7036880,32455964,7867113,12254167,6066207,3074575,4261266,5349765,8098461,1882444,7420969,3271756,3627586,8421897,10282007,4941291,3082457,34648181,13444840,11655113,4049797,5031364,10290809,9093121,2504085,4715900,11223756
2025-07-21,5701362,15975247,17391759,5813481,7062998,32576420,7896309,12299635,6088725,3085987,4277088,5369619,8128521,1889428,7448509,3283906,3641050,8453145,10320167,4959633,3093905,34776773,13494736,11698367,4064827,5050030,10329005,9126871,2513373,4733396,11265408
2025-07-22,5721269,16031024,17452483,5833779,7087665,32690184,7923883,12342577,6109992,3096765,4292031,5388370,8156911,1896024,7474519,3295381,3653766,8482657,10356207,4976956,3104700,34898204,13541860,11739218,4079022,5067659,10365079,9158746,2522145,4749920,11304746
2025-07-23,5728295,16050710,17473915,5840943,7096371,32730330,7933615,12357733,6117498,3100569,4297305,5394988,8166931,1898352,7483699,3299431,3658254,8493073,10368927,4983070,3108510,34941062,13558492,11753636,4084032,5073881,10377811,9169996,2525241,4755752,11318630
2025-07-24,5722440,16034305,17456055,5834973,7089116,32696875,7925505,12345103,6111243,3097399,4292910,5389473,8158581,1896412,7476049,3296056,3654514,8484393,10358327,4977975,3105335,34905347,13544632,11741621,4079857,5068696,10367201,9160621,2522661,4750892,11307060
2025-07-25,5769280,16165545,17598935,5882733,7147156,32964515,7990385,12446143,6161283,3122759,4328070,5433593,8225381,1911932,7537249,3323056,3684434,8553833,10443127,5018735,3130735,35191067,13655512,11837741,4113257,5110176,10452081,9235621,2543301,4789772,11399620
2025-07-28,5766938,16158983,17591791,5880345,7144254,32951133,7987141,12441091,6158781,3121491,4326312,5431387,8222041,1911156,7534189,3321706,3682938,8550361,10438887,5016697,3129465,35176781,13649968,11832935,4111587,5108102,10447837,9231871,2542269,4787828,11394992
2025-07-29,5766938,16158983,17591791,5880345,7144254,32951133,7987141,12441091,6158781,3121491,4326312,5431387,8222041,1911156,7534189,3321706,3682938,8550361,10438887,5016697,3129465,35176781,13649968,11832935,4111587,5108102,10447837,9231871,2542269,4787828,11394992
2025-07-30,5729466,16053991,17477487,5842137,7097822,32737021,7935237,12360259,6118749,3101203,4298184,5396091,8168601,1898740,7485229,3300106,3659002,8494809,10371047,4984089,3109145,34948205,13561264,11756039,4084867,5074918,10379933,9171871,2525757,4756724,11320944
2025-07-31,5725953,16044148,17466771,5838555,7093469,32716948,7930371,12352681,6114996,3099301,4295547,5392782,8163591,1897576,7480639,3298081,3656758,8489601,10364687,4981032,3107240,34926776,13552948,11748830,4082362,5071807,10373567,9166246,2524209,4753808,11314002
2025-08-01,5722440,16034302,17456052,5834973,7089116,32696869,7925505,12345100,6111243,3097399,4292910,5389473,8158581,1896412,7476049,3296056,3654514,8484390,10358327,4977975,3105332,34905341,13544632,11741621,4079857,5068693,10367201,9160621,2522661,4750892,11307060
2025-08-04,5751740,16116377,17545402,5864848,7125391,32864219,7966080,12408275,6142518,3113249,4314885,5417048,8200331,1906112,7514324,3312931,3673214,8527815,10411352,5003450,3121232,35083991,13613957,11801721,4100732,5094643,10420276,9207521,2535586,4775217,11364935
2025-08-05,5775180,16182037,17616882,5888748,7154411,32998099,7998540,12458815,6167538,3125929,4332465,5439108,8233731,1913872,7544944,3326431,3688174,8562555,10453772,5023830,3133952,35226911,13669417,11849801,4117432,5115403,10462736,9245021,2545906,4794677,11411235
2025-08-06,5799792,16250980,17691936,5913843,7184882,33138673,8032623,12511882,6193809,3139243,4350924,5462271,8268801,1922020,7577095,3340606,3703882,8599032,10498313,5045229,3147308,35376977,13727650,11900285,4134967,5137201,10507319,9284396,2556742,4815110,11459850
2025-08-07,5812684,16287093,17731250,5926988,7200843,33212307,8050476,12539679,6207570,3146217,4360593,5474404,8287171,1926288,7593936,3348031,3712110,8618139,10521644,5056438,3154304,35455583,13758153,11926729,4144152,5148619,10530672,9305021,2562429,4825813,11485315
2025-08-08,5800964,16254263,17695510,5915038,7186323,33145357,8034246,12514399,6195060,3139877,4351803,5463364,8270461,1922408,7578626,3341281,3704630,8600769,10500434,5046248,3147944,35384103,13730413,11902689,4135802,5138239,10509442,9286261,2557259,4816083,11462165
2025-08-11,5824404,16319963,17767030,5938938,7215363,33279337,8066726,12564979,6220100,3152577,4369383,5485444,8303881,1930188,7609266,3354781,3719610,8635529,10542874,5066648,3160664,35527123,13785913,11950809,4152522,5158999,10551922,9323801,2567599,4835543,11508485
2025-08-12,5824404,16319963,17767030,5938938,7215363,33279337,8066726,12564979,6220100,3152577,4369383,5485444,8303881,1930188,7609266,3354781,3719610,8635529,10542874,5066648,3160664,35527123,13785913,11950809,4152522,5158999,10551922,9323801,2567599,4835543,11508485
2025-08-13,5849037,16388969,17842147,5964054,7245876,33420058,8100830,12618109,6246392,3165912,4387863,5508628,8338993,1938357,7641438,3368956,3735339,8672048,10587457,5088068,3174020,35677336,13844209,12001335,4170078,5180818,10596547,9363218,2578456,4855997,11557142
2025-08-14,5838469,16359161,17809783,5953318,7232712,33359294,8086030,12595113,6234944,3160052,4379783,5498748,8323825,1934833,7627510,3362740,3728555,8656408,10568173,5078832,3168128,35612624,13819177,11979507,4162586,5171494,10577231,9346170,2573884,4847213,11536154
2025-08-15,5838469,16359161,17809783,5953318,7232712,33359294,8086030,12595113,6234944,3160052,4379783,5498748,8323825,1934833,7627510,3362740,3728555,8656408,10568173,5078832,3168128,35612624,13819177,11979507,4162586,5171494,10577231,9346170,2573884,4847213,11536154
2025-08-18,5845513,16378889,17831263,5960500,7241436,33399530,8095780,12610305,6242462,3163862,4385063,5505378,8333863,1937167,7636708,3366796,3733055,8666848,10580917,5084958,3171950,35655578,13835845,11993955,4167608,5177734,10589987,9357444,2576986,4853057,11550068
2025-08-19,5852557,16398635,17852755,5967682,7250166,33439790,8105536,12625503,6249986,3167678,4390349,5512014,8343907,1939501,7645912,3370852,3737555,8677294,10593673,5091090,3175772,35698556,13852525,12008415,4172630,5183974,10602755,9368724,2580094,4858907,11563988
2025-08-20,5858432,16415100,17870680,5973672,7257446,33473365,8113676,12638178,6256261,3170858,4394759,5517549,8352282,1941446,7653587,3374237,3741310,8686004,10604308,5096200,3178962,35734396,13866435,12020470,4176820,5189179,10613400,9378129,2582684,4863787,11575598
2025-08-21,5843157,16372291,17824075,5958098,7238518,33386070,8092512,12605223,6239946,3162590,4383293,5503158,8330507,1936389,7633632,3365436,3731560,8663358,10576657,5082914,3170668,35641212,13830269,11989127,4165926,5175646,10585723,9353676,2575950,4851099,11545412
2025-08-22,5834932,16349240,17798980,5949712,7228326,33339065,8081116,12587478,6231161,3158138,4377119,5495409,8318775,1933666,7622887,3360697,3726303,8651157,10561768,5075760,3166202,35591029,13810795,11972243,4160060,5168359,10570820,9340509,2572324,4844267,11529158
2025-08-25,5834932,16349240,17798980,5949712,7228326,33339065,8081116,12587478,6231161,3158138,4377119,5495409,8318775,1933666,7622887,3360697,3726303,8651157,10561768,5075760,3166202,35591029,13810795,11972243,4160060,5168359,10570820,9340509,2572324,4844267,11529158
2025-08-26,5834932,16349240,17798980,5949712,7228326,33339065,8081116,12587478,6231161,3158138,4377119,5495409,8318775,1933666,7622887,3360697,3726303,8651157,10561768,5075760,3166202,35591029,13810795,11972243,4160060,5168359,10570820,9340509,2572324,4844267,11529158
2025-08-27,5796124,16240538,17680642,5910145,7180278,33117404,8027392,12503790,6189746,3137150,4348013,5458878,8263467,1920796,7572199,3338356,3701520,8593638,10491544,5042001,3145148,35354386,13718956,11892647,4132406,5134006,10500530,9278403,2555230,4812059,11452499
2025-08-28,5841988,16369004,17820496,5956906,7237062,33379367,8090884,12602694,6238691,3161954,4382411,5502051,8328831,1936006,7632103,3364759,3730809,8661615,10574536,5081898,3170030,35634055,13827466,11986715,4165088,5174605,10583600,9351801,2575432,4850123,11543096
2025-08-29,5841988,16369004,17820496,5956906,7237062,33379367,8090884,12602694,6238691,3161954,4382411,5502051,8328831,1936006,7632103,3364759,3730809,8661615,10574536,5081898,3170030,35634055,13827466,11986715,4165088,5174605,10583600,9351801,2575432,4850123,11543096
2025-09-02,5819786,16306682,17752682,5934206,7209554,33252469,8060104,12554806,6215009,3149992,4365753,5481143,8297103,1928566,7603141,3351931,3716583,8628645,10534256,5062474,3158020,35498553,13774856,11941151,4149274,5154913,10543268,9316217,2565638,4831621,11499246
2025-09-03,5826848,16326464,17774216,5941406,7218302,33292807,8069884,12570034,6222551,3153814,4371051,5487791,8307171,1930906,7612363,3355999,3721089,8639115,10547036,5068618,3161854,35541615,13791566,11955635,4154308,5161165,10556060,9327521,2568752,4837483,11513196
2025-09-04,5825671,16323167,17770627,5940206,7216844,33286084,8068254,12567496,6221294,3153177,4370168,5486683,8305493,1930516,7610826,3355321,3720338,8637370,10544906,5067594,3161215,35534438,13788781,11953221,4153469,5160123,10553928,9325637,2568233,4836506,11510871
2025-09-05,5828025,16329761,17777805,5942606,7219760,33299530,8071514,12572572,6223808,3154451,4371934,5488899,8308849,1931296,7613900,3356677,3721840,8640860,10549166,5069642,3162493,35548792,13794351,11958049,4155147,5162207,10558192,9329405,2569271,4838460,11515521
2025-09-08,5853919,16402317,17856807,5969006,7251836,33447502,8107374,12628452,6251462,3168465,4391360,5513297,8345765,1939876,7647736,3371593,3738384,8679250,10596048,5092170,3176551,35706774,13855643,12011179,4173605,5185153,10605118,9370853,2580689,4859954,11566693
2025-09-09,5836264,16352832,17802942,5951006,7229966,33346612,8082924,12590352,6232607,3158910,4378115,5496662,8320595,1934026,7624666,3361423,3727104,8653075,10564083,5076810,3166966,35599059,13813853,11974954,4161020,5169508,10573123,9342578,2572904,4845299,11531803
2025-09-10,5836264,16352832,17802942,5951006,7229966,33346612,8082924,12590352,6232607,3158910,4378115,5496662,8320595,1934026,7624666,3361423,3727104,8653075,10564083,5076810,3166966,35599059,13813853,11974954,4161020,5169508,10573123,9342578,2572904,4845299,11531803
2025-09-11,5796212,16240632,17680793,5910172,7180360,33117805,8027470,12503958,6189835,3137252,4348072,5458956,8263509,1920766,7572340,3338371,3701536,8593711,10491595,5041973,3145240,35354816,13719074,11892789,4132460,5134046,10500567,9278488,2555258,4812047,11452685
2025-09-12,5796212,16240632,17680793,5910172,7180360,33117805,8027470,12503958,6189835,3137252,4348072,5458956,8263509,1920766,7572340,3338371,3701536,8593711,10491595,5041973,3145240,35354816,13719074,11892789,4132460,5134046,10500567,9278488,2555258,4812047,11452685
2025-09-15,5764406,16151532,17583782,5877745,7140967,32936122,7983433,12435351,6155869,3120053,4324204,5429013,8218176,1910236,7530787,3320065,3681232,8546569,10434031,5014298,3127987,35160848,13643798,11827530,4109780,5105885,10442949,9227593,2541245,4785641,11389856
2025-09-16,5751448,16115221,17544248,5864534,7124907,32862070,7965481,12407389,6142031,3113035,4314480,5416803,8199696,1905946,7513858,3312596,3672960,8527352,10410568,5003023,3120958,35081791,13613119,11800932,4100540,5094401,10419464,9206847,2535536,4774883,11364248
2025-09-17,5752626,16118523,17547842,5865735,7126367,32868803,7967113,12409931,6143289,3113673,4315364,5417913,8201376,1906336,7515397,3313275,3673712,8529099,10412701,5004048,3121597,35088978,13615908,11803350,4101380,5095445,10421599,9208733,2536055,4775861,11366576
2025-09-18,5751448,16115221,17544248,5864534,7124907,32862071,7965481,12407389,6142031,3113035,4314480,5416803,8199696,1905946,7513858,3312596,3672960,8527352,10410568,5003023,3120958,35081791,13613119,11800932,4100540,5094401,10419464,9206847,2535536,4774883,11364248
2025-09-19,5735228,16061231,17493408,5901674,7098977,32747801,7936631,12366109,6119821,3102545,4300220,5064763,8263866,1899136,7487728,3301196,3660020,8504532,10375888,4967983,3076018,34950981,13571659,11760102,4086420,5118451,10382174,9405067,2552676,4760173,11323318
2025-09-22,5728184,16041509,17471928,5894426,7090259,32707583,7926887,12350923,6112303,3098735,4294940,5058541,8253720,1896802,7478530,3297140,3655526,8494086,10363144,4961881,3072238,34908063,13554991,11745660,4081404,5112163,10369424,9393517,2549544,4754329,11309410
2025-09-23,5698834,15959309,17382403,5864226,7053934,32539983,7886262,12287623,6080978,3082860,4272940,5032616,8211420,1887077,7440205,3280240,3636801,8450561,10310044,4936456,3056488,34729188,13485541,11685485,4060479,5085963,10316299,9345392,2536469,4729979,11251460
2025-09-24,5694342,15946805,17368755,5859562,7048410,32514451,7880062,12277967,6076154,3080480,4269500,5028720,8205084,1885665,7434441,3277632,3633909,8443933,10301952,4932620,3054148,34701948,13475017,11676329,4057283,5081979,10308199,9338092,2534485,4726287,11242616
2025-09-25,5697864,15956669,17379498,5863186,7052769,32534563,7884937,12285560,6079913,3082385,4272140,5031831,8210160,1886832,7439040,3279660,3636156,8449156,10308324,4935671,3056038,34723413,13483351,11683550,4059794,5085123,10314574,9343867,2536054,4729209,11249570
2025-09-26,5694342,15946805,17368755,5859562,7048410,32514451,7880062,12277967,6076154,3080480,4269500,5028720,8205084,1885665,7434441,3277632,3633909,8443933,10301952,4932620,3054148,34701948,13475017,11676329,4057283,5081979,10308199,9338092,2534485,4726287,11242616
2025-09-29,5720170,16019141,17447537,5886138,7080376,32661939,7915812,12333649,6103720,3094450,4288860,5051534,8242308,1894223,7468167,3292504,3650387,8482235,10348680,4954994,3068008,34859358,13536133,11729283,4075697,5105035,10354949,9380442,2545991,4747715,11293612
2025-09-30,5703734,15973109,17397403,5869226,7060034,32568083,7893062,12298215,6086178,3085560,4276540,5037016,8218620,1888777,7446705,3283040,3639901,8457861,10318944,4940756,3059188,34759188,13497241,11695585,4063979,5090363,10325199,9353492,2538669,4734079,11261160
2025-10-01,5695516,15950093,17372336,5860770,7049863,32521155,7881687,12280491,6077407,3081115,4270380,5029757,8206776,1886054,7435974,3278308,3634658,8445674,10304076,4933637,3054778,34709103,13477795,11678729,4058120,5083027,10310324,9340017,2535008,4727261,11244934
2025-10-02,5687298,15927070,17347262,5852307,7039685,32474213,7870312,12262767,6068636,3076670,4264213,5022498,8194932,1883331,7425243,3273576,3629408,8433480,10289201,4926518,3050368,34659004,13458342,11661873,4052261,5075691,10295442,9326535,2531347,4720436,11228701
2025-10-03,5681428,15910625,17329352,5846262,7032415,32440683,7862187,12250107,6062371,3073495,4259808,5017313,8186472,1881386,7417578,3270196,3625658,8424770,10278576,4921433,3047218,34623219,13444447,11649833,4048076,5070451,10284812,9316905,2528732,4715561,11217106
2025-10-06,5684950,15920492,17340098,5849889,7036777,32460801,7867062,12257703,6066130,3075400,4262451,5020424,8191548,1882553,7422177,3272224,3627908,8429996,10284951,4924484,3049108,34644690,13452784,11657057,4050587,5073595,10291190,9322683,2530301,4718486,11224063
2025-10-07,5664992,15864579,17279204,5829336,7012059,32346799,7839437,12214659,6044829,3064605,4247474,5002795,8162784,1875940,7396116,3260732,3615175,8400382,10248826,4907195,3038398,34523021,13405541,11616121,4036358,5055779,10255048,9289941,2521410,4701911,11184640
2025-10-08,5679092,15904059,17322200,5843844,7029507,32427295,7858949,12245055,6059865,3072225,4258046,5015239,8183100,1880608,7414524,3268844,3624175,8421286,10274326,4919411,3045958,34608929,13438901,11645029,4046402,5068355,10280572,9313053,2527686,4713611,11212468
2025-10-09,5690842,15936959,17358030,5855934,7044047,32494375,7875209,12270385,6072395,3078575,4266856,5025609,8200030,1884498,7429864,3275604,3631675,8438706,10295576,4929591,3052258,34680519,13466701,11669119,4054772,5078835,10301842,9332313,2532916,4723361,11235658
2025-10-10,5697892,15956699,17379528,5863188,7052771,32534623,7884965,12285583,6079913,3082385,4272142,5031831,8210188,1886832,7439068,3279660,3636175,8449158,10308326,4935699,3056038,34723473,13483381,11683573,4059794,5085123,10314604,9343869,2536054,4729211,11249572
2025-10-13,5727267,16038949,17469103,5893413,7089121,32702323,7925615,12348908,6111238,3098260,4294167,5057756,8252513,1896557,7477418,3296560,3654925,8492708,10361451,4961149,3071788,34902448,13552881,11743798,4080719,5111323,10367779,9392019,2549129,4753586,11307547
2025-10-14,5743717,16085009,17519265,5910339,7109477,32796221,7948379,12384370,6128780,3107150,4306501,5072274,8276215,1902003,7498894,3306024,3665425,8517096,10391201,4975401,3080608,35002674,13591801,11777524,4092437,5125995,10397543,9418983,2556451,4767236,11340013
2025-10-15,5778967,16183709,17626755,5946609,7153097,32997431,7997159,12460360,6166370,3126200,4332931,5103384,8327005,1913673,7544914,3326304,3687925,8569356,10454951,5005941,3099508,35217444,13675201,11849794,4117547,5157435,10461323,9476763,2572141,4796486,11409583
2025-10-16,5837717,16348209,17805905,6007059,7225797,33332781,8078459,12587010,6229020,3157950,4376981,5155234,8411655,1933123,7621614,3360104,3725425,8656456,10561201,5056841,3131008,35575394,13814201,11970244,4159397,5209835,10567623,9573063,2598291,4845236,11525533
2025-10-17,5800117,16242929,17691249,5968371,7179269,33118157,8026427,12505954,6188924,3137630,4348789,5122050,8357479,1920675,7572526,3338472,3701425,8600712,10493201,5024265,3110848,35346306,13725241,11893156,4132613,5176299,10499591,9511431,2581555,4814036,11451325
2025-10-20,5851817,16387689,17848901,6021567,7243245,33413265,8097971,12617406,6244056,3165570,4387553,5167678,8431971,1937791,7640022,3368216,3734425,8677360,10586701,5069057,3138568,35661302,13847561,11999152,4169441,5222411,10593135,9596175,2604567,4856936,11553361
2025-10-21,5864742,16423879,17888314,6034866,7259239,33487042,8115857,12645269,6257839,3172555,4397244,5179085,8450594,1942070,7656896,3375652,3742675,8696522,10610076,5080255,3145498,35740051,13878141,12025651,4178648,5233939,10616521,9617361,2610320,4867661,11578870
2025-10-22,5876492,16456779,17924144,6046956,7273779,33554112,8132117,12670599,6270369,3178905,4406054,5189455,8467524,1945960,7672236,3382412,3750175,8713942,10631326,5090435,3151798,35811641,13905941,12049741,4187018,5244419,10637781,9636621,2615550,4877411,11602060
2025-10-23,5912917,16558769,18035217,6084435,7318853,33762029,8182523,12749122,6309212,3198590,4433365,5221602,8520007,1958019,7719790,3403368,3773425,8767944,10697201,5121993,3171328,36033570,13992121,12124420,4212965,5276907,10703687,9696327,2631763,4907636,11673949
2025-10-24,5923492,16588379,18067464,6095316,7331939,33822392,8197157,12771919,6320489,3204305,4441294,5230935,8535244,1961520,7733596,3409452,3780175,8783622,10716326,5131155,3176998,36098001,14017141,12146101,4220498,5286339,10722821,9713661,2636470,4916411,11694820
2025-10-27,5921142,16581799,18060298,6092898,7329031,33808978,8193905,12766853,6317983,3203035,4439532,5228861,8531858,1960742,7730528,3408100,3778675,8780138,10712076,5129119,3175738,36083683,14011581,12141283,4218824,5284243,10718569,9709809,2635424,4914461,11690182
2025-10-28,5921142,16581799,18060298,6092898,7329031,33808978,8193905,12766853,6317983,3203035,4439532,5228861,8531858,1960742,7730528,3408100,3778675,8780138,10712076,5129119,3175738,36083683,14011581,12141283,4218824,5284243,10718569,9709809,2635424,4914461,11690182
2025-10-29,5921142,16581799,18060298,6092898,7329031,33808978,8193905,12766853,6317983,3203035,4439532,5228861,8531858,1960742,7730528,3408100,3778675,8780138,10712076,5129119,3175738,36083683,14011581,12141283,4218824,5284243,10718569,9709809,2635424,4914461,11690182
2025-10-30,5937592,16627859,18110460,6109824,7349387,33902876,8216669,12802315,6335525,3211925,4451866,5243379,8555560,1966188,7752004,3417564,3789175,8804526,10741826,5143371,3184558,36183909,14050501,12175009,4230542,5298915,10748333,9736773,2642746,4928111,11722648
2025-10-31,5937592,16627859,18110460,6109824,7349387,33902876,8216669,12802315,6335525,3211925,4451866,5243379,8555560,1966188,7752004,3417564,3789175,8804526,10741826,5143371,3184558,36183909,14050501,12175009,4230542,5298915,10748333,9736773,2642746,4928111,11722648
2025-11-03,5891767,16499516,17970690,6062673,7292681,33641237,8153255,12703528,6286625,3187127,4417507,5202903,8489533,1951017,7692178,3391200,3759925,8736588,10658918,5103669,3159988,35904642,13942081,12081058,4197899,5258010,10665386,9661626,2622349,4890086,11632174
2025-11-04,5891767,16499516,17970690,6062673,7292681,33641237,8153255,12703528,6286625,3187127,4417507,5202903,8489533,1951017,7692178,3391200,3759925,8736588,10658918,5103669,3159988,35904642,13942081,12081058,4197899,5258010,10665386,9661626,2622349,4890086,11632174
2025-11-05,5887567,16487888,17958118,6058401,7287541,33617757,8147447,12694656,6282393,3184939,4414459,5199299,8483489,1949605,7686706,3388892,3757225,8730444,10651510,5100005,3157748,35879446,13932233,12072478,4195003,5254418,10657970,9655010,2620565,4886586,11624114
2025-11-06,5905192,16537253,18011878,6076536,7309366,33718407,8171837,12732666,6301203,3194479,4427674,5214869,8508884,1955440,7709716,3399032,3768475,8756589,10683400,5115275,3167198,35986876,13973948,12108628,4207558,5270153,10689875,9683915,2628410,4901211,11658914
2025-11-07,5905192,16537253,18011878,6076536,7309366,33718407,8171837,12732666,6301203,3194479,4427674,5214869,8508884,1955440,7709716,3399032,3768475,8756589,10683400,5115275,3167198,35986876,13973948,12108628,4207558,5270153,10689875,9683915,2628410,4901211,11658914
2025-11-10,5889917,16494470,17965286,6060819,7290451,33631177,8150699,12699724,6284901,3186211,4416221,5201375,8486875,1950383,7689774,3390244,3758725,8733930,10655762,5102041,3159008,35893783,13937795,12077298,4196677,5256516,10662224,9658864,2621611,4888536,11628754
2025-11-11,5889917,16494470,17965286,6060819,7290451,33631177,8150699,12699724,6284901,3186211,4416221,5201375,8486875,1950383,7689774,3390244,3758725,8733930,10655762,5102041,3159008,35893783,13937795,12077298,4196677,5256516,10662224,9658864,2621611,4888536,11628754
2025-11-12,5892269,16501058,17972462,6063239,7293363,33644609,8153955,12704796,6287411,3187483,4417985,5203453,8490265,1951163,7692846,3391598,3760227,8737418,10660018,5104079,3160270,35908119,13943361,12082122,4198353,5258616,10666482,9662722,2622659,4890488,11633398
2025-11-13,5886389,16484588,17954522,6057189,7286083,33611029,8145815,12692116,6281136,3184303,4413575,5198258,8481790,1949213,7685166,3388213,3756472,8728698,10649378,5098984,3157115,35872279,13929446,12070062,4194163,5253366,10655837,9653077,2620039,4885608,11621788
2025-11-14,5866397,16428590,17893526,6036619,7261331,33496857,8118139,12649004,6259801,3173491,4398581,5180595,8452975,1942583,7659054,3376704,3743705,8699050,10613202,5081661,3146388,35750423,13882135,12029058,4179917,5235516,10619644,9620284,2611131,4869016,11582314
2025-11-17,5864858,16424125,17888703,6034942,7259339,33487724,8115943,12645545,6258109,3172632,4397307,5179222,8450610,1942053,7656902,3375765,3742748,8696735,10610299,5080248,3145571,35740626,13878347,12025767,4178751,5234066,10616734,9617574,2610363,4867677,11579153
2025-11-18,5867214,16430721,17895887,6037366,7262255,33501172,8119203,12650623,6260623,3173906,4399073,5181302,8454004,1942833,7659976,3377121,3744252,8700227,10614559,5082288,3146835,35754978,13883921,12030597,4180429,5236168,10620998,9621436,2611411,4869631,11583803
2025-11-19,5867214,16430721,17895887,6037366,7262255,33501172,8119203,12650623,6260623,3173906,4399073,5181302,8454004,1942833,7659976,3377121,3744252,8700227,10614559,5082288,3146835,35754978,13883921,12030597,4180429,5236168,10620998,9621436,2611411,4869631,11583803
2025-11-20,5842476,16361421,17820413,6011893,7231616,33359863,8084952,12597262,6234226,3160529,4380509,5159441,8418346,1934643,7627678,3362883,3728460,8663540,10569787,5060847,3133563,35604177,13825352,11979861,4162789,5214076,10576205,9580864,2600386,4849093,11534936
2025-11-21,5844834,16368023,17827603,6014319,7234534,33373323,8088214,12602344,6236742,3161805,4382277,5161523,8421742,1935423,7630756,3364239,3729964,8667036,10574051,5062889,3134827,35618543,13830930,11984695,4164469,5216180,10580473,9584730,2601436,4851049,11539590
2025-11-24,5848371,16377926,17838391,6017958,7238911,33393516,8093107,12609970,6240516,3163719,4384929,5164646,8426839,1936593,7635373,3366276,3732220,8672280,10580450,5065952,3136723,35640095,13839300,11991946,4166989,5219336,10586875,9590529,2603011,4853983,11546571
2025-11-25,5836571,16344886,17802401,6005818,7224301,33326136,8076777,12584530,6227926,3157339,4376079,5154226,8409839,1932683,7619963,3359486,3724690,8654780,10559100,5055732,3130393,35568185,13811380,11967746,4158579,5208806,10565515,9571179,2597761,4844193,11523271
2025-11-26,5809431,16268871,17719624,5977896,7190698,33171162,8039218,12526018,6198969,3142665,4355724,5130260,8370739,1923690,7584520,3343869,3707371,8614530,10509995,5032226,3115834,35402792,13747164,11912086,4139236,5184587,10516387,9526674,2585686,4821676,11469681
2025-11-28,5842471,16361411,17820396,6011888,7231606,33359826,8084942,12597250,6234221,3160529,4380504,5159436,8418339,1934638,7627668,3362881,3728455,8663530,10569775,5060842,3133558,35604140,13825340,11979846,4162784,5214071,10576195,9580854,2600386,4849088,11534921
2025-12-01,5837751,16348191,17806000,6007032,7225762,33332874,8078410,12587074,6229185,3157977,4376964,5155268,8411539,1933074,7621504,3360165,3725443,8656530,10561235,5056754,3131026,35575376,13814172,11970166,4159420,5209859,10567651,9573114,2598286,4845172,11525601
2025-12-02,5817691,16292023,17744817,5986394,7200925,33218328,8050649,12543826,6207782,3147131,4361919,5137554,8382639,1926427,7595307,3348622,3712642,8626780,10524940,5039380,3120265,35453129,13766708,11929026,4145123,5191958,10531339,9540219,2589361,4828529,11485991
2025-12-03,5795271,16229228,17676436,5963328,7173166,33090306,8019622,12495490,6183861,3135009,4345104,5117756,8350339,1918998,7566028,3335721,3698335,8593530,10484375,5019962,3108238,35316500,13713660,11883046,4129144,5171951,10490755,9503454,2579386,4809928,11441721
2025-12-04,5791051,16217583,17663645,5959102,7168117,33066464,8013825,12486494,6179330,3132767,4342039,5114078,8344339,1917679,7560559,3333310,3695658,8587280,10476860,5016364,3105941,35291072,13703723,11874566,4126175,5168274,10483131,9496639,2577561,4806517,11433551
2025-12-05,5833531,16336563,17793245,6002806,7220713,33309032,8072613,12578078,6224654,3155735,4373899,5151590,8405539,1931755,7616035,3357754,3722766,8650280,10553720,5053156,3128729,35549984,13804271,11961686,4156451,5206182,10560027,9566299,2596461,4841761,11517431
2025-12-08,5860671,16412555,17876045,6030728,7254293,33464006,8110195,12636590,6253634,3170409,4394231,5175556,8444639,1940725,7651455,3373394,3740108,8690530,10602802,5076662,3143265,35715400,13868487,12017346,4175771,5230424,10609155,9610827,2608559,4864301,11571021
2025-12-09,5896661,16513388,17985906,6067755,7298884,33669637,8160032,12714243,6292064,3189868,4421254,5207337,8496550,1952620,7698486,3394134,3763105,8743905,10667950,5107833,3162602,35934817,13953704,12091156,4201452,5262571,10674364,9669875,2624602,4894191,11642086
2025-12-10,5950941,16665464,18151598,6123599,7366136,33979769,8235196,12831359,6350024,3219216,4462010,5255269,8574842,1970560,7769418,3425414,3797789,8824405,10766206,5154845,3191766,36265741,14082228,12202476,4240184,5311055,10772712,9758931,2648798,4939271,11749358
2025-12-11,6004631,16815887,18315489,6178927,7432657,34286530,8309543,12947202,6407354,3248245,4502323,5302680,8652283,1988396,7839579,3456354,3832096,8904030,10863394,5201346,3220613,36593159,14209355,12312677,4278495,5359012,10869991,9847019,2672731,4983861,11855464
2025-12-12,6024725,16872123,18376757,6199599,7457511,34401212,8337321,12990518,6428774,3259125,4517385,5320428,8681217,1995060,7865793,3467914,3844914,8933814,10899740,5218754,3231391,36715525,14256887,12353851,4292809,5376930,10906337,9879965,2681673,5000521,11895108
2025-12-15,6030044,16887018,18392975,6205071,7464090,34431578,8344683,13001984,6434444,3262005,4521372,5325126,8688876,1996824,7872732,3470974,3848307,8941698,10909361,5223362,3234244,36747925,14269469,12364750,4296598,5381673,10915967,9888686,2684040,5004931,11905602
2025-12-16,6014678,16843988,18346123,6189263,7445084,34343854,8323415,12968860,6418064,3253685,4509854,5311554,8666750,1991728,7852686,3462134,3838505,8918922,10881567,5210050,3226002,36654299,14233121,12333264,4285652,5367971,10888147,9863492,2677202,4992191,11875286
2025-12-17,6005813,16819163,18319093,6180143,7434119,34293244,8311145,12949750,6408599,3248885,4503209,5303724,8653985,1988788,7841121,3457034,3832850,8905782,10865532,5202370,3221247,36600284,14212151,12315084,4279337,5360066,10872097,9848957,2673257,4984841,11857781
2025-12-18,5980991,16749653,18243409,6154607,7403417,34151536,8276789,12896242,6382097,3235445,4484603,5281800,8618243,1980556,7808739,3442754,3817016,8868990,10820634,5180866,3207933,36449042,14153435,12264180,4261655,5337932,10827157,9808259,2662211,4964261,11808767
2025-12-19,5993402,16784408,18281272,6167375,7418789,34222411,8293967,12922996,6395348,3242165,4493906,5292762,8636135,1984672,7824951,3449894,3824933,8887386,10843083,5191618,3214590,36524684,14182814,12289632,4270496,5348999,10849627,9828608,2667734,4974572,11833274
2025-12-22,5979852,16738228,18242872,6216030,7399139,34504186,8269827,12884081,6375063,3232730,4481476,5276797,8613585,1983032,7906051,3440894,3814093,8868111,10813528,5173983,3175045,36414439,14147474,12255847,4258796,5389419,10816572,9800453,2659504,5041902,11798214
2025-12-23,5967546,16703809,18205345,6203241,7383914,34433206,8252817,12857579,6361959,3226073,4472257,5265940,8595861,1978958,7889797,3433817,3806239,8849862,10791289,5163336,3168514,36339532,14118368,12230647,4250039,5378331,10794333,9780293,2654044,5031528,11773938
2025-12-24,5952310,16661169,18158883,6187407,7365064,34345326,8231757,12824767,6345735,3217831,4460843,5252498,8573917,1973914,7869673,3425055,3796515,8827268,10763755,5150154,3160428,36246790,14082332,12199421,4239197,5364603,10766773,9755333,2647258,5018684,11743882
2025-12-26,5953482,16664449,18162457,6188625,7366514,34352086,8233377,12827291,6346983,3218465,4461721,5253532,8575605,1974302,7871221,3425729,3797263,8829006,10765873,5151168,3161050,36253924,14085104,12201823,4240031,5365659,10768893,9757253,2647780,5019672,11746194
2025-12-29,5985126,16753009,18258955,6221511,7405664,34534606,8277117,12895439,6380679,3235583,4485427,5281450,8621181,1984778,7913017,3443927,3817459,8875932,10823059,5178546,3177844,36446542,14159948,12266623,4262549,5394171,10826133,9809093,2661874,5046348,11808618
2025-12-30,5972820,16718569,18221428,6208722,7390439,34463626,8260107,12868937,6367575,3228926,4476208,5270593,8603457,1980704,7896763,3436850,3809605,8857683,10800820,5167899,3171313,36371635,14130842,12241423,4253792,5383083,10803873,9788933,2656393,5035974,11784342
2025-12-31,5961686,16687409,18187475,6197151,7376664,34399387,8244717,12844959,6355700,3222903,4467867,5260770,8587421,1977018,7882038,3430447,3802499,8841172,10780699,5158266,3165404,36303843,14104508,12218604,4245869,5373051,10783733,9770693,2651434,5026588,11762378
2026-01-02,5932972,16607049,18099912,6167310,7341139,34233718,8205027,12783121,6325075,3207370,4446356,5235437,8546065,1967512,7844063,3413934,3784173,8798591,10728808,5133423,3150165,36129011,14036594,12159755,4225436,5347179,10731793,9723653,2638645,5002382,11705734
2026-01-06,5953482,16664449,18162492,6188625,7366514,34352053,8233377,12827291,6346950,3218465,4461721,5253532,8575605,1974302,7871188,3425729,3797263,8829006,10765908,5151168,3161050,36253891,14085104,12201790,4240031,5365659,10768893,9757253,2647780,5019672,11746194
2026-01-07,5955240,16669369,18167856,6190452,7368689,34362196,8235807,12831077,6348825,3219416,4463038,5255083,8578137,1974884,7873513,3426740,3798385,8831613,10769088,5152689,3161983,36264595,14089262,12205393,4241282,5367243,10772073,9760133,2648563,5021154,11749662
2026-01-08,5913048,16551289,18039120,6146604,7316489,34118764,8177487,12740213,6303825,3196592,4431430,5217859,8517369,1960916,7817713,3402476,3771457,8769045,10692768,5116185,3139591,36007699,13989470,12118921,4211258,5329227,10695753,9691013,2629771,4985586,11666430
2026-01-09,5933558,16608724,18101700,6167919,7341864,34237134,8205872,12784418,6325700,3207687,4446795,5235954,8546909,1967706,7844838,3414271,3784547,8799460,10729868,5133930,3150476,36132614,14038015,12160956,4225853,5347707,10732853,9724648,2638906,5002876,11706890
2026-01-12,5921838,16575904,18065940,6155739,7327364,34169494,8189652,12759158,6313200,3201347,4438015,5225614,8530029,1963826,7829338,3407531,3777067,8782080,10708668,5123790,3144256,36061234,14010275,12136936,4217513,5337147,10711653,9705428,2633686,4992996,11683770
2026-01-13,5928870,16595596,18087396,6163047,7336064,34210078,8199384,12774314,6320700,3205151,4443283,5231818,8540157,1966154,7838638,3411575,3781555,8792508,10721388,5129874,3147988,36104062,14026919,12151348,4222517,5343483,10724373,9716960,2636818,4998924,11697642
2026-01-14,5957584,16675956,18175008,6192888,7371589,34375796,8239123,12836201,6351325,3220684,4464794,5257151,8581513,1975660,7876613,3428088,3799881,8835089,10773328,5154717,3163227,36278943,14094882,12210197,4242950,5369355,10776313,9764049,2649607,5023130,11754286
2026-01-15,5978094,16733356,18237588,6214203,7396964,34494166,8267508,12880406,6373200,3231779,4480159,5275246,8611053,1982450,7903738,3439883,3812971,8865504,10810428,5172462,3174112,36403858,14143427,12252232,4257545,5387835,10813413,9797684,2658742,5040420,11794746
2026-01-16,6002706,16802236,18312684,6239781,7427414,34636210,8301570,12933452,6399450,3245093,4498597,5296960,8646501,1990598,7936288,3454037,3828679,8902002,10854948,5193756,3187174,36553756,14201681,12302674,4275059,5410011,10857933,9838046,2669704,5061168,11843298
2026-01-20,5979852,16738276,18242952,6216030,7399139,34504312,8269941,12884195,6375075,3232730,4481476,5276797,8613585,1983032,7906063,3440894,3814093,8868111,10813608,5173983,3175045,36414565,14147588,12255835,4258796,5389419,10816593,9800567,2659525,5041902,11798214
2026-01-21,5977508,16731716,18235800,6213594,7396239,34490784,8266697,12879143,6372575,3231462,4479720,5274729,8610209,1982256,7902963,3439546,3812597,8864635,10809368,5171955,3173801,36400289,14142040,12251031,4257128,5387307,10812353,9796723,2658481,5039926,11793590
2026-01-22,5960514,16684156,18183948,6195933,7375214,34392706,8243178,12842516,6354450,3222269,4466989,5259736,8585733,1976630,7880488,3429773,3801751,8839434,10778628,5157252,3164782,36296788,14101817,12216202,4245035,5371995,10781613,9768854,2650912,5025600,11760066
2026-01-23,5977508,16731716,18235800,6213594,7396239,34490784,8266697,12879143,6372575,3231462,4479720,5274729,8610209,1982256,7902963,3439546,3812597,8864635,10809368,5171955,3173801,36400289,14142040,12251031,4257128,5387307,10812353,9796723,2658481,5039926,11793590
2026-01-26,5977508,16731716,18235800,6213594,7396239,34490784,8266697,12879143,6372575,3231462,4479720,5274729,8610209,1982256,7902963,3439546,3812597,8864635,10809368,5171955,3173801,36400289,14142040,12251031,4257128,5387307,10812353,9796723,2658481,5039926,11793590
2026-01-27,5983954,16749756,18255468,6220293,7404214,34527986,8275607,12893036,6379450,3234949,4484549,5280416,8619493,1984390,7911488,3443253,3816711,8874194,10821028,5177532,3177222,36439548,14157297,12264242,4261715,5393115,10824013,9807294,2661352,5045360,11806306
2026-01-28,5985712,16754676,18260832,6222120,7406389,34538132,8278037,12896825,6381325,3235900,4485866,5281967,8622025,1984972,7913813,3444264,3817833,8876801,10824208,5179053,3178155,36450255,14161458,12267845,4262966,5394699,10827193,9810177,2662135,5046842,11809774
2026-01-29,5969304,16708756,18210768,6205068,7386089,34443436,8255357,12861461,6363825,3227024,4473574,5267491,8598393,1979540,7892113,3434828,3807361,8852469,10794528,5164857,3169447,36350323,14122622,12234217,4251290,5379915,10797513,9783269,2654827,5033010,11777406
2026-01-30,5998604,16790756,18300168,6235518,7422339,34612536,8295857,12924611,6395075,3242874,4495524,5293341,8640593,1989240,7930863,3451678,3826061,8895919,10847528,5190207,3184997,36528773,14191972,12294267,4272140,5406315,10850513,9831319,2667877,5057710,11835206
2026-02-02,5947036,16646436,18142824,6181926,7358539,34314920,8224577,12813467,6340075,3214978,4456892,5247845,8566321,1972168,7862663,3422022,3793149,8819447,10754248,5145591,3157629,36214701,14069916,12188579,4235444,5359851,10757233,9746751,2644909,5014238,11733478
2026-02-03,5946450,16644795,18141036,6181317,7357814,34311538,8223766,12812204,6339450,3214661,4456453,5247328,8565477,1971974,7861888,3421685,3792775,8818578,10753188,5145084,3157318,36211132,14068529,12187378,4235027,5359323,10756173,9745790,2644648,5013744,11732321
2026-02-04,5946450,16644795,18141036,6181317,7357814,34311538,8223766,12812204,6339450,3214661,4456453,5247328,8565477,1971974,7861888,3421685,3792775,8818578,10753188,5145084,3157318,36211132,14068529,12187378,4235027,5359323,10756173,9745790,2644648,5013744,11732321
2026-02-05,5946748,16645408,18141713,6181554,7358139,34312957,8223989,12812663,6339675,3214842,4456680,5247509,8565862,1972016,7862263,3421726,3792957,8818988,10753568,5145255,3157441,36212542,14069020,12187864,4235201,5359527,10756546,9746163,2644821,5013986,11732822
2026-02-06,5961398,16686433,18186438,6196779,7376264,34397532,8244264,12844238,6355300,3222767,4467655,5260434,8586987,1976866,7881638,3430151,3802307,8840738,10780068,5157930,3165216,36301792,14103695,12217914,4245651,5372727,10783071,9770188,2651346,5026336,11761747
2026-02-09,5920964,16573204,18062997,6154758,7326239,34164105,8188305,12757091,6312175,3200894,4437364,5224761,8528682,1963480,7828163,3406898,3776501,8780708,10706928,5122947,3143757,36055462,14007992,12134976,4216809,5336295,10709862,9703879,2633337,4992250,11681914
2026-02-10,5895180,16501000,17984281,6127918,7294295,34015209,8152621,12701519,6284675,3186946,4418048,5202013,8491502,1954944,7794063,3392070,3760045,8742428,10660288,5100639,3130073,35898338,13946964,12082088,4198417,5313019,10663178,9661595,2621853,4970514,11631006
2026-02-11,5912790,16550260,18037951,6146218,7316075,34116729,8176951,12739439,6303425,3196456,4431248,5217553,8516852,1960794,7817313,3402180,3771265,8768528,10692118,5115849,3139403,36005498,13988604,12118148,4210957,5328889,10695008,9690425,2629683,4985364,11665716
2026-02-12,5928052,16592978,18084491,6162078,7334951,34204765,8198063,12772303,6319701,3204698,4442688,5231021,8538822,1965864,7837489,3410968,3780989,8791148,10719704,5129057,3147515,36098396,14024692,12149426,4221825,5342643,10722594,9715437,2636469,4998234,11695824
2026-02-13,5942727,16634053,18129241,6177328,7353101,34289415,8218363,12803903,6335351,3212623,4453688,5243971,8559947,1970739,7856889,3419418,3790339,8812898,10746229,5141757,3155315,36187721,14059392,12179501,4232275,5355868,10749119,9739487,2642994,5010609,11724774
2026-02-17,5973838,16721132,18224111,6209658,7391579,34468873,8261399,12870895,6368529,3229424,4477008,5271425,8604732,1981074,7898017,3437332,3810161,8859008,10802462,5168681,3171851,36377090,14132956,12243260,4254429,5383905,10805352,9790473,2656827,5036844,11786148
2026-02-18,5961511,16686608,18186479,6196848,7376312,34397704,8244347,12844330,6355383,3222767,4467768,5260547,8586966,1976979,7881721,3430234,3802286,8840717,10780160,5158013,3165299,36301994,14103787,12217976,4245651,5372796,10783050,9770271,2651346,5026449,11761809
2026-02-19,5975035,16724443,18227718,6210901,7393033,34475697,8263046,12873448,6369804,3230081,4477888,5272484,8606424,1981464,7899592,3438008,3810911,8860773,10804609,5169697,3172475,36384311,14135757,12245668,4255288,5384986,10807499,9792420,2657349,5037834,11788466
2026-02-20,5969155,16707993,18209788,6204791,7385763,34441777,8254916,12860778,6363534,3226901,4473478,5267294,8597954,1979514,7891822,3434628,3807161,8852053,10793979,5164607,3169355,36348511,14121847,12233618,4251098,5379686,10796869,9782790,2654739,5032874,11776866
2026-02-23,5966803,16701409,18202616,6202347,7382855,34428209,8251664,12855710,6361026,3225629,4471714,5265218,8594566,1978734,7888714,3433276,3805661,8848565,10789727,5162571,3168107,36334191,14116283,12228798,4249422,5377566,10792617,9778938,2653695,5030890,11772226
2026-02-24,6012079,16828074,18340677,6249394,7438834,34689393,8314265,12953269,6409305,3250115,4505671,5305181,8659785,1993749,7948543,3459302,3834536,8915709,10871578,5201764,3192131,36609851,14223390,12321583,4281685,5418376,10874468,9853089,2673792,5069082,11861546
2026-02-25,5964451,16694748,18195363,6199903,7379947,34414641,8248412,12850642,6358518,3224357,4469950,5263142,8591178,1977954,7885606,3431924,3804161,8845077,10785475,5160535,3166859,36319871,14110719,12223978,4247746,5375446,10788365,9775005,2652651,5028906,11767586
2026-02-26,5964451,16694748,18195363,6199903,7379947,34414641,8248412,12850642,6358518,3224357,4469950,5263142,8591178,1977954,7885606,3431924,3804161,8845077,10785475,5160535,3166859,36319871,14110719,12223978,4247746,5375446,10788365,9775005,2652651,5028906,11767586
2026-02-27,5980231,16739108,18243793,6216313,7399517,34505961,8270242,12884712,6375388,3232937,4481760,5277032,8614048,1983104,7906476,3441004,3814311,8868597,10814005,5174225,3175179,36416271,14148129,12256428,4259036,5389646,10817095,9800945,2659661,5042166,11798886
2026-03-02,6051967,16939920,18462539,6290855,7488211,34919785,8369428,13039286,6451882,3271733,4535562,5340350,8717382,2006894,8001270,3482240,3860061,8974981,10943691,5236323,3213243,36853031,14317831,12403438,4310154,5454306,10946781,9918553,2691503,5102678,11940406
2026-03-03,6057857,16956400,18480499,6296975,7495491,34953745,8377568,13051966,6458162,3274913,4539972,5345540,8725862,2008844,8009050,3485630,3863811,8983711,10954331,5241413,3216373,36888881,14331761,12415498,4314344,5459616,10957431,9928203,2694123,5107638,11952016
2026-03-04,6131792,17163220,18706039,6373855,7587026,35380300,8479778,13211301,6536982,3314783,4595287,5410840,8832282,2033369,8106720,3528215,3911051,9093306,11088106,5305268,3255668,37339171,14506656,12567003,4366929,5526281,11091206,10049378,2727053,5169878,12097846
2026-03-05,6138107,17181100,18725499,6380475,7594841,35417030,8488668,13225016,6543762,3318313,4600022,5416340,8841462,2035494,8115250,3531880,3915011,9102761,11099581,5310803,3610523,37377781,14521711,12580048,4371494,5531966,11102681,10059753,2729923,5175238,12110416
2026-03-06,6121062,17133402,18673509,6362756,7573758,35318720,8465098,13188302,6525608,3309091,4587262,5401318,8816928,2029839,8092717,3522078,3904136,9077502,11068761,5296071,3600489,37274026,14481401,12545132,4359372,5516603,11071854,10031826,2722354,5160883,12076805
2026-03-09,6151050,17217297,18764952,6393917,7610835,35491610,8506561,13252868,6557534,3325309,4609702,5427736,8860074,2039784,8132344,3539316,3923261,9121923,11122974,5321979,3618135,37456504,14552291,12606536,4380690,5543633,11126067,10080939,2735665,5186128,12135914
2026-03-10,6180450,17299547,18854602,6424467,7647185,35661160,8547211,13316168,6588834,3341209,4631702,5453686,8902374,2049534,8171194,3556216,3942011,9165473,11176124,5347379,3635435,37635404,14621791,12666736,4401640,5570133,11179217,10129089,2748715,5210878,12193864
2026-03-11,6200442,17355511,18915598,6445241,7671937,35776522,8574853,13359246,6610152,3352021,4646696,5471332,8931172,2056164,8197612,3567708,3954761,9195121,11212266,5364685,3647199,37757158,14669085,12707706,4415886,5588153,11215393,10161865,2757623,5227742,12233304
2026-03-12,6208086,17376909,18938920,6453184,7681401,35820631,8585422,13375717,6618303,3356155,4652429,5478079,8942183,2058699,8207713,3572102,3959636,9206457,11226085,5371302,3651697,37803711,14687168,12723371,4421333,5595043,11229225,10174397,2761029,5234190,12248384
2026-03-13,6249834,17493775,19066294,6496565,7733089,36061534,8643145,13465674,6662820,3378733,4683740,5514928,9002320,2072544,8262880,3596100,3986261,9268369,11301558,5407441,3676263,38057962,14785929,12808926,4451082,5632673,11304769,10242841,2779631,5269406,12330744
2026-03-16,6250422,17495421,19068088,6497176,7733817,36064928,8643958,13466941,6663447,3379051,4684181,5515447,9003167,2072739,8263658,3596438,3986636,9269241,11302622,5407950,3676609,38061543,14787320,12810131,4451501,5633203,11305833,10243805,2779893,5269902,12331904
2026-03-17,6265710,17538217,19114732,6513062,7752745,36153172,8665096,13499883,6679749,3387319,4695647,5528941,9025189,2077809,8283886,3605226,3996386,9291913,11330286,5421184,3685605,38154675,14823512,12841487,4462395,5646983,11333497,10268869,2786705,5282798,12362090
2026-03-18,6277470,17571137,19150612,6525282,7767305,36221052,8681356,13525223,6692289,3393679,4704467,5539321,9042129,2081709,8299446,3611986,4003886,9309353,11351566,5431364,3692525,38226315,14851352,12865607,4470775,5657583,11354777,10288149,2791945,5292718,12385310
2026-03-19,6262182,17528315,19103942,6509396,7748377,36132808,8660218,13492281,6675987,3385411,4693001,5525827,9020107,2076639,8279218,3603198,3994136,9286681,11323902,5418130,3683529,38133183,14815160,12834251,4459881,5643803,11327113,10263085,2785133,5279822,12355124
2026-03-20,6154716,17442581,18776204,6397816,7713329,35512942,8511602,13260811,6561419,3328205,4713319,5431003,8865497,2040929,8160014,3541414,3925704,9222841,11129704,5313864,3621519,37480151,14561058,12614197,4383357,5549881,11132797,10087069,2821091,5225158,12143180
2026-03-23,6154716,17442581,18776204,6397816,7713329,35512942,8511602,13260811,6561419,3328205,4713319,5431003,8865497,2040929,8160014,3541414,3925704,9222841,11129704,5313864,3621519,37480151,14561058,12614197,4383357,5549881,11132797,10087069,2821091,5225158,12143180
2026-03-24,6165793,17473969,18809986,6409330,7727218,35576858,8526916,13284675,6573218,3334190,4721793,5440769,8881457,2044596,8174701,3547779,3932772,9239447,11149730,5323421,3628036,37547601,14587259,12636902,4391242,5559875,11152823,10105214,2826164,5234563,12165030
2026-03-25,6171623,17490489,18827766,6415390,7734528,35610498,8534976,13297235,6579428,3337340,4726253,5445909,8889857,2046526,8182431,3551129,3936492,9248187,11160270,5328451,3631466,37583101,14601049,12648852,4395392,5565135,11163363,10114764,2828834,5239513,12176530
2026-03-26,6161129,17460753,18795762,6404482,7721370,35549946,8520468,13274627,6568250,3331670,4718225,5436657,8874737,2043052,8168517,3545099,3929796,9232455,11141298,5319397,3625292,37519201,14576227,12627342,4387922,5555667,11144391,10097574,2824028,5230603,12155830
2026-03-27,6154133,17440929,18774426,6397210,7712598,35509578,8510796,13259555,6560798,3327890,4712873,5430489,8864657,2040736,8159241,3541079,3925332,9221967,11128650,5313361,3621176,37476601,14559679,12613002,4382942,5549355,11131743,10086114,2820824,5224663,12142030
2026-03-30,6192028,17548309,18889996,6436600,7760113,35728173,8563186,13341195,6601163,3348365,4741863,5463899,8919257,2053281,8209486,3562854,3949512,9278777,11197160,5346056,3643471,37707351,14649314,12690677,4409917,5583545,11200253,10148189,2838179,5256838,12216780
2026-03-31,6148886,17426061,18758424,6391756,7706019,35479311,8503542,13248251,6555209,3325055,4708859,5425863,8857097,2038999,8152284,3538064,3921984,9214101,11119164,5308834,3618089,37444651,14547268,12602247,4379207,5544621,11122257,10077519,2818421,5220208,12131680
2026-04-01,6166376,17475621,18811764,6409936,7727949,35580231,8527722,13285931,6573839,3334505,4722239,5441283,8882297,2044789,8175474,3548114,3933144,9240321,11150784,5323924,3628379,37551151,14588638,12638097,4391657,5560401,11153877,10106169,2826431,5235058,12166180
2026-04-02,6166376,17475621,18811764,6409936,7727949,35580231,8527722,13285931,6573839,3334505,4722239,5441283,8882297,2044789,8175474,3548114,3933144,9240321,11150784,5323924,3628379,37551151,14588638,12638097,4391657,5560401,11153877,10106169,2826431,5235058,12166180
2026-04-06,6227591,17649081,18998454,6473566,7804704,35933451,8612352,13417811,6639044,3367580,4769069,5495253,8970497,2065054,8256639,3583289,3972204,9332091,11261454,5376739,3664394,37923901,14733433,12763572,4435232,5615631,11264547,10206444,2854466,5287033,12286930
2026-04-07,6246247,17701945,19055350,6492958,7828096,36041099,8638144,13458003,6658916,3377660,4783341,5511701,8997377,2071230,8281375,3594009,3984108,9360059,11295182,5392835,3675370,38037501,14777561,12801812,4448512,5632463,11298275,10237004,2863010,5302873,12323730
2026-04-08,6258490,17736658,19092709,6505684,7843447,36111743,8655070,13484379,6671978,3384275,4792728,5522516,9015017,2075283,8297608,3601065,3991920,9378413,11317316,5403398,3682573,38112072,14806541,12826907,4457227,5643509,11320430,10257080,2868617,5313268,12347880
2026-04-09,6307462,17875426,19242145,6556588,7904851,36394319,8722774,13589883,6724226,3410735,4830276,5565776,9085577,2091495,8362540,3629289,4023168,9451829,11405852,5445650,3711385,38410356,14922461,12927287,4492087,5687693,11409050,10337384,2891045,5354848,12444480
2026-04-10,6309794,17882034,19249261,6559012,7907775,36407775,8725998,13594907,6726714,3411995,4832064,5567836,9088937,2092267,8365632,3630633,4024656,9455325,11410068,5447662,3712757,38424560,14927981,12932067,4493747,5689797,11413270,10341208,2892113,5356828,12449080
2026-04-13,6303964,17865514,19231471,6552952,7900465,36374135,8717938,13582347,6720494,3408845,4827594,5562686,9080537,2090337,8357902,3627273,4020936,9446585,11399528,5442632,3709327,38389050,14914191,12920117,4489597,5684537,11402720,10331648,2889443,5351878,12437580
2026-04-14,6291721,17830822,19194112,6540226,7885114,36303491,8701012,13555971,6707432,3402230,4818207,5551871,9062897,2086284,8341669,3620217,4013124,9428231,11377394,5432069,3702124,38314479,14885232,12895022,4480882,5673491,11380565,10311572,2883836,5341483,12413430
2026-04-15,6270150,17769698,19128289,6517804,7858067,36179023,8671190,13509499,6684418,3390575,4801668,5532816,9031817,2079143,8313068,3607785,3999360,9395893,11338396,5413458,3689433,38183092,14834209,12850807,4465527,5654029,11341530,10276200,2873957,5323168,12370880
