date,ew_price,idxx_price,moh_price,mrna_price,unh_price,amgn_price,bmy_price,zbh_price,rmd_price,ste_price,iqv_price,vrtx_price,dva_price,syk_price,bdx_price,hsic_price,jnj_price,lh_price,vtrs_price,rvty_price,coo_price,cvs_price,regn_price,dgx_price,hca_price,wat_price,bax_price,mck_price,holx_price,wst_price,cah_price,dxcm_price,ci_price,uhs_price,mdt_price,abt_price,biib_price,tmo_price,pfe_price,lly_price,bsx_price,algn_price,zts_price,isrg_price,mtd_price,gehc_price,incy_price,mrk_price,a_price,abbv_price,solv_price,cnc_price,cor_price,dhr_price,crl_price,hum_price,elv_price,podd_price,gild_price,tech_price,xlv_calculated_price
2025-07-18,76.49,514.61,182.98,31.26,282.65,294.76,47.36,93.19,257.92,225.58,160.63,459.81,141.16,389.40,178.85,69.10,163.70,243.72,8.88,93.26,72.63,61.96,542.52,166.91,361.12,287.53,27.77,709.80,63.99,210.89,159.56,83.89,295.71,168.94,89.61,123.67,124.99,414.75,24.47,771.71,103.64,190.77,148.60,518.62,1194.85,75.96,67.86,79.96,113.99,189.26,73.28,27.95,292.87,190.05,154.48,220.41,277.09,284.23,108.22,52.02,131.65
2025-07-24,75.80,549.97,158.22,34.01,278.58,308.55,48.94,96.87,273.50,227.25,200.82,472.27,144.77,396.66,183.63,72.62,169.56,267.69,9.35,101.97,73.80,58.75,564.64,171.90,341.48,298.47,28.77,710.19,66.10,279.10,158.28,86.74,293.93,155.46,92.32,125.64,132.59,475.03,25.35,805.43,106.21,202.18,152.82,488.61,1260.75,76.77,70.49,84.11,120.35,190.83,73.93,26.76,290.45,202.81,177.10,229.21,280.43,286.58,113.20,58.47,136.15
2025-07-25,80.00,565.19,165.02,34.15,281.06,306.58,48.43,97.55,275.16,230.46,199.17,469.65,145.17,403.53,185.32,71.46,168.30,264.96,9.41,103.67,74.59,60.70,563.10,168.55,334.32,302.95,29.22,711.82,66.50,263.51,157.14,88.99,296.37,155.60,92.94,126.54,131.52,478.32,24.79,812.69,106.14,205.56,152.12,495.86,1263.99,77.61,70.20,84.71,120.18,190.28,74.75,28.39,290.36,205.48,176.93,237.98,289.10,290.22,116.20,58.78,135.87
2025-07-28,78.49,566.50,164.19,33.91,282.12,301.29,47.51,95.98,273.50,226.53,197.76,460.83,145.31,400.69,182.94,70.46,166.22,261.88,9.26,95.04,72.91,59.64,558.63,167.85,340.54,302.36,28.52,706.28,65.69,257.76,156.33,89.53,292.39,154.95,91.97,126.35,129.28,484.96,24.31,808.11,105.84,207.19,150.75,493.95,1261.03,77.74,70.16,84.06,119.54,188.52,73.77,26.86,286.20,202.94,178.99,231.52,285.98,292.27,113.03,58.55,134.42
2025-07-29,80.47,573.07,161.07,32.66,261.07,303.56,46.86,94.95,277.70,228.37,194.55,468.41,145.98,400.57,182.38,70.05,168.11,261.72,9.19,94.47,73.70,60.00,558.15,167.93,344.50,303.19,28.84,712.15,66.04,252.94,157.39,89.35,292.17,162.82,92.44,128.01,127.90,482.16,24.30,762.95,106.47,205.81,151.01,496.87,1266.10,77.72,77.38,82.63,119.84,191.22,73.55,25.53,289.77,206.85,178.45,232.62,288.73,291.49,114.23,57.87,133.60
2025-07-30,81.16,572.09,159.97,32.15,266.04,301.37,45.98,93.32,277.44,229.27,191.54,469.16,144.57,400.41,181.54,69.58,167.26,263.91,9.00,90.85,72.28,62.30,554.58,168.73,355.06,299.07,28.05,714.92,64.98,249.21,157.90,89.06,297.86,165.44,91.64,128.55,126.64,477.28,23.81,760.08,106.76,203.57,148.81,500.51,1265.90,71.64,77.55,81.75,118.05,189.31,72.98,25.79,291.80,203.99,176.19,261.47,293.55,298.27,114.76,57.71,134.32
2025-07-31,79.31,534.31,157.87,29.56,249.56,295.10,43.31,91.65,271.94,226.49,185.86,456.87,140.37,392.73,178.25,67.65,164.74,260.08,8.74,87.90,70.69,62.10,545.46,167.41,353.99,288.76,21.76,693.54,66.82,239.26,155.22,80.77,267.38,166.45,90.24,126.19,128.00,467.68,23.29,740.07,104.92,129.01,145.79,481.09,1233.68,71.32,74.89,78.12,114.81,189.02,71.36,26.07,286.08,197.16,169.64,249.87,283.08,288.40,112.29,54.73,128.44
2025-08-01,79.33,535.54,155.13,27.60,237.77,296.88,44.23,90.62,279.20,226.87,182.45,462.13,138.48,377.79,176.37,67.98,167.33,261.50,8.81,88.23,70.87,62.47,558.87,170.85,356.97,290.31,21.96,698.80,67.16,239.26,156.00,79.28,262.23,162.98,89.34,127.29,131.95,463.04,23.49,762.33,105.41,136.52,147.38,483.12,1197.23,69.85,75.59,79.29,113.50,195.22,71.73,25.91,288.35,197.09,166.91,247.26,274.66,284.91,113.18,54.89,130.96
2025-08-04,80.09,682.78,158.15,27.64,240.98,301.94,45.40,92.40,291.44,228.43,182.75,472.27,139.52,381.49,178.90,70.02,171.04,263.85,8.94,88.32,71.45,61.45,571.54,172.44,363.20,285.59,22.44,710.94,67.91,238.39,158.62,76.25,266.59,164.68,89.64,129.93,132.20,466.57,23.53,769.00,106.79,137.77,151.81,483.36,1231.88,70.64,78.04,79.86,114.84,197.19,73.22,26.21,293.64,197.46,167.92,247.35,274.93,287.77,114.51,54.88,133.02
2025-08-05,79.24,641.94,155.24,27.47,251.00,300.08,45.85,92.05,285.00,223.87,183.93,374.98,140.52,380.86,176.89,64.83,170.74,263.48,8.98,88.68,69.56,63.42,569.90,173.27,363.81,281.19,22.84,709.49,67.82,238.86,158.24,75.46,270.74,164.70,89.67,130.69,132.89,466.42,24.75,765.95,104.83,139.65,146.12,477.00,1243.94,70.74,77.72,80.79,114.89,198.55,72.43,25.89,292.35,199.04,167.49,254.47,276.41,281.00,112.46,54.64,132.15
2025-08-06,78.61,624.19,152.31,26.71,245.78,284.67,44.82,91.15,280.46,221.21,177.49,385.65,127.81,374.94,172.41,66.32,170.59,260.85,8.75,85.90,68.12,63.52,555.13,173.00,366.15,277.72,22.50,703.76,66.89,237.28,156.60,76.40,269.96,163.48,89.36,130.93,129.34,448.94,23.93,746.37,102.95,136.90,146.50,474.06,1221.84,69.96,77.65,79.44,113.23,196.30,72.57,25.21,283.78,195.17,150.33,256.62,276.30,277.30,110.28,49.87,130.09
2025-08-07,77.93,650.06,155.00,26.61,244.67,284.70,45.36,98.43,280.17,236.24,178.95,375.63,127.69,376.37,187.68,65.90,171.53,259.96,9.39,86.46,69.20,63.58,559.80,174.27,373.33,278.00,23.54,663.25,67.93,240.54,153.41,76.40,271.00,169.02,91.24,132.06,127.75,454.74,24.23,640.86,102.96,138.77,148.24,469.81,1236.96,71.10,78.20,80.37,113.98,198.86,71.95,25.26,278.40,198.49,149.78,256.14,283.48,303.55,110.28,50.15,127.80
2025-08-08,78.35,658.06,156.90,26.12,250.89,288.23,45.95,99.26,283.90,242.85,179.86,366.54,129.50,377.58,193.50,65.94,173.33,265.85,9.70,86.84,70.29,65.54,563.00,176.96,381.61,281.20,23.69,668.58,68.06,240.98,157.41,78.86,274.90,172.30,92.88,134.28,130.67,460.72,24.58,625.65,103.14,139.88,147.35,470.08,1255.97,72.00,78.39,80.69,114.62,198.05,73.39,25.59,285.13,200.56,148.74,266.68,293.99,307.10,119.41,50.42,130.32
2025-08-11,78.16,652.11,153.83,25.47,252.37,285.09,45.93,100.02,284.32,241.62,180.09,374.46,129.05,376.67,192.50,66.10,173.82,267.67,9.86,85.80,70.88,64.88,545.94,178.36,382.91,279.29,23.46,672.77,67.99,240.33,157.66,77.85,277.04,171.66,92.74,131.36,128.00,462.39,24.58,635.22,102.75,134.82,149.02,471.85,1256.49,73.00,79.19,80.03,114.13,198.64,71.86,25.25,290.70,199.76,148.93,266.67,290.79,304.84,120.47,50.15,130.11
2025-08-12,76.93,652.27,157.31,25.66,261.57,284.98,46.55,101.82,283.29,243.76,185.91,387.77,132.08,376.61,194.96,67.50,172.78,269.31,10.12,88.00,72.69,65.51,556.55,178.68,390.31,285.52,23.98,659.01,67.95,239.90,146.30,80.17,280.47,175.21,92.08,131.02,128.93,477.41,24.65,639.43,102.64,140.49,149.77,478.19,1292.89,74.41,81.61,80.30,117.32,198.64,72.09,26.17,289.15,205.72,152.75,274.94,292.48,309.63,120.02,52.83,130.97
2025-08-13,77.68,663.92,161.21,26.89,271.81,289.33,47.85,103.22,288.28,247.07,190.23,395.92,134.69,378.95,195.96,68.99,174.42,272.54,10.41,90.93,74.27,65.90,561.55,179.04,390.46,296.83,24.11,663.17,68.98,246.22,148.12,79.96,287.10,178.51,92.91,129.40,135.19,484.79,25.16,660.49,102.50,145.74,152.44,482.35,1324.06,75.33,85.85,82.71,120.29,201.47,74.38,27.07,291.04,209.14,155.00,281.99,294.43,308.68,120.14,54.71,133.04
2025-08-14,78.18,653.95,159.63,26.69,271.49,290.29,47.81,102.12,284.72,246.14,189.40,390.30,134.39,378.52,195.00,67.91,174.72,271.25,10.69,89.45,73.44,66.73,565.97,178.44,393.65,293.52,24.45,673.82,68.06,246.20,150.22,79.96,290.35,178.74,91.98,129.28,134.94,485.04,25.11,684.43,104.15,142.88,153.06,477.08,1313.64,73.66,86.16,82.76,118.87,204.68,73.20,26.93,294.87,210.22,155.80,281.34,295.43,315.78,119.02,53.74,132.45
2025-08-15,78.26,650.84,167.49,28.02,304.01,296.47,48.44,102.75,284.89,245.56,191.09,392.79,135.38,381.91,195.94,67.84,176.64,270.38,10.61,90.78,73.26,68.60,580.41,179.77,395.79,291.55,24.18,673.05,67.81,246.20,149.61,80.95,296.86,178.47,93.02,131.75,138.60,489.01,25.14,701.23,103.17,142.43,154.11,480.26,1312.34,73.40,86.92,84.21,119.20,206.69,71.42,28.49,292.82,210.93,156.68,286.39,309.57,321.27,118.37,53.60,135.92
2025-08-18,78.30,637.86,169.15,28.09,308.49,292.62,48.19,102.56,286.12,244.56,192.54,389.88,133.25,381.61,195.00,67.22,176.25,270.49,10.63,89.69,73.53,70.17,573.91,178.95,393.62,289.40,23.61,671.19,67.27,243.09,149.73,80.82,298.32,177.61,92.81,130.27,135.91,487.54,25.07,698.05,103.05,144.94,152.32,481.28,1311.32,73.17,84.92,84.22,118.15,206.57,70.76,28.99,290.35,209.01,156.98,287.19,309.32,323.07,117.99,53.29,135.72
2025-08-19,78.93,636.71,173.85,27.91,304.24,295.55,48.34,104.31,286.04,247.62,192.35,390.76,136.68,389.94,198.03,68.31,177.80,275.77,10.68,91.42,74.02,70.97,571.78,182.83,402.69,297.72,24.33,676.91,67.82,246.99,149.02,80.90,302.11,182.56,89.90,131.25,138.86,498.29,25.32,703.21,103.75,143.77,155.67,479.20,1322.57,73.97,85.46,84.93,120.11,206.19,72.27,29.33,294.71,212.20,158.48,288.25,312.00,327.48,117.98,54.87,136.55
2025-08-20,81.39,639.85,173.60,26.89,299.84,296.45,48.26,105.71,289.06,249.55,192.04,394.36,137.42,391.87,199.20,68.64,178.84,278.10,10.65,91.70,73.50,70.82,591.01,184.40,410.18,296.73,24.27,702.94,68.76,246.38,152.95,81.67,304.57,184.70,93.22,132.44,138.99,494.81,25.38,705.44,106.05,143.58,156.76,480.45,1316.88,73.87,86.20,84.66,119.11,209.15,72.85,29.40,303.69,211.40,159.58,290.00,310.00,333.00,118.73,54.33,137.37
2025-08-21,81.16,633.05,172.83,26.22,303.35,295.76,48.43,104.42,288.34,247.50,185.39,397.46,137.58,384.83,196.63,68.21,178.93,276.56,10.69,89.67,73.04,71.43,598.16,183.72,404.26,290.44,23.85,706.00,67.17,242.63,151.57,80.62,300.95,183.95,91.10,132.00,139.12,483.76,25.74,709.82,105.21,140.67,155.61,469.88,1278.00,73.15,86.53,86.08,117.15,209.50,72.00,28.81,303.23,203.90,154.54,294.47,309.60,327.85,116.14,54.00,137.15
2025-08-22,81.83,645.55,174.44,27.12,307.42,293.72,47.92,107.71,293.73,251.87,191.15,395.12,140.36,394.22,199.66,69.60,179.29,278.18,10.65,94.15,75.22,71.30,589.48,180.23,404.97,302.19,24.54,689.45,68.26,247.85,148.10,82.26,304.35,185.58,92.71,132.59,139.31,499.99,25.88,711.68,106.17,149.57,156.62,476.16,1321.45,75.22,85.04,87.37,121.63,210.60,73.55,29.41,292.60,211.80,161.84,299.51,316.55,330.77,114.77,57.09,138.01
2025-08-25,80.86,641.35,175.17,25.35,304.86,288.47,47.14,107.32,285.80,248.48,188.02,388.94,137.33,390.88,194.65,68.47,178.41,276.11,10.55,92.14,73.48,71.21,572.38,178.66,402.77,298.95,24.56,678.91,67.13,247.21,146.04,75.96,300.76,183.88,92.04,131.87,136.36,490.75,25.14,695.33,105.11,144.96,155.19,468.44,1289.78,74.59,84.76,85.31,119.15,207.55,72.75,29.08,288.30,207.73,164.11,297.20,314.00,329.00,114.15,56.71,136.39
2025-08-26,81.27,641.72,174.78,24.73,300.43,289.58,47.21,107.54,285.17,248.58,187.76,387.18,138.68,394.33,194.07,69.06,176.49,278.45,10.41,91.23,73.66,71.55,587.65,180.36,401.96,296.14,24.50,680.52,66.63,244.50,147.49,76.12,300.32,181.45,92.18,131.59,136.72,488.48,24.92,736.03,106.39,141.78,154.79,474.26,1284.77,74.09,84.00,84.99,118.30,208.36,72.92,28.66,289.70,206.25,163.71,298.87,310.03,331.83,114.75,56.79,136.75
2025-08-27,80.90,640.86,176.12,25.10,303.88,287.97,47.63,106.79,281.96,248.98,188.80,389.08,137.56,393.15,195.40,68.98,176.79,279.30,10.42,88.59,74.11,71.93,586.96,179.76,405.05,294.63,24.53,683.51,66.73,245.97,149.24,76.38,299.95,182.41,92.05,131.46,136.36,488.12,25.07,734.17,105.87,141.98,155.37,471.15,1285.24,74.26,84.84,84.07,118.69,208.06,72.89,28.84,290.56,205.00,162.80,297.26,309.81,334.35,113.92,56.22,136.70
2025-08-28,81.23,647.03,174.72,24.47,302.29,285.61,46.88,105.06,275.38,244.77,188.73,392.05,136.03,389.67,191.25,69.03,175.45,275.29,10.41,89.23,64.58,72.14,579.61,179.20,407.28,297.65,24.40,681.02,66.62,245.45,149.51,75.08,299.00,181.22,91.96,131.37,132.65,489.74,24.60,731.96,105.75,141.13,154.79,473.84,1283.11,73.72,83.70,83.21,124.96,207.92,72.66,28.38,289.89,205.29,163.22,297.89,310.41,337.60,112.56,54.33,136.43
2025-08-29,81.34,647.09,180.83,24.09,309.87,287.71,47.18,106.10,274.51,245.06,190.81,391.02,137.76,391.41,192.98,69.58,177.17,277.99,10.55,90.11,67.40,73.15,580.70,181.64,403.96,301.80,24.69,686.64,67.12,246.95,148.78,75.34,300.87,181.58,92.81,132.66,132.22,492.72,24.76,732.58,105.50,141.96,156.40,473.30,1301.04,73.73,84.61,84.12,125.66,210.40,73.09,29.04,291.61,205.82,163.31,303.66,318.65,339.88,112.97,54.63,137.43
2025-09-02,81.77,639.45,183.25,24.19,308.80,286.92,47.41,105.01,270.99,242.02,183.74,401.00,136.95,389.94,188.15,68.39,178.06,273.78,10.56,87.87,65.33,74.09,577.90,178.70,406.14,296.48,24.17,691.62,66.61,243.74,149.55,74.30,300.72,181.51,93.33,131.46,139.63,487.53,24.98,735.19,106.66,137.16,152.88,469.07,1276.00,71.60,85.98,85.48,125.21,211.92,71.82,29.62,294.85,203.79,161.25,310.06,322.33,344.92,112.71,53.42,136.91
2025-09-03,81.22,633.95,177.04,24.05,307.88,283.85,47.50,105.04,269.21,242.46,184.62,396.62,135.97,388.56,189.61,67.13,178.00,273.84,10.55,83.36,67.14,73.32,563.80,179.51,407.61,290.06,23.54,690.84,66.24,248.95,150.56,78.92,300.48,181.57,92.25,132.18,141.62,484.55,24.79,737.83,107.53,132.35,152.43,441.18,1268.60,72.38,86.96,84.18,125.22,211.86,71.40,30.06,295.14,199.44,162.33,311.98,321.59,343.53,112.99,53.34,137.16
2025-09-04,80.96,640.44,170.83,24.28,310.38,280.10,46.69,104.76,273.81,243.39,184.08,396.93,135.56,394.34,191.26,67.78,178.76,275.23,10.33,85.70,68.00,73.69,567.22,180.11,411.59,299.69,23.58,691.45,66.39,247.54,149.34,80.76,304.03,185.68,92.85,132.81,139.94,489.49,24.54,742.91,107.29,134.70,153.20,454.52,1287.79,74.12,85.44,84.05,128.48,213.00,72.38,28.65,292.70,199.03,162.31,312.00,308.05,346.47,112.77,52.92,137.68
2025-09-05,80.94,642.99,174.65,25.14,315.39,283.64,47.14,105.73,277.05,245.30,187.68,396.12,137.87,392.31,192.39,69.43,178.43,278.67,10.50,86.64,68.09,73.78,573.38,183.49,420.77,306.32,24.42,687.40,66.76,250.73,149.56,80.51,305.31,190.12,92.90,132.94,140.67,492.60,24.88,727.21,107.22,139.12,153.32,466.86,1305.71,75.73,86.64,84.71,128.75,212.56,72.72,28.98,292.50,200.21,163.99,307.92,313.64,348.43,115.05,54.41,137.96
2025-09-08,80.21,652.83,175.55,24.83,320.25,280.19,46.72,104.71,279.46,248.32,187.68,395.25,134.51,393.11,191.58,67.74,178.13,277.21,10.48,86.28,68.79,70.26,558.44,182.53,418.10,309.37,24.09,696.98,66.54,253.15,150.28,78.00,300.89,185.76,92.99,132.20,141.35,487.65,24.55,738.64,108.14,136.86,151.75,470.00,1314.65,78.16,86.56,84.09,128.13,209.79,74.60,28.84,297.86,198.63,162.00,310.38,308.16,349.56,115.88,54.11,137.47
2025-09-09,79.80,655.60,181.54,24.47,347.92,279.97,47.23,103.85,279.19,248.39,189.64,396.48,136.71,392.76,190.49,67.65,176.96,278.11,10.45,85.04,68.25,71.75,556.53,182.68,413.40,300.52,24.45,705.55,66.72,252.04,150.94,78.40,302.01,186.43,94.07,131.95,143.60,482.41,24.71,750.61,108.09,135.93,149.79,467.54,1285.31,78.71,85.60,84.61,126.25,210.42,72.90,31.06,298.67,194.33,157.38,273.02,315.09,352.82,115.76,54.20,138.82
2025-09-10,78.28,637.95,179.15,24.31,346.78,278.51,47.15,102.30,270.47,243.83,183.87,388.55,132.26,382.97,188.43,67.41,175.79,272.94,10.24,82.50,67.66,73.97,555.83,180.14,394.36,293.03,23.98,706.25,65.51,255.22,149.29,76.00,302.44,186.06,92.32,129.36,142.61,476.54,24.57,754.62,105.23,132.94,149.42,449.98,1252.87,75.99,86.25,84.03,124.12,211.64,71.22,31.27,296.32,192.59,153.27,273.58,306.75,337.61,115.25,50.96,137.01
2025-09-11,78.01,645.16,188.44,25.39,353.61,282.73,47.54,104.26,274.61,252.43,190.69,397.37,133.24,388.79,190.56,69.55,178.50,279.72,10.17,85.68,68.46,74.67,568.20,183.46,402.85,302.45,24.49,719.80,66.38,263.74,152.47,76.00,305.87,190.79,94.25,132.65,148.84,491.41,24.86,756.28,104.34,135.91,150.61,455.85,1282.72,77.96,86.17,85.15,126.73,220.22,73.79,34.08,302.80,195.16,159.74,278.72,314.89,337.94,117.86,53.21,139.68
2025-09-12,77.57,641.14,180.88,23.51,352.51,276.39,46.20,103.08,270.14,249.88,187.22,394.53,133.17,383.34,186.84,69.01,178.06,277.95,9.96,82.87,66.68,74.98,560.00,182.91,405.13,295.39,23.99,711.42,64.45,253.50,152.24,76.22,302.76,191.72,94.03,133.73,144.86,479.46,23.87,755.39,102.71,131.56,148.20,449.68,1259.54,76.44,83.10,82.81,123.24,218.34,73.39,33.26,302.52,190.05,152.89,276.44,311.76,341.78,114.55,51.26,137.75
2025-09-15,76.05,643.99,176.11,23.88,347.89,274.40,46.35,100.96,271.19,247.81,185.97,393.21,130.95,377.11,185.74,68.81,177.40,275.40,9.60,84.00,65.48,73.46,572.59,180.62,403.17,299.04,23.80,702.88,63.80,257.53,150.27,75.58,297.14,189.58,93.43,131.33,143.32,474.46,23.97,748.19,99.87,131.06,146.25,433.99,1260.13,77.76,83.14,81.02,125.63,217.61,73.21,32.64,291.40,188.54,152.24,275.42,306.91,340.29,112.54,51.62,135.68
2025-09-16,75.09,645.65,176.45,24.84,339.78,273.08,46.34,99.12,272.60,247.99,186.81,391.36,130.11,376.62,186.21,68.39,176.46,274.09,9.56,85.28,65.16,73.48,575.06,180.16,399.75,303.08,23.87,693.45,63.33,258.35,148.37,76.55,294.21,186.26,94.19,132.76,143.68,480.74,23.90,764.71,98.98,131.82,147.46,434.50,1276.10,77.48,83.90,81.09,127.19,216.26,74.13,31.80,290.00,190.47,151.60,272.32,310.00,332.13,110.86,51.78,135.27
2025-09-17,75.20,640.86,176.32,25.00,341.61,274.71,46.15,99.92,271.71,248.79,186.69,387.15,128.00,376.88,187.57,67.37,177.20,276.07,9.62,85.39,64.32,74.00,585.50,182.25,399.39,303.68,23.20,692.24,68.20,256.64,148.68,76.44,296.59,187.39,94.58,134.17,144.87,472.64,24.05,760.13,98.50,129.44,146.93,433.66,1273.96,76.63,84.80,81.14,126.72,220.81,74.07,32.02,289.08,192.94,152.72,269.39,308.48,322.22,112.26,51.52,136.85
2025-09-18,74.55,655.51,179.71,25.45,334.82,275.83,45.60,100.21,273.29,250.50,190.20,387.11,130.23,377.84,188.37,68.55,174.16,277.15,9.86,87.76,67.22,74.42,598.71,183.33,401.06,306.38,23.69,690.13,68.27,254.98,150.04,75.78,293.76,188.11,95.59,134.57,143.81,481.10,24.15,762.93,98.23,132.57,147.10,435.83,1287.10,74.00,86.00,81.53,127.62,221.99,74.37,32.17,290.84,195.27,156.99,264.86,315.77,333.51,113.62,52.99,136.93
2025-09-19,74.41,656.16,175.14,25.24,336.69,285.41,45.02,100.09,273.19,248.78,187.22,383.12,130.16,376.83,187.04,67.86,176.19,277.27,9.90,86.72,68.17,74.92,591.99,183.60,402.30,300.87,23.02,698.31,66.33,254.85,149.60,67.45,290.36,188.64,95.08,136.04,142.50,479.58,24.03,751.99,97.83,131.39,145.88,438.72,1265.59,74.91,86.53,81.51,126.32,222.47,73.72,31.77,290.02,193.29,155.39,252.66,313.71,330.84,114.09,53.15,135.33
2025-09-22,73.75,644.10,181.87,26.56,341.30,286.00,44.98,101.74,274.41,249.71,187.83,383.13,131.15,378.22,186.55,67.92,174.21,278.90,9.79,86.27,68.00,75.13,595.68,184.69,407.24,302.48,22.81,697.00,67.29,252.22,147.47,69.51,288.62,194.16,94.62,136.62,140.66,474.99,24.04,754.95,97.03,131.18,144.65,444.55,1258.05,74.77,84.73,80.40,126.33,222.59,73.76,32.70,288.79,190.46,153.89,257.87,317.89,335.12,112.49,53.04,136.38
2025-09-23,74.57,648.38,182.56,25.79,347.69,286.81,44.91,100.29,275.61,249.23,186.45,379.72,132.83,373.52,186.52,69.21,176.58,279.94,9.60,85.71,67.50,76.50,567.89,186.97,409.45,299.22,22.86,741.31,67.64,250.80,154.62,68.20,290.08,194.72,94.96,135.89,139.31,469.75,24.13,746.98,97.69,129.00,142.61,447.75,1257.03,74.60,84.54,79.96,125.94,222.61,73.39,32.75,302.40,189.72,150.25,258.32,323.73,327.80,114.40,52.92,137.27
2025-09-24,74.66,627.17,190.71,25.88,351.81,279.22,44.16,98.98,274.19,245.99,181.24,376.62,133.62,371.22,186.05,67.75,176.69,279.35,9.71,84.49,68.35,76.38,576.98,186.82,416.62,292.65,22.56,760.58,66.40,259.94,154.58,67.50,291.43,199.70,95.74,133.89,137.67,468.00,24.09,741.85,98.06,128.18,141.67,443.99,1242.28,73.98,84.16,79.67,124.38,219.99,71.82,34.65,308.36,185.91,149.45,261.97,326.38,326.97,113.67,51.22,135.88
2025-09-25,75.27,618.17,189.30,24.61,345.56,271.18,43.41,96.97,267.31,244.19,176.69,381.87,130.27,368.57,180.59,65.64,177.73,276.14,9.49,83.04,66.89,74.61,555.51,185.39,414.89,287.79,21.71,736.52,65.79,254.48,148.96,68.30,284.06,197.62,94.30,133.31,135.67,459.22,23.60,714.59,98.14,124.88,141.13,438.12,1209.54,71.50,81.66,77.60,121.89,218.54,70.46,34.39,298.82,181.46,145.57,254.43,316.70,323.58,110.99,50.48,133.14
2025-09-26,76.25,632.22,191.98,24.49,344.08,272.98,44.12,98.24,270.27,249.08,179.56,385.74,130.80,369.02,184.60,66.06,179.71,280.61,9.52,84.06,67.55,75.77,563.90,188.99,419.08,291.71,21.98,760.55,67.21,261.52,153.71,67.10,286.17,200.85,94.22,133.55,137.37,464.24,23.76,724.54,98.18,126.19,143.50,441.12,1204.43,72.46,82.70,78.56,123.39,220.61,71.37,34.86,307.00,184.84,148.56,254.95,318.61,318.00,112.10,51.85,135.65
2025-09-29,77.19,630.56,192.95,25.33,345.18,273.97,44.15,98.28,271.05,245.37,180.72,395.31,130.59,369.88,184.00,66.05,181.62,282.75,9.62,84.20,67.67,75.57,560.75,188.84,420.92,289.43,22.38,761.82,67.15,260.32,154.57,66.46,286.64,201.07,93.97,133.11,138.52,462.04,23.85,726.51,97.04,126.37,143.06,439.22,1191.36,73.09,83.89,78.58,123.75,223.16,72.21,35.21,308.07,186.06,146.99,255.23,319.69,310.62,112.62,52.23,135.81
2025-09-30,77.77,638.89,191.36,25.83,345.30,282.20,45.10,98.50,273.73,247.44,189.94,391.64,132.87,369.67,187.17,66.37,185.42,287.06,9.90,87.65,68.56,75.39,562.27,190.58,426.20,299.81,22.77,772.54,67.49,262.33,156.96,67.29,288.25,204.44,95.24,133.94,140.08,485.02,25.48,763.00,97.63,125.22,146.32,447.23,1227.61,75.10,84.81,83.93,128.35,231.54,73.00,35.68,312.53,198.26,156.46,260.17,323.12,308.73,111.00,55.63,140.62
2025-10-01,76.31,620.11,192.79,27.60,348.30,298.50,47.43,98.89,270.85,241.30,203.79,404.21,132.87,364.15,190.94,65.60,186.05,279.06,10.09,91.76,68.07,76.87,599.94,182.07,426.07,319.81,23.36,765.08,67.04,271.42,157.93,66.08,291.65,203.51,94.81,133.47,154.22,530.73,27.21,825.42,95.85,127.52,146.95,438.04,1289.82,75.51,86.70,90.13,138.58,244.38,73.04,35.74,311.77,212.88,170.48,246.77,332.66,305.98,111.15,59.92,143.79
2025-10-02,76.65,633.84,194.25,28.37,353.72,297.40,45.73,99.17,276.64,242.40,204.34,408.85,132.10,366.40,191.60,66.03,185.98,279.44,10.11,91.46,69.12,77.45,600.00,180.96,426.69,321.92,23.23,758.70,67.91,273.16,158.46,66.44,296.98,205.54,95.48,132.99,155.25,524.96,27.08,819.85,96.22,128.70,146.49,443.01,1300.54,76.82,86.28,89.51,138.70,236.56,74.60,36.82,308.57,210.33,175.36,256.62,340.24,312.21,110.56,62.09,143.26
2025-10-03,77.07,631.19,201.97,28.49,360.20,297.89,45.45,100.78,278.59,242.50,206.63,403.30,131.16,370.50,193.61,67.03,188.64,276.94,10.19,94.05,70.46,77.49,600.00,179.33,429.54,328.39,23.86,738.06,68.22,272.56,154.46,67.05,311.00,207.24,97.70,134.59,159.88,543.32,27.37,839.87,97.32,132.17,146.42,452.35,1314.04,76.56,86.85,89.19,141.64,233.91,74.00,38.70,302.76,214.99,177.33,283.72,350.50,309.12,112.69,62.95,145.22
2025-10-06,76.56,627.78,200.57,27.54,358.77,294.12,45.14,98.83,281.38,240.64,205.02,402.90,128.14,366.28,191.99,66.04,188.16,275.05,10.13,93.38,70.11,76.84,585.48,178.43,433.55,327.62,23.15,741.29,67.34,268.07,155.19,66.36,302.99,206.84,98.43,133.74,154.05,543.95,26.43,845.05,96.70,131.50,145.36,449.69,1345.27,76.41,87.23,88.80,141.61,230.19,73.78,37.64,305.30,211.71,174.95,295.20,349.94,311.69,113.58,61.92,144.09
2025-10-07,76.72,627.28,203.26,27.34,363.66,295.54,44.66,99.06,283.28,241.56,200.86,410.28,131.04,369.24,192.53,64.88,188.89,279.62,10.14,91.19,69.02,77.12,583.24,181.89,437.57,318.35,22.90,750.13,67.73,265.97,156.65,66.03,307.14,209.70,98.33,133.02,152.21,539.17,26.27,843.63,95.90,130.47,142.77,440.94,1309.12,74.49,87.17,87.61,138.56,232.83,72.16,38.42,308.71,208.77,170.10,295.25,357.49,313.45,116.78,59.19,144.03
2025-10-08,75.74,629.91,202.92,27.92,369.92,294.62,44.54,98.36,282.35,242.33,200.60,421.15,127.89,375.29,193.93,64.73,189.69,277.51,9.97,91.77,70.26,76.93,563.86,180.89,426.27,327.65,22.75,755.75,68.34,267.93,157.77,67.78,306.76,205.20,97.87,134.27,150.97,536.19,25.68,845.72,96.79,133.09,143.49,448.09,1328.53,75.13,85.38,86.40,140.81,231.24,72.43,38.45,310.61,204.96,173.47,298.04,362.34,315.49,118.25,60.56,144.63
2025-10-09,75.19,628.75,200.36,27.53,367.69,295.43,44.68,97.37,277.88,239.42,203.00,414.86,126.38,370.20,189.08,64.57,191.08,277.78,9.99,91.66,69.75,76.74,569.90,181.44,418.87,330.45,22.51,757.96,68.62,263.58,157.21,68.08,306.13,201.60,96.50,133.31,149.61,534.68,25.24,855.35,97.28,131.87,143.39,443.76,1307.57,74.22,84.75,87.50,140.11,230.69,71.80,37.83,314.12,204.48,172.14,290.60,358.13,320.38,116.74,59.90,144.06
2025-10-10,73.94,616.15,194.05,26.83,354.50,290.13,43.96,94.71,272.00,235.83,198.17,407.79,123.99,364.60,186.56,63.17,190.72,277.88,9.74,88.29,68.37,77.90,564.63,184.07,415.14,331.00,21.95,763.55,67.76,261.77,156.88,65.12,300.73,196.11,95.45,132.57,146.57,524.80,24.78,833.49,95.41,125.79,141.11,429.59,1273.67,71.01,83.80,85.99,136.62,230.50,70.52,35.76,318.00,202.46,167.03,280.22,353.24,314.52,117.18,58.66,141.80
2025-10-13,72.95,633.32,194.27,26.74,358.66,292.40,43.54,95.09,273.01,235.48,203.77,407.37,123.91,364.92,186.66,63.00,190.90,276.64,9.86,90.98,69.30,78.44,557.73,182.78,410.68,336.33,22.11,769.49,65.51,262.47,154.31,65.20,295.41,197.76,95.58,131.38,144.69,524.58,24.73,819.40,94.95,129.54,142.26,435.73,1284.74,71.84,84.73,85.70,138.23,230.30,70.88,36.36,317.00,205.14,170.64,271.00,351.42,314.56,118.21,59.65,142.28
2025-10-14,73.36,636.91,194.89,26.25,359.93,293.85,43.80,98.37,270.07,237.81,204.76,412.22,126.62,370.00,188.36,63.39,190.85,279.78,9.93,91.14,71.21,79.66,572.60,185.39,418.40,333.14,22.82,781.90,65.92,261.17,154.19,66.21,302.13,203.81,96.54,133.27,145.31,525.83,24.52,812.35,96.24,129.79,143.46,436.39,1303.04,72.34,85.96,84.70,138.04,229.13,71.49,36.44,317.93,206.15,170.13,261.61,350.48,318.30,118.48,59.27,142.37
2025-10-15,72.93,639.15,192.39,27.72,361.15,297.32,43.61,99.38,269.70,236.76,203.12,407.90,126.00,369.75,186.77,63.25,191.17,282.75,9.98,92.12,68.76,80.67,576.42,187.35,420.25,332.41,22.75,791.93,67.00,262.95,155.67,65.41,294.57,205.00,95.34,129.45,143.66,527.87,24.39,826.57,97.71,128.43,142.12,435.61,1304.00,73.22,88.15,84.11,139.65,226.22,71.56,35.79,319.61,206.10,170.72,262.17,349.49,312.45,118.30,59.58,142.08
2025-10-16,72.65,637.34,188.56,27.14,356.67,295.81,43.39,99.92,270.00,240.30,205.75,408.61,125.25,369.25,185.27,62.03,192.12,283.71,10.10,94.00,71.56,81.37,569.17,186.82,419.60,334.87,22.97,775.44,68.50,267.19,153.27,66.33,291.07,204.24,95.04,127.63,142.26,536.78,24.23,819.38,97.78,129.84,143.26,434.62,1359.61,73.38,87.31,83.92,141.10,226.87,71.44,35.64,319.40,210.92,174.95,267.28,348.18,316.29,117.85,61.60,142.34
2025-10-17,74.64,635.40,192.68,26.01,356.60,298.81,43.63,101.92,268.09,240.21,204.55,416.81,125.88,374.42,189.10,62.98,193.22,285.94,10.17,93.42,71.97,82.52,578.05,189.51,426.16,334.59,23.09,786.00,69.85,270.60,156.41,66.60,299.27,204.56,95.78,128.54,143.00,538.92,24.51,802.83,99.24,130.45,144.06,446.13,1349.28,74.05,87.57,84.79,141.92,229.57,72.16,35.27,324.69,209.06,178.52,275.01,348.77,318.59,122.81,61.86,142.73
2025-10-20,75.29,643.41,197.49,27.24,364.48,303.33,43.59,102.74,271.41,242.22,212.05,419.10,128.05,381.22,191.00,63.93,193.72,290.93,10.31,95.31,74.99,82.48,576.77,190.41,433.15,343.18,23.13,787.82,71.87,274.90,157.27,68.43,306.84,207.24,95.92,129.51,146.63,543.84,24.69,808.96,100.53,134.93,145.06,458.47,1357.26,75.48,86.17,86.32,143.00,232.06,72.87,35.61,327.39,208.39,184.14,284.00,354.07,326.85,123.11,62.54,143.91
2025-10-21,76.02,637.13,196.80,27.49,365.37,301.14,44.54,102.69,268.22,242.03,218.67,426.27,128.41,379.76,189.03,64.23,191.88,284.13,10.39,96.89,75.00,83.04,579.34,184.64,432.01,349.23,22.75,787.29,73.98,279.39,158.68,69.75,307.50,206.80,95.83,127.54,146.22,557.99,24.85,799.57,99.90,136.22,146.09,462.74,1385.57,76.10,87.30,87.62,145.68,231.39,72.91,36.10,328.82,220.77,188.26,295.20,349.75,328.97,124.08,63.46,145.77
2025-10-22,76.84,633.78,195.13,26.85,361.49,295.98,44.39,103.98,266.48,242.37,217.86,426.44,129.08,388.35,188.11,63.51,192.94,282.84,10.41,95.68,74.45,82.01,584.74,181.17,441.19,348.67,22.93,795.62,73.93,277.00,159.52,70.70,307.87,210.40,95.90,127.95,147.72,567.20,24.72,812.43,103.85,135.58,147.11,527.03,1381.44,76.14,88.06,87.61,145.87,228.68,72.76,36.02,330.80,218.10,187.00,287.72,345.21,329.22,121.46,63.79,146.05
2025-10-23,76.53,638.60,161.00,26.25,360.45,292.89,43.83,103.16,265.26,241.85,219.91,422.63,128.02,383.06,186.53,63.59,192.47,284.00,10.31,97.57,74.52,81.07,575.69,183.23,440.16,355.68,22.99,792.97,73.89,307.25,159.16,71.06,305.07,208.63,94.21,126.34,150.08,571.91,24.67,821.04,102.39,136.00,146.39,551.30,1437.75,77.26,89.31,87.18,147.46,228.25,72.27,34.36,328.56,222.73,190.97,291.30,346.28,323.46,120.74,66.06,145.66
2025-10-24,76.10,640.85,163.32,26.74,362.50,291.76,43.83,103.03,259.49,240.76,220.52,421.39,129.19,381.79,185.83,63.84,190.40,279.49,10.35,98.89,73.51,81.93,577.95,182.18,447.04,359.50,23.02,801.67,73.99,297.47,161.89,70.33,301.78,210.68,93.67,126.85,149.89,572.50,24.76,825.45,101.11,135.21,145.94,546.51,1434.32,78.14,91.28,87.49,148.03,227.99,71.44,34.07,332.71,223.01,197.04,290.65,342.35,320.91,120.94,65.91,145.66
2025-10-27,80.82,647.40,162.19,26.66,365.98,291.16,43.39,103.12,259.21,240.91,217.43,420.17,129.55,383.72,187.04,63.54,190.30,275.66,10.42,97.16,72.85,82.45,585.31,180.26,467.86,351.75,23.17,811.44,73.95,287.22,163.80,70.63,309.18,214.03,94.13,127.18,150.43,563.78,24.77,826.41,102.43,135.65,147.53,551.25,1419.71,78.35,93.08,88.00,146.59,228.03,71.98,33.15,336.05,221.01,195.28,292.34,342.49,325.80,120.47,64.25,145.80
2025-10-28,82.19,634.36,162.84,25.35,367.84,292.09,42.82,101.14,256.57,241.20,218.13,422.39,129.61,375.93,184.21,63.21,186.93,259.69,10.29,96.45,71.75,82.20,654.48,178.28,466.46,345.95,22.86,804.59,74.01,283.49,162.79,69.23,308.41,219.32,93.23,126.61,149.13,557.63,24.50,820.10,100.97,133.14,145.41,545.39,1404.58,79.40,91.65,87.03,145.85,227.54,70.92,33.19,335.64,216.90,187.93,294.80,339.40,324.34,117.88,63.94,145.15
2025-10-29,82.69,627.66,160.28,24.70,355.26,291.77,42.60,99.71,253.62,236.79,217.83,417.21,126.56,369.59,181.52,62.32,186.60,248.14,10.27,95.30,69.58,80.60,652.91,174.78,468.40,343.47,22.42,807.63,73.98,284.86,164.47,68.18,299.12,225.30,91.73,124.43,147.86,558.31,24.29,813.53,100.30,131.91,143.94,537.59,1394.17,77.38,90.18,86.58,143.20,225.14,69.78,37.34,333.17,214.01,180.15,292.67,336.36,316.17,118.50,62.02,144.40
2025-10-30,83.48,628.54,151.10,28.14,344.75,292.00,45.62,99.56,252.26,236.19,216.47,419.89,118.75,368.98,179.38,62.90,189.05,252.33,10.36,91.02,70.11,76.69,654.04,175.75,466.80,342.90,19.16,825.53,73.93,278.54,189.84,68.20,247.10,218.69,90.97,124.67,149.61,556.22,24.29,844.50,100.57,138.43,144.10,530.02,1377.01,75.00,92.59,86.28,143.36,228.20,69.28,35.02,341.21,215.05,179.11,285.61,321.95,311.95,118.44,60.96,144.07
2025-10-31,82.45,629.51,153.06,27.16,341.56,298.43,46.07,100.56,246.88,235.70,216.46,425.57,119.02,356.24,178.71,63.20,188.87,253.96,10.36,93.59,69.91,78.15,651.80,175.95,459.68,349.60,18.47,811.34,73.91,282.07,190.77,58.22,244.41,217.01,90.70,123.62,154.27,567.39,24.65,862.86,100.72,137.88,144.09,534.28,1416.29,74.95,93.48,85.98,146.36,218.04,69.04,35.37,337.81,215.38,180.07,278.19,317.20,313.01,119.79,62.57,143.94
2025-11-04,84.15,722.12,151.69,23.75,330.83,296.70,45.59,103.18,246.40,241.85,210.96,421.67,119.97,362.61,179.04,71.61,186.86,252.33,10.49,91.69,69.08,78.08,628.00,178.03,471.68,367.34,17.94,841.67,74.11,286.94,195.34,61.18,264.66,224.19,90.42,125.80,149.33,565.24,24.30,906.86,98.84,135.67,124.46,538.82,1420.35,74.30,102.92,83.86,146.08,215.89,68.59,36.11,344.53,213.83,177.85,281.87,316.62,320.27,123.00,61.10,145.27
2025-11-05,82.84,720.21,149.75,23.56,327.74,319.86,46.47,87.55,245.22,243.18,210.12,417.00,121.16,357.67,176.39,72.01,186.00,250.69,10.75,92.57,68.88,78.55,644.19,178.26,473.20,371.97,17.95,844.26,74.23,283.54,196.79,59.28,259.58,227.95,90.40,124.54,153.43,567.64,24.61,925.81,98.90,137.21,120.49,548.55,1439.73,75.61,105.70,84.39,146.77,216.77,67.69,36.84,354.00,212.21,167.70,264.94,318.08,314.44,122.58,59.94,145.34
2025-11-06,82.44,713.74,147.12,24.33,321.56,315.59,46.63,88.51,249.65,260.06,210.86,416.25,121.53,353.81,177.39,70.06,186.97,246.64,10.11,89.52,69.00,78.66,646.87,176.51,471.36,371.16,17.98,858.61,74.15,275.34,197.99,58.02,256.38,226.39,90.06,124.95,156.74,565.98,24.85,937.44,99.05,133.73,119.56,547.78,1439.62,74.17,105.20,85.78,147.49,219.04,66.28,37.10,360.24,210.67,170.88,251.11,314.44,323.40,123.40,58.18,145.61
2025-11-07,83.39,708.45,152.06,24.54,324.21,320.20,46.69,88.50,251.49,263.77,210.46,409.47,123.69,356.03,177.84,71.90,186.57,252.72,10.12,90.78,70.10,78.99,657.53,179.50,476.61,371.69,18.00,851.99,74.10,271.04,203.67,55.00,264.58,229.23,92.20,126.36,155.51,572.41,24.43,924.37,100.02,134.84,120.24,560.00,1439.35,73.05,105.98,86.28,146.74,219.16,71.52,37.56,360.70,209.94,168.05,252.04,317.78,319.82,118.84,57.41,145.79
2025-11-10,84.08,709.59,140.90,24.76,321.58,323.66,47.26,88.73,250.10,264.01,213.05,421.20,120.17,355.02,181.64,73.00,188.41,261.13,10.17,92.28,70.72,77.54,654.74,184.31,459.30,376.57,17.75,859.37,74.30,275.47,205.43,54.84,258.16,222.64,92.66,125.89,156.26,576.35,24.39,966.64,100.91,138.23,119.79,576.20,1432.57,73.48,105.98,86.75,146.36,218.71,71.79,34.25,364.65,211.17,168.97,238.42,303.78,320.35,118.15,57.46,146.95
2025-11-11,85.16,712.47,143.52,26.41,327.45,338.45,48.72,88.50,252.43,266.70,218.53,429.22,122.27,363.70,189.02,73.22,193.83,268.21,11.20,94.31,71.74,79.87,674.55,188.85,462.31,386.14,18.25,856.44,74.60,277.41,204.81,58.13,268.00,224.41,95.40,127.00,159.56,586.49,25.51,988.62,102.50,144.49,120.12,572.17,1445.06,73.41,108.16,90.95,149.42,225.17,73.88,35.36,365.08,215.79,173.50,243.47,315.25,326.28,122.56,59.18,150.37
2025-11-12,85.58,713.56,141.03,26.71,339.06,336.28,49.08,90.03,252.86,267.99,220.88,434.19,123.60,367.34,192.12,72.84,194.39,266.00,11.01,94.13,72.49,80.26,681.72,186.85,473.61,387.37,18.70,840.75,74.56,273.85,204.32,59.61,270.61,228.42,95.81,128.82,161.48,588.02,25.87,1017.78,104.13,141.69,121.25,572.45,1447.81,74.98,108.26,91.45,151.52,233.23,73.83,36.20,363.42,219.40,171.50,240.48,327.63,336.84,123.40,61.40,152.42
2025-11-13,86.11,701.48,138.48,24.96,332.52,336.00,48.63,90.57,252.11,260.44,223.55,434.52,123.05,373.42,193.04,73.34,195.25,267.87,10.91,93.40,71.75,79.24,694.99,187.58,473.28,379.30,18.70,846.24,74.26,266.66,206.06,59.72,270.89,227.57,96.14,129.26,164.73,580.13,25.79,1022.87,104.98,139.42,121.16,565.51,1412.18,73.97,105.41,92.93,146.89,232.29,75.22,36.09,365.45,221.20,169.21,236.74,328.28,332.67,125.20,60.75,152.40
2025-11-14,86.30,689.93,137.54,24.77,321.86,336.74,46.65,89.91,244.46,258.41,220.61,437.15,121.55,362.22,193.04,71.43,195.93,266.89,10.72,92.73,72.13,77.81,693.50,186.95,472.65,379.40,18.47,842.09,74.15,261.36,205.37,58.06,269.66,225.04,95.87,130.59,167.55,578.71,25.06,1025.28,102.69,137.13,120.82,549.51,1403.08,73.15,104.15,92.92,146.82,232.36,75.66,36.38,361.94,221.21,167.81,237.12,325.83,332.70,125.02,59.38,151.44
2025-11-17,84.74,669.00,136.79,24.76,320.52,341.71,46.81,88.64,244.71,257.01,216.12,434.02,117.27,360.13,190.98,71.25,199.58,261.37,10.66,91.06,71.35,78.41,704.31,186.19,477.10,377.98,17.77,855.23,74.14,262.41,206.18,58.49,271.33,226.50,96.28,130.03,164.68,567.16,25.08,1021.70,101.76,132.61,118.80,546.71,1388.96,70.63,104.17,92.86,144.52,234.00,76.19,37.08,365.00,220.44,162.74,234.11,330.91,328.02,124.09,58.61,151.36
2025-11-18,84.04,670.21,141.19,24.92,313.58,343.99,47.06,89.08,246.22,257.00,217.28,435.52,116.56,359.52,192.33,71.20,200.00,259.81,10.71,93.06,72.20,77.94,725.34,185.32,478.14,376.63,18.15,860.75,74.11,260.14,206.97,60.17,272.61,228.84,100.80,130.00,168.83,576.03,25.45,1030.05,99.22,132.28,118.14,546.77,1396.45,71.02,103.89,96.43,143.84,233.87,76.89,36.93,361.64,225.51,162.53,234.10,324.53,333.47,127.18,58.15,152.18
2025-11-19,86.02,697.10,138.12,24.18,309.09,342.40,45.79,89.45,244.99,254.71,217.48,421.03,115.20,364.23,191.22,70.60,202.51,260.55,10.46,92.25,72.15,76.55,702.75,185.96,481.06,376.25,17.69,852.47,74.17,257.90,207.52,59.73,271.99,227.94,100.34,126.15,167.93,573.79,24.88,1049.60,97.01,133.68,117.08,564.64,1404.43,72.31,101.32,95.05,144.40,232.91,77.31,35.95,360.73,222.41,161.64,228.90,316.37,346.36,128.07,57.81,151.96
2025-11-20,84.09,689.35,134.51,22.36,311.54,336.07,45.94,89.07,243.92,256.98,217.11,422.32,115.35,360.48,189.58,71.18,203.07,261.47,10.19,94.02,71.11,76.04,737.00,187.61,476.28,378.62,17.42,849.46,74.12,257.77,207.90,58.42,269.60,225.38,99.35,123.97,168.18,572.74,24.40,1043.29,96.60,132.81,115.89,552.23,1399.41,74.75,101.76,94.97,145.06,229.45,79.51,34.83,362.07,222.18,162.08,223.29,313.99,312.89,124.99,58.73,151.02
2025-11-21,85.13,725.91,141.56,23.72,319.97,337.54,46.25,92.18,250.75,263.29,224.90,426.76,120.25,368.27,192.72,73.40,203.90,265.64,10.46,98.27,75.47,78.03,755.90,191.25,491.00,393.99,18.31,866.03,74.36,271.07,209.48,60.23,278.09,231.92,101.20,128.11,175.30,587.48,25.04,1059.70,96.88,142.56,122.06,561.61,1452.35,76.45,102.06,97.76,151.25,236.28,82.90,36.50,365.68,227.39,167.64,227.10,321.73,331.17,126.64,61.53,154.21
2025-11-24,84.71,752.14,145.30,24.15,319.05,334.30,47.76,93.52,250.52,263.08,228.18,424.00,119.49,370.22,190.96,74.46,206.05,265.31,10.57,100.58,76.01,77.90,761.45,190.58,501.04,399.54,18.18,870.21,74.76,273.99,211.20,62.21,271.47,236.95,103.20,127.19,176.82,586.07,25.22,1070.16,98.04,143.63,122.87,568.48,1470.14,78.24,106.24,100.40,153.60,229.51,83.38,38.17,372.22,226.98,170.44,229.20,329.60,337.53,125.27,63.49,154.93
2025-11-25,86.82,766.68,146.77,24.75,326.28,341.11,49.05,97.07,255.80,267.79,231.92,429.82,121.37,375.08,195.49,75.50,206.67,269.83,10.56,105.57,78.21,78.47,787.32,192.35,515.85,412.54,18.66,889.28,74.88,280.84,213.73,61.69,278.20,243.74,105.35,128.05,181.96,597.78,25.72,1109.94,101.36,147.50,127.89,578.87,1506.02,79.96,105.55,105.66,157.20,231.80,85.77,39.66,374.75,230.77,178.05,237.88,336.27,328.85,127.12,65.85,158.28
2025-11-28,86.67,752.88,148.26,25.98,329.77,345.46,49.20,97.52,255.83,266.28,230.01,433.61,119.68,371.18,194.02,74.57,206.92,268.78,10.69,104.41,77.93,80.36,780.19,189.18,508.29,403.42,18.74,881.12,74.97,277.25,212.26,63.47,277.28,243.63,105.33,128.90,182.09,590.83,25.74,1075.47,101.58,147.19,128.18,573.48,1476.72,79.99,104.46,104.83,153.50,227.70,85.26,39.34,368.93,226.78,178.14,245.77,338.26,327.19,125.84,64.51,157.26
2025-12-01,85.27,728.97,145.00,24.16,323.21,337.49,49.18,94.76,248.38,262.89,228.47,425.60,119.24,372.32,191.82,73.11,205.34,267.73,10.70,102.43,77.41,79.10,750.11,183.77,503.00,397.79,19.08,856.89,74.84,274.14,208.00,63.52,273.57,239.43,103.34,128.01,177.78,585.15,25.27,1057.89,101.01,146.72,127.25,567.37,1468.09,79.24,102.04,101.83,150.10,225.11,85.56,37.89,360.12,224.14,176.09,242.23,329.68,310.83,124.33,63.76,154.92
2025-12-02,84.71,732.73,145.97,24.06,324.54,338.36,48.25,94.14,250.85,259.30,225.63,433.15,119.18,366.68,190.47,71.67,205.42,265.93,10.71,102.73,75.84,77.62,742.00,182.55,500.31,398.62,18.84,829.70,74.82,273.03,205.13,64.45,274.10,238.68,102.03,126.32,180.18,580.37,25.15,1046.12,99.02,150.93,124.44,567.72,1447.16,80.22,101.44,101.03,148.81,224.37,85.59,38.81,350.67,226.59,174.76,241.96,330.92,309.00,123.91,62.95,154.02
2025-12-03,83.98,725.93,149.09,25.18,339.71,345.42,50.96,93.10,251.44,259.40,227.24,463.13,118.25,365.95,193.57,72.88,205.33,265.76,10.84,103.26,75.98,75.00,723.67,182.61,486.77,397.62,18.89,805.37,75.01,284.31,199.71,64.85,270.32,230.15,101.97,125.29,180.75,580.45,25.57,1033.56,98.57,155.00,122.57,569.71,1434.88,83.59,101.50,102.27,149.26,230.24,85.25,38.81,335.31,228.46,184.67,256.92,330.75,307.56,125.00,63.82,154.73
2025-12-04,85.78,717.47,150.57,25.49,333.49,340.16,51.95,93.16,251.51,261.02,224.92,457.36,117.28,364.35,193.76,73.34,202.48,261.48,10.76,102.55,77.03,76.75,722.80,184.18,487.66,396.37,18.48,814.18,74.86,281.77,199.19,65.25,268.42,230.59,101.99,125.40,181.98,575.24,25.70,1014.49,97.72,156.84,120.41,568.63,1422.81,82.52,100.46,100.89,148.32,228.71,85.26,38.85,337.63,227.13,184.04,253.02,333.49,315.92,122.62,63.54,153.60
2025-12-05,86.19,714.10,151.86,27.70,330.91,329.89,52.15,94.28,256.55,263.28,225.85,455.48,117.39,364.02,193.96,73.62,201.93,258.39,10.93,100.79,81.40,75.63,718.36,182.51,486.70,394.81,18.54,808.62,74.97,280.23,198.83,65.49,265.44,231.08,101.36,125.08,181.30,572.77,26.03,1010.31,97.52,157.21,118.65,575.34,1414.86,85.46,102.52,99.72,145.49,226.08,85.43,38.34,339.66,226.25,184.31,257.85,330.75,304.49,121.22,61.68,152.97
2025-12-08,84.32,706.65,155.51,27.97,323.62,321.23,51.67,92.75,250.04,261.41,223.57,442.04,117.05,353.60,189.50,72.86,201.62,259.94,11.09,99.79,78.04,76.53,703.26,181.82,485.15,392.75,18.16,797.93,74.85,269.08,198.88,65.62,263.54,226.13,101.26,122.09,180.44,568.21,25.77,997.59,93.84,157.68,118.16,566.89,1381.37,83.09,96.70,98.93,142.44,223.12,82.60,37.88,337.82,224.48,187.12,256.39,330.61,296.19,121.19,60.29,151.03
2025-12-09,83.28,699.06,156.88,28.24,323.60,313.85,50.65,92.27,246.52,257.27,218.06,437.01,116.67,349.23,188.82,74.44,199.96,258.06,11.19,98.78,78.51,78.24,692.58,179.62,488.50,386.16,18.16,795.01,74.89,266.07,198.00,66.33,262.71,225.35,99.62,121.25,175.84,563.07,25.33,982.22,92.53,159.00,115.75,558.13,1371.42,83.03,95.16,96.89,140.64,222.99,80.11,38.08,337.29,223.23,185.99,250.39,329.81,294.20,119.36,58.82,149.55
2025-12-10,83.92,701.83,160.52,29.03,328.37,315.38,51.21,93.09,251.50,258.84,222.92,444.64,118.68,353.80,198.40,75.88,206.54,261.99,11.60,103.51,80.74,78.97,726.21,179.51,468.73,395.82,18.26,813.10,74.83,266.96,198.21,67.56,262.60,222.85,100.77,122.55,177.55,573.81,25.78,993.64,92.70,164.58,118.07,555.92,1405.85,84.47,95.17,97.62,143.47,225.18,81.90,38.67,340.79,230.42,194.85,256.66,341.04,295.19,121.34,60.83,151.71
2025-12-11,84.24,707.50,166.90,29.63,336.73,317.38,51.20,92.45,252.39,252.49,225.98,445.93,120.33,352.97,200.43,76.24,210.01,264.73,11.59,103.92,82.11,80.83,746.80,181.57,482.35,392.21,18.90,815.54,74.83,272.54,198.32,68.94,272.26,224.58,99.75,123.28,172.50,578.90,25.80,1009.38,91.75,163.87,117.66,547.36,1421.58,86.05,96.10,99.01,142.87,223.98,82.79,40.46,344.50,232.37,194.43,266.49,360.22,294.17,123.21,60.26,153.16
2025-12-12,83.08,704.20,168.50,29.46,341.84,317.74,52.41,91.59,252.27,251.79,222.26,452.04,121.35,354.09,200.89,76.55,211.58,264.18,11.65,100.49,82.08,79.42,741.29,182.56,484.77,385.33,19.15,813.80,75.00,267.56,198.18,66.96,274.70,222.60,99.87,125.46,174.10,572.28,25.85,1027.51,92.58,165.43,118.66,542.32,1393.64,83.96,95.41,100.30,139.68,223.32,82.98,40.85,346.00,226.33,193.03,268.45,359.07,295.70,120.40,58.51,153.62
2025-12-22,86.53,702.12,163.68,34.90,325.16,331.39,54.66,89.80,246.67,255.13,224.37,460.31,116.51,356.52,196.74,77.58,207.32,255.06,12.01,97.77,83.84,78.36,779.36,176.34,472.03,384.14,18.98,818.40,74.91,274.89,205.20,67.43,275.60,226.64,97.71,125.20,174.70,575.70,25.21,1076.48,96.43,159.28,123.78,579.83,1412.41,83.94,100.71,104.72,138.52,227.91,80.78,39.95,340.03,228.01,203.02,257.68,344.27,291.57,124.16,58.96,154.81
2025-12-23,86.23,682.31,164.02,32.29,324.80,331.49,54.28,89.43,244.60,255.39,225.15,459.21,114.72,354.82,195.67,76.50,205.78,253.15,12.02,97.58,82.88,78.04,785.17,175.08,474.04,383.21,18.93,825.73,74.87,277.49,207.37,66.86,273.75,227.27,97.47,124.54,174.82,579.94,24.88,1071.64,96.09,156.76,123.54,577.34,1414.60,83.32,100.91,105.04,138.36,228.79,80.55,39.60,340.59,230.83,202.87,257.12,343.22,285.50,125.19,59.25,154.69
2025-12-24,86.29,688.18,163.47,32.75,327.58,333.96,54.71,90.23,244.44,255.68,226.02,462.99,114.41,354.74,196.12,76.19,207.78,254.46,12.24,96.78,82.57,79.12,783.71,175.92,474.06,384.83,19.11,826.43,74.50,276.66,207.54,67.42,274.86,227.08,97.27,124.81,176.33,579.12,25.03,1076.98,96.13,157.84,125.49,577.15,1417.16,83.39,100.44,106.45,138.32,229.89,80.18,39.89,339.98,231.47,203.16,259.25,343.30,288.82,125.67,59.19,155.31
2025-12-26,86.85,688.48,164.84,31.20,331.83,332.93,54.64,90.77,244.76,255.42,226.92,462.90,113.98,354.22,196.33,76.13,207.63,253.89,12.32,96.75,82.62,79.61,784.97,175.94,477.13,386.06,19.38,828.26,74.50,274.30,208.29,67.57,276.51,227.64,96.52,124.84,177.08,580.74,25.09,1077.75,96.06,158.37,126.23,577.81,1420.10,83.61,100.11,106.78,138.39,229.98,80.46,40.51,341.05,230.32,203.66,258.83,349.88,288.63,124.70,59.22,155.63
2025-12-29,86.94,687.89,166.54,31.15,328.94,329.63,54.11,90.53,242.85,256.22,227.11,459.78,113.50,352.50,195.16,76.44,207.56,252.97,12.37,97.11,82.20,80.02,780.50,175.52,474.02,385.10,19.25,830.42,74.51,275.60,207.38,67.47,276.01,226.11,96.15,124.57,176.83,585.07,25.00,1078.73,95.76,157.84,125.98,575.40,1419.47,83.15,99.29,106.62,137.93,230.84,80.09,40.81,340.25,230.63,203.16,258.34,348.38,287.36,124.91,59.24,155.40
2025-12-30,86.20,682.32,170.66,30.41,332.16,328.69,54.21,90.79,243.08,255.47,227.69,453.74,113.82,354.12,195.64,76.44,206.91,253.07,12.54,97.43,82.47,79.85,773.94,175.49,473.26,383.99,19.30,827.33,74.54,276.87,207.21,67.06,276.48,225.06,96.66,125.78,176.40,583.45,24.99,1079.75,96.01,158.14,126.41,572.63,1414.32,83.33,98.91,106.06,137.62,229.74,80.16,41.21,340.04,230.67,201.98,259.05,348.80,287.03,123.18,59.12,155.27
2025-12-31,85.25,676.53,173.54,29.49,330.11,327.31,53.94,89.92,240.87,253.52,225.41,453.36,113.61,351.47,194.07,75.58,206.95,250.88,12.45,96.75,81.96,79.36,771.87,173.53,466.86,379.83,19.11,820.29,74.49,275.14,205.50,66.37,275.23,218.02,96.06,125.29,175.99,579.45,24.90,1074.68,95.35,156.15,125.82,566.36,1394.19,82.02,98.77,105.26,136.07,228.49,79.24,41.15,337.75,228.92,199.48,256.13,350.55,284.24,122.74,58.81,154.40
2026-01-02,85.33,669.99,178.46,30.86,336.40,327.64,53.46,90.02,244.81,250.04,225.37,452.13,114.51,348.18,194.94,76.82,207.35,251.66,12.46,98.15,81.11,80.13,776.31,173.79,470.39,381.96,19.50,823.44,74.56,276.40,205.72,66.54,279.12,219.88,96.05,124.19,177.82,592.51,25.18,1080.36,94.71,156.03,125.92,561.98,1411.39,82.82,101.42,106.45,137.95,229.31,79.02,41.78,338.87,230.40,202.42,264.48,354.25,282.92,121.60,59.65,155.07
2026-01-06,85.85,706.83,184.73,35.66,348.97,330.17,54.42,94.75,249.19,260.03,240.53,468.38,114.72,366.39,205.36,78.55,204.79,260.40,12.40,105.05,84.32,80.70,776.54,180.46,483.60,400.54,20.55,826.51,74.91,280.83,208.48,69.89,284.76,221.74,100.31,127.78,182.61,620.72,25.43,1064.04,97.79,167.66,129.35,592.85,1485.15,86.73,106.66,108.87,147.60,223.93,83.16,45.74,346.17,236.59,216.11,279.84,371.37,294.35,121.36,65.28,157.62
2026-01-07,84.83,714.55,176.38,35.89,341.70,341.64,56.72,92.67,248.21,259.20,244.29,484.15,111.01,367.75,202.71,78.14,207.49,253.73,12.46,102.99,83.90,79.79,812.27,178.14,470.65,399.41,20.40,823.95,74.96,278.44,207.19,70.10,279.12,208.39,99.77,127.04,186.91,617.15,25.28,1108.09,98.65,166.81,125.67,592.27,1470.87,85.76,110.57,108.60,147.81,233.42,84.24,45.77,340.41,235.57,216.77,275.06,366.69,299.17,124.35,65.05,159.22
2026-01-08,84.58,712.39,183.50,33.86,346.85,330.11,55.90,94.08,250.92,260.68,243.19,469.68,112.59,367.21,205.18,79.00,205.75,254.67,12.60,101.71,83.13,80.60,801.01,177.74,479.02,396.65,20.69,814.63,74.88,275.23,202.49,68.43,283.91,211.14,98.69,126.18,186.00,606.50,25.29,1085.19,98.38,170.58,126.85,585.08,1465.20,88.16,105.92,110.99,145.76,224.13,85.77,46.92,335.74,235.00,215.51,277.57,374.77,292.89,120.67,64.58,157.77
2026-01-09,85.13,713.35,181.50,34.30,343.98,326.10,55.86,92.85,252.47,256.82,242.41,463.86,111.45,367.54,202.75,77.64,204.39,251.81,12.76,104.43,83.45,80.30,796.55,174.44,472.07,396.75,21.07,816.06,74.87,275.52,201.11,67.40,278.95,207.03,97.53,125.92,187.62,618.86,25.48,1063.56,97.64,172.79,127.17,586.24,1485.12,87.28,106.87,110.53,148.52,220.08,86.14,46.61,335.69,238.37,220.91,276.85,372.83,289.04,121.10,65.70,156.86
2026-01-12,83.01,724.76,181.82,33.84,340.51,325.54,55.77,91.45,257.84,260.77,240.86,460.59,110.10,361.37,202.74,76.13,209.72,250.39,12.68,103.89,83.23,80.36,768.00,175.94,474.32,393.68,20.15,825.62,74.86,272.91,202.52,70.98,276.02,205.96,96.95,124.64,185.63,615.45,25.27,1081.00,95.72,172.00,125.32,572.75,1491.99,86.90,106.33,109.19,147.99,220.04,85.69,46.39,342.16,239.00,218.82,276.59,374.97,278.55,122.60,66.56,156.97
2026-01-13,83.84,714.04,180.93,39.60,333.93,324.30,55.92,88.34,254.67,259.87,241.57,454.67,104.47,355.82,201.52,75.82,213.65,253.98,13.37,110.14,81.70,80.68,758.91,179.96,479.32,394.03,19.65,823.98,74.87,271.83,208.26,70.25,271.81,201.81,96.42,124.30,178.30,607.08,25.15,1077.19,94.14,170.20,124.62,561.82,1484.78,84.77,103.43,108.26,146.32,220.75,80.03,45.76,345.88,235.56,218.99,273.96,370.68,278.17,121.76,66.36,156.34
2026-01-14,83.10,710.48,188.88,40.58,334.96,328.97,57.02,89.24,259.51,264.25,241.35,449.53,103.87,359.39,207.42,76.26,218.55,262.00,13.15,111.52,81.69,79.33,754.14,186.77,478.84,393.20,19.84,834.16,75.16,274.98,213.56,69.70,271.00,199.22,98.74,125.00,169.31,621.83,25.58,1073.29,93.74,169.23,125.84,546.76,1485.56,85.30,105.95,111.01,145.92,221.89,80.05,46.17,349.93,237.95,216.39,274.14,372.84,282.89,124.07,68.40,157.44
2026-01-15,84.49,712.12,193.74,39.36,338.96,330.03,56.62,88.75,260.70,268.26,241.28,438.92,105.84,362.49,208.35,78.08,219.57,268.89,12.84,115.33,82.31,81.36,741.92,190.26,483.80,394.59,20.37,844.13,75.02,279.41,213.46,69.24,277.94,204.19,99.00,123.53,168.57,624.65,25.89,1032.97,90.03,171.47,125.28,541.34,1496.61,82.51,105.24,110.97,144.83,216.75,80.44,47.27,355.35,239.89,223.47,283.95,381.93,286.49,121.26,69.96,156.52
2026-01-16,84.35,715.37,191.40,41.83,331.02,330.41,55.26,87.31,257.58,268.65,237.68,441.36,104.74,363.78,207.11,79.98,218.66,270.87,12.86,112.50,82.37,78.60,733.04,189.49,469.29,387.37,20.11,840.46,74.98,259.79,212.45,69.54,272.21,199.88,96.76,121.76,164.42,618.72,25.65,1038.40,88.07,171.49,124.65,535.00,1460.63,81.75,106.21,108.83,139.64,214.35,79.48,45.75,354.85,235.99,219.70,273.28,374.87,287.70,124.91,68.67,156.09
2026-01-20,83.46,686.02,191.27,43.00,338.43,331.00,54.22,86.80,253.19,257.99,233.69,442.08,103.93,359.61,203.39,77.73,218.21,271.31,12.66,111.89,80.61,80.09,733.78,188.95,464.38,383.86,19.38,821.84,75.11,250.50,210.37,70.73,271.24,199.87,98.60,121.14,165.38,619.01,25.52,1041.29,91.20,165.55,123.24,527.44,1403.58,78.83,102.62,109.45,135.83,214.04,78.96,45.76,350.67,234.33,218.19,268.00,367.06,284.25,124.14,69.57,154.89
2026-01-21,85.14,696.46,194.60,49.81,347.75,343.60,54.50,86.55,259.28,261.18,241.40,461.14,106.30,362.94,206.18,78.94,218.01,269.14,13.05,116.53,82.54,81.49,749.33,184.65,465.44,396.71,19.71,823.25,75.14,255.16,208.47,72.11,274.91,203.68,100.29,120.73,172.62,636.30,25.89,1078.52,91.71,169.95,125.08,523.69,1442.93,81.10,104.67,111.11,139.77,216.15,80.37,45.26,351.75,242.05,226.77,270.67,369.88,284.96,129.11,71.38,157.88
2026-01-22,84.44,691.05,198.75,51.87,354.47,347.07,54.94,87.54,255.35,260.90,239.05,467.35,109.17,358.67,206.04,78.47,218.49,269.97,13.24,117.75,82.80,82.68,755.51,182.16,466.34,400.42,20.07,817.05,75.11,247.78,206.89,73.92,280.39,205.71,101.34,108.61,173.80,639.45,26.10,1087.38,91.29,168.92,124.40,525.81,1438.11,81.89,105.06,109.18,138.63,218.11,80.26,45.42,352.47,240.08,224.03,266.29,372.24,280.00,131.14,69.65,157.94
2026-01-23,83.66,693.85,201.89,48.71,356.26,344.75,54.65,86.60,252.38,259.52,235.31,468.41,108.12,355.04,201.79,77.21,220.14,266.66,13.21,116.73,81.29,83.01,753.55,181.02,470.88,392.31,19.84,820.23,75.05,236.66,208.33,72.86,279.20,205.09,100.88,107.42,171.59,625.98,25.65,1064.29,92.51,168.73,124.05,523.99,1406.36,79.77,101.99,108.18,135.05,219.26,78.91,46.09,353.48,235.01,219.61,266.50,371.06,271.60,135.93,68.16,157.05
2026-01-26,84.27,697.82,201.05,47.99,351.64,349.69,54.60,87.32,255.47,263.13,239.43,476.84,107.51,356.98,203.42,77.59,221.49,267.38,13.17,114.70,80.90,83.87,762.65,182.53,472.38,390.90,19.65,826.62,75.19,241.40,210.93,73.34,280.41,206.10,100.67,108.77,173.12,626.62,25.88,1062.75,93.55,167.65,123.92,528.81,1425.67,80.27,102.58,107.40,135.65,220.77,79.01,46.28,355.51,236.71,222.35,263.63,376.93,271.31,137.78,67.63,157.69
2026-01-27,83.60,694.75,184.12,45.45,282.70,351.32,55.56,85.99,255.50,263.07,241.04,474.17,105.61,354.57,203.40,76.87,224.44,271.12,13.12,114.61,80.70,72.00,771.25,184.24,505.84,390.09,19.57,834.18,75.20,240.53,214.04,73.67,270.09,202.64,100.69,108.27,174.12,623.91,26.50,1039.51,93.61,167.04,124.96,525.04,1425.18,80.32,103.47,107.92,135.95,223.93,77.61,41.53,356.14,235.75,219.53,207.93,322.92,264.91,140.97,68.23,155.17
2026-01-28,81.86,687.74,187.00,45.30,294.02,342.22,54.62,85.71,257.72,260.86,239.76,477.91,105.88,357.83,201.92,75.08,227.72,268.04,12.97,111.13,80.48,74.03,751.13,182.74,491.23,385.03,19.61,826.62,75.10,235.89,210.39,73.36,272.38,203.02,100.79,106.05,174.83,608.02,25.86,1023.80,93.79,164.92,121.93,522.04,1401.64,79.26,101.18,106.90,133.87,218.67,76.60,41.90,350.54,224.54,216.88,194.01,341.85,258.20,139.72,65.56,153.97
2026-01-29,81.49,676.71,184.93,46.86,292.29,342.94,54.28,86.02,257.61,261.64,235.62,475.68,107.24,354.30,201.09,74.34,227.29,269.81,13.07,108.49,80.37,74.44,749.44,182.35,482.53,375.18,19.73,822.30,74.98,232.65,211.23,74.00,271.27,200.13,101.00,106.09,176.18,592.16,26.10,1024.14,92.33,164.12,121.72,507.55,1392.80,78.78,101.08,108.34,133.27,220.43,76.52,43.60,352.10,219.62,211.68,196.67,346.98,255.10,139.55,63.98,153.54
2026-01-30,81.36,670.46,179.59,44.07,286.93,341.88,55.05,87.07,258.31,262.60,230.15,469.90,109.34,369.56,203.48,75.48,227.25,271.52,13.09,108.80,81.38,74.52,741.45,187.03,488.27,370.72,20.07,831.21,74.93,231.12,214.88,73.04,274.11,201.26,102.96,109.30,179.89,578.61,26.44,1037.15,93.53,163.03,124.82,504.22,1373.24,78.97,100.07,110.27,133.85,223.01,76.97,43.32,359.22,218.89,210.48,195.20,345.74,255.81,141.95,64.09,154.42
2026-02-02,82.65,639.60,181.18,42.55,285.59,344.68,55.89,86.22,254.74,264.24,231.23,472.01,111.19,368.14,201.91,75.31,230.75,270.29,13.68,107.09,80.65,75.42,755.02,185.00,496.85,379.31,19.87,846.51,74.74,237.50,218.93,72.53,271.54,201.86,102.71,109.41,179.09,581.77,26.66,1044.13,91.87,163.63,124.94,496.73,1385.61,80.11,102.67,113.37,135.39,225.64,76.91,42.80,363.56,223.42,213.22,187.20,341.83,256.62,142.89,65.25,155.36
2026-02-03,82.10,632.56,181.40,42.20,284.18,338.59,55.99,86.18,251.41,261.67,203.77,465.61,134.73,360.82,206.50,73.14,233.10,272.20,13.68,101.13,79.33,76.83,759.18,185.17,499.21,378.95,19.91,851.12,74.63,230.95,218.00,71.63,275.39,206.98,103.18,109.02,176.76,570.09,25.77,1003.46,91.62,157.05,122.41,478.88,1369.90,78.78,100.92,115.84,132.14,225.66,75.75,42.51,361.75,216.60,201.41,193.02,338.65,251.22,143.28,64.63,153.80
2026-02-04,79.77,642.94,178.04,42.77,275.92,366.20,57.62,88.09,263.03,264.27,202.54,470.52,142.06,360.66,207.87,75.26,234.47,276.16,14.36,103.83,80.92,75.24,775.06,189.23,493.64,384.33,21.03,822.00,74.59,237.05,206.85,70.82,271.71,206.46,101.84,108.20,185.45,565.22,26.78,1107.12,75.50,161.30,126.70,478.49,1389.73,82.63,102.60,118.33,132.98,217.11,76.49,40.96,329.97,219.53,201.62,192.07,340.60,251.24,146.23,68.67,155.69
2026-02-05,78.10,643.59,176.84,40.87,268.55,367.80,59.52,88.73,267.05,243.81,180.96,458.81,149.22,362.42,206.51,77.00,237.79,278.23,14.34,99.52,80.10,76.33,766.63,192.30,513.76,376.89,21.77,957.80,74.70,231.62,227.18,69.89,284.53,216.47,102.95,109.08,185.36,542.36,26.49,1020.84,77.64,175.62,126.73,476.32,1382.85,82.31,102.76,119.75,129.64,219.02,76.98,39.92,352.16,215.75,183.70,193.55,332.25,243.15,149.37,65.86,154.60
2026-02-06,78.71,644.61,131.72,41.01,276.65,384.32,61.99,89.91,271.63,252.16,187.49,477.92,140.83,358.29,210.02,79.72,239.99,277.20,14.58,101.59,82.10,78.35,785.51,190.71,501.69,381.29,21.73,948.68,74.81,248.95,226.32,69.97,292.05,218.56,102.90,110.83,201.18,542.83,27.22,1058.18,76.27,187.60,127.42,488.15,1373.57,80.65,108.39,121.93,129.58,223.43,78.12,38.46,359.25,216.61,189.21,193.94,338.98,241.93,152.50,66.78,157.90
2026-02-09,76.80,639.79,127.53,41.95,275.70,375.82,60.77,89.73,275.96,245.40,192.67,470.87,137.64,356.08,207.39,80.10,238.64,274.01,15.56,102.82,81.48,75.77,780.28,191.25,497.54,328.14,21.73,962.32,75.02,248.93,225.76,70.16,294.40,212.94,101.65,111.07,193.81,546.76,27.05,1044.67,74.12,192.50,127.30,492.84,1380.88,79.08,109.03,117.65,127.50,223.26,78.07,38.04,363.27,216.66,185.70,189.49,327.50,245.57,151.68,65.48,156.01
2026-02-10,77.05,646.53,125.43,41.99,273.22,364.65,60.86,91.40,263.54,244.67,182.45,463.48,139.28,361.06,171.68,81.02,238.35,284.50,15.95,104.75,81.57,75.70,754.91,205.35,502.05,327.02,21.94,935.21,75.15,243.56,220.27,68.16,287.81,212.78,101.42,112.28,188.99,539.80,27.61,1025.00,74.25,196.27,128.13,495.15,1400.33,79.22,100.05,117.15,129.00,222.44,80.46,39.61,360.00,219.75,181.24,181.30,325.64,252.41,147.23,64.80,155.04
2026-02-11,79.33,648.73,122.65,40.51,278.91,366.58,59.93,95.61,259.62,243.47,177.18,461.24,144.27,363.70,180.62,81.69,240.86,289.89,16.13,101.10,83.05,77.02,778.97,209.32,531.47,329.20,22.27,953.19,75.09,246.16,224.25,68.15,294.73,231.32,101.08,113.59,191.20,527.17,27.73,1015.21,73.47,197.51,128.67,496.12,1392.65,79.20,98.84,119.31,128.90,220.89,81.49,40.43,365.70,219.98,165.98,175.40,330.25,250.85,155.80,63.45,155.82
2026-02-12,76.44,617.20,126.71,40.11,284.37,366.20,59.86,95.18,245.73,244.22,168.85,465.02,149.97,365.85,177.81,78.43,244.55,278.11,15.79,95.57,81.70,77.93,783.65,206.86,535.22,319.83,18.71,916.00,74.91,243.61,215.06,65.08,287.61,234.05,100.88,111.47,195.50,509.82,27.47,1038.27,74.12,183.86,125.64,478.60,1357.92,78.65,100.75,119.24,124.88,227.50,75.95,39.18,351.06,214.94,158.74,178.83,336.04,240.82,151.81,59.54,155.71
2026-02-13,75.87,629.35,135.35,42.23,293.19,369.19,60.74,96.45,252.55,248.35,166.94,491.47,148.95,366.05,175.89,78.19,243.45,282.63,15.77,96.03,82.99,78.48,803.17,206.87,540.29,323.37,19.79,934.75,75.04,250.49,220.79,70.02,291.44,234.81,99.49,112.68,196.52,504.82,27.58,1040.00,74.73,186.77,126.65,485.84,1360.95,80.34,101.10,121.41,125.81,231.50,75.55,40.58,360.83,212.58,161.35,184.10,346.80,242.74,154.98,59.93,156.89
2026-02-17,78.45,626.17,135.68,43.93,289.09,373.36,60.35,97.15,255.82,245.41,164.44,477.32,150.41,369.18,177.38,77.21,243.33,276.67,15.74,95.05,81.94,78.20,793.53,205.49,534.78,321.43,20.74,946.47,75.15,243.19,225.58,70.43,290.71,235.12,96.41,112.26,195.62,501.59,27.37,1036.05,76.29,187.22,125.56,493.35,1353.24,81.61,101.16,121.57,123.87,232.86,73.73,41.23,359.97,206.36,158.53,184.99,344.78,246.34,155.27,58.50,156.97
