date,mrna_shares,regn_shares,cnc_shares,bmy_shares,pfe_shares,tech_shares,a_shares,dhr_shares,mdt_shares,unh_shares,amgn_shares,jnj_shares,lh_shares,wat_shares,biib_shares,mtd_shares,holx_shares,iqv_shares,solv_shares,zbh_shares,crl_shares,cah_shares,gehc_shares,coo_shares,rvty_shares,ste_shares,podd_shares,rmd_shares,vtrs_shares,bsx_shares,hum_shares,idxx_shares,vrtx_shares,isrg_shares,ew_shares,mck_shares,dxcm_shares,cor_shares,hsic_shares,hca_shares,tmo_shares,dva_shares,syk_shares,gild_shares,abbv_shares,algn_shares,incy_shares,lly_shares,moh_shares,mrk_shares,elv_shares,wst_shares,cvs_shares,zts_shares,ci_shares,bax_shares,abt_shares,dgx_shares,uhs_shares,bdx_shares
2025-03-31,2444420,759424,3579607,14648214,40906212,1141170,2059328,4619705,9255948,6642913,3877691,17378953,602011,428596,1056574,150960,1619700,1207595,997656,1437024,369144,1743672,3300880,1440663,878527,709228,506315,1060184,8615711,10638594,870880,591104,1853627,2574497,4257340,904591,2820247,1245817,899948,1290678,2760973,317580,2478966,8995961,12742927,506517,1159463,5687503,400609,18259776,1674041,522717,9100807,3232282,1976287,3685618,12519858,801220,423819,2072584
2025-04-01,2444420,759424,3579607,14648214,40906212,1141170,2059328,4619705,9255948,6642913,3877691,17378953,602011,428596,1056574,150960,1619700,1207595,997656,1437024,369144,1743672,3300880,1440663,878527,709228,506315,1060184,8615711,10638594,870880,591104,1853627,2574497,4257340,904591,2820247,1245817,899948,1290678,2760973,317580,2478966,8995961,12742927,506517,1159463,5687503,400609,18259776,1674041,522717,9100807,3232282,1976287,3685618,12519858,801220,423819,2072584
2025-04-03,2450465,761296,3588460,14684432,41007364,1143991,2064424,4631132,9278832,6659336,3887285,17421922,603497,429662,1059187,151337,1623704,1210585,1000126,1440573,370054,1747988,3309044,1444225,880698,710983,507563,1062810,8637018,10664905,873038,592560,1858216,2580867,4267870,906827,2827215,1248898,902171,1293875,2767798,318360,2485101,9018204,12774439,507765,1162336,5701569,401597,18304925,1678175,524004,9123310,3240277,1981175,3694731,12550811,803196,424872,2077706
2025-04-07,2419580,751748,3543171,14499186,40489839,1129518,2038376,4572681,9161723,6575320,3838263,17202096,595862,424204,1045818,149436,1603252,1195315,987416,1422336,365424,1725980,3267312,1426019,869575,701968,501239,1049372,8528027,10530249,861984,585132,1834659,2548257,4214080,895459,2791519,1233145,890872,1277501,2732973,314420,2453633,8904433,12613171,501441,1147587,5629711,396553,18073976,1657121,517473,9008259,3199442,1956231,3648062,12392510,793108,419483,2051520
2025-04-16,2406365,747575,3523969,14420507,40270102,1123391,2027324,4547941,9112050,6539645,3817385,17108697,592697,421962,1040187,148637,1594504,1188785,982126,1414682,363354,1716588,3249653,1418225,864798,698183,498463,1043610,8481736,10473123,857338,581869,1824816,2534467,4191179,890527,2776372,1226398,885971,1270575,2718107,312660,2440401,8856070,12544814,498665,1141436,5599078,394397,17975796,1648032,514613,8959276,3182077,1945575,3628240,12325186,788805,417272,2040415
2025-04-22,2401256,745980,3516467,14389834,40184429,1121004,2023012,4538261,9092657,6525730,3809267,17072304,591432,421060,1037976,148318,1591116,1186255,980036,1411668,362584,1712936,3242734,1415211,862961,696698,497407,1041388,8463685,10450837,855512,580626,1820933,2529077,4182258,888635,2770465,1223791,884090,1267869,2712321,312000,2435209,8837227,12518117,497609,1139005,5587165,393561,17937549,1644523,513513,8940213,3175301,1941439,3620518,12298962,787122,416381,2036070
2025-04-23,2403586,746705,3519877,14403784,40223384,1122089,2024972,4542661,9101472,6532055,3812962,17088854,592007,421470,1038981,148463,1592656,1187405,980986,1413038,362934,1714596,3245879,1416581,863796,697373,497887,1042398,8471890,10460967,856342,581191,1822698,2531527,4186313,889495,2773150,1224976,884945,1269099,2714951,312300,2437569,8845792,12530252,498089,1140110,5592580,393941,17954939,1646118,514013,8948878,3178381,1943319,3624028,12310887,787887,416786,2038045
2025-04-25,2409178,748445,3528061,14437264,40316876,1124693,2029676,4553221,9122628,6547235,3821830,17128574,593387,422454,1041393,148811,1596352,1190165,983266,1416326,363774,1718580,3253427,1419869,865800,698993,499039,1044822,8491582,10485279,858334,582547,1826934,2537407,4196045,891559,2779594,1227820,886997,1272051,2721263,313020,2443233,8866348,12559376,499241,1142762,5605576,394853,17996675,1649946,515213,8969674,3185773,1947831,3632452,12339507,789723,417758,2042785
2025-04-28,2408246,748155,3526697,14431684,40301294,1124259,2028892,4551461,9119102,6544705,3820352,17121954,593157,422290,1040991,148753,1595736,1189705,982886,1415778,363634,1717916,3252169,1419321,865466,698723,498847,1044418,8488300,10481227,858002,582321,1826228,2536427,4194423,891215,2778520,1227346,886655,1271559,2720211,312900,2442289,8862922,12554522,499049,1142320,5603410,394701,17989719,1649308,515013,8966208,3184541,1947079,3631048,12334739,789417,417596,2041995
2025-05-13,2436206,756855,3567617,14599084,40768754,1137279,2052412,4604261,9224882,6620605,3864692,17320554,600057,427210,1053051,150493,1614216,1203505,994286,1432218,367834,1737836,3289909,1435761,875486,706823,504607,1056538,8586760,10602787,867962,589101,1847408,2565827,4243083,901535,2810740,1241566,896915,1286319,2751771,316500,2470609,8965702,12700142,504809,1155580,5668390,399261,18198399,1668448,521013,9070188,3221501,1969639,3673168,12477785,798597,422456,2065695
2025-05-14,2436206,756855,3567617,14599084,40768754,1137279,2052412,4604261,9224882,6620605,3864692,17320554,600057,427210,1053051,150493,1614216,1203505,994286,1432218,367834,1737836,3289909,1435761,875486,706823,504607,1056538,8586760,10602787,867962,589101,1847408,2565827,4243083,901535,2810740,1241566,896915,1286319,2751771,316500,2470609,8965702,12700142,504809,1155580,5668390,399261,18198399,1668448,521013,9070188,3221501,1969639,3673168,12477785,798597,422456,2065695
2025-05-16,2436206,756855,3567617,14599084,40768754,1137279,2052412,4604261,9224882,6620605,3864692,17320554,600057,427210,1053051,150493,1614216,1203505,994286,1432218,367834,1737836,3289909,1435761,875486,706823,504607,1056538,8586760,10602787,867962,589101,1847408,2565827,4243083,901535,2810740,1241566,896915,1286319,2751771,316500,2470609,8965702,12700142,504809,1155580,5668390,399261,18198399,1668448,521013,9070188,3221501,1969639,3673168,12477785,798597,422456,2065695
2025-05-19,2436206,756855,3567617,14599084,40768754,1137279,2052412,4604261,9224882,6620605,3864692,17320554,600057,427210,1053051,150493,1614216,1203505,994286,1432218,367834,1737836,3289909,1435761,875486,706823,504607,1056538,8586760,10602787,867962,589101,1847408,2565827,4243083,901535,2810740,1241566,896915,1286319,2751771,316500,2470609,8965702,12700142,504809,1155580,5668390,399261,18198399,1668448,521013,9070188,3221501,1969639,3673168,12477785,798597,422456,2065695
2025-05-20,2436206,756855,3567617,14599084,40768754,1137279,2052412,4604261,9224882,6620605,3864692,17320554,600057,427210,1053051,150493,1614216,1203505,994286,1432218,367834,1737836,3289909,1435761,875486,706823,504607,1056538,8586760,10602787,867962,589101,1847408,2565827,4243083,901535,2810740,1241566,896915,1286319,2751771,316500,2470609,8965702,12700142,504809,1155580,5668390,399261,18198399,1668448,521013,9070188,3221501,1969639,3673168,12477785,798597,422456,2065695
2025-05-21,2422830,752735,3548021,14518871,40544995,1131023,2041156,4578937,9174165,6584216,3843488,17225496,596717,424758,1047315,149649,1605423,1196925,988846,1424254,365914,1728284,3271765,1427892,870774,702963,501807,1050766,8539635,10544602,863186,585833,1837200,2551782,4219743,896643,2795264,1234790,892077,1279263,2736635,314835,2456973,8916485,12630377,502048,1149224,5637397,397125,18098516,1659364,518113,9020451,3203825,1958798,3653052,12409299,794189,420040,2054375
2025-07-07,2363956,721375,3456347,14135746,39490749,1088929,1980342,4424270,8908606,6301062,3734963,16712654,581437,413402,1017784,144367,1547851,1141509,961446,1374242,341174,1657875,3180520,1389102,818717,682423,488781,1018500,8152392,10276297,838348,558639,1783753,2489554,4074551,869024,2723630,1198176,845421,1203155,2622131,288417,2389049,8640334,12269462,473312,1115956,5463871,376507,17441727,1569346,499043,8786870,3092447,1855642,3564592,12085024,775375,397202,1990783
2025-07-08,2363956,721375,3456347,14135746,39490749,1088929,1980342,4424270,8908606,6301062,3734963,16712654,581437,413402,1017784,144367,1547851,1141509,961446,1374242,341174,1657875,3180520,1389102,818717,682423,488781,1018500,8152392,10276297,838348,558639,1783753,2489554,4074551,869024,2723630,1198176,845421,1203155,2622131,288417,2389049,8640334,12269462,473312,1115956,5463871,376507,17441727,1569346,499043,8786870,3092447,1855642,3564592,12085024,775375,397202,1990783
2025-07-09,2370991,723520,3466637,14177821,39608304,1092169,1986237,4437440,8935126,6319812,3746078,16762409,583162,414632,1020814,144802,1552456,1144914,964311,1378337,342194,1662810,3189985,1393242,821147,684448,490236,1021530,8176662,10306882,840838,560304,1789063,2496964,4086686,871604,2731745,1201746,847941,1206740,2629931,289272,2396159,8666059,12305987,474722,1119271,5480131,377632,17493642,1574011,500528,8813030,3101657,1861162,3575197,12120994,777685,398387,1996708
2025-07-10,2366256,722075,3459747,14149446,39529149,1089929,1982242,4428570,8917306,6307162,3738563,16728954,581937,413802,1018784,144467,1549351,1142709,962346,1375542,341474,1659475,3183620,1390402,819517,683123,489281,1019500,8160392,10286297,839148,559139,1785453,2492054,4078451,869924,2726230,1199376,846321,1204355,2624631,288717,2391449,8648734,12281462,473712,1117056,5469171,376807,17458727,1570846,499543,8795370,3095447,1857442,3567992,12096724,776175,397602,1992683
2025-07-11,2356407,719072,3445341,14090541,39364572,1085393,1973989,4410132,8880178,6280912,3723002,16659297,579522,412080,1014542,143858,1542904,1137942,958335,1369809,340046,1652566,3170369,1384606,816115,680288,487244,1015258,8126414,10243478,835662,556808,1778019,2481680,4061462,866312,2714869,1194378,842793,1199336,2613711,287520,2381495,8612719,12230327,471738,1112415,5446407,375232,17386046,1564315,497464,8758746,3082553,1849714,3553145,12046366,772941,395943,1984388
2025-07-14,2332019,711636,3409669,13944681,38957048,1074161,1953553,4364476,8788242,6215912,3684470,16486813,573542,407816,1004038,142350,1526940,1126138,948403,1355613,336510,1635458,3137557,1370254,807691,673268,482200,1004754,8042278,10137450,827030,551036,1759611,2455992,4019394,857368,2686737,1182002,834057,1186908,2586671,284556,2356847,8523539,12103707,466850,1100923,5390039,371332,17206074,1548143,492316,8668058,3050625,1830578,3516381,11921670,764933,391835,1963848
2025-07-15,2344213,715354,3427505,14017611,39160810,1079777,1963771,4387304,8834210,6248412,3703736,16573055,576532,409948,1009290,143104,1534922,1132040,953369,1362711,338278,1644012,3153963,1377430,811903,676778,484722,1010006,8084346,10190464,831346,553922,1768815,2468836,4040428,861840,2700803,1188190,838425,1193122,2600191,286038,2369171,8568129,12167017,469294,1106669,5418223,373282,17296060,1556229,494890,8713402,3066589,1840146,3534763,11984018,768937,393889,1974118
2025-07-16,2304348,703199,3369195,13779186,38494665,1061417,1930366,4312674,8683930,6142162,3640751,16291110,566757,402978,992120,140639,1508827,1112745,937134,1339506,332498,1616047,3100328,1353970,798133,665303,476477,992836,7946816,10017149,817236,544487,1738725,2426846,3971663,847220,2654818,1167960,824145,1172807,2555991,281193,2328881,8422354,11960042,461304,1087884,5326083,366907,17001875,1529794,486475,8565162,3014399,1808866,3474668,11780188,755847,387174,1940543
2025-07-17,2315628,706631,3385659,13846578,38682921,1066601,1939798,4333770,8726386,6172186,3658559,16370766,569517,404946,996968,141335,1516195,1118193,941718,1346058,334130,1623943,3115496,1360594,802045,668567,478805,997684,7985672,10066133,821244,547151,1747221,2438702,3991079,851372,2667802,1173672,828177,1178543,2568495,282561,2340281,8463538,12018530,463560,1093212,5352123,368707,17085011,1537282,488851,8607042,3029135,1817722,3491660,11837788,759543,389070,1950023
2025-07-18,2316098,706774,3386345,13849386,38690764,1066817,1940191,4334649,8728155,6173437,3659301,16374085,569632,405028,997170,141364,1516502,1118420,941909,1346331,334198,1624272,3116128,1360870,802208,668703,478902,997886,7987291,10068174,821411,547262,1747575,2439196,3991888,851545,2668343,1173910,828345,1178782,2569016,282618,2340756,8465254,12020967,463654,1093434,5353208,368782,17088475,1537594,488950,8608787,3029749,1818091,3492368,11840188,759697,389149,1950418
2025-07-21,2317038,707060,3387717,13855002,38706450,1067249,1940977,4336407,8731693,6175939,3660785,16380723,569862,405192,997574,141422,1517116,1118874,942291,1346877,334334,1624930,3117392,1361422,802534,668975,479096,998290,7990529,10072256,821745,547484,1748283,2440184,3993506,851891,2669425,1174386,828681,1179260,2570058,282732,2341706,8468686,12025841,463842,1093878,5355378,368932,17095403,1538218,489148,8612277,3030977,1818829,3493784,11844988,760005,389307,1951208
2025-07-22,2317038,707060,3387717,13855002,38706450,1067249,1940977,4336407,8731693,6175939,3660785,16380723,569862,405192,997574,141422,1517116,1118874,942291,1346877,334334,1624930,3117392,1361422,802534,668975,479096,998290,7990529,10072256,821745,547484,1748283,2440184,3993506,851891,2669425,1174386,828681,1179260,2570058,282732,2341706,8468686,12025841,463842,1093878,5355378,368932,17095403,1538218,489148,8612277,3030977,1818829,3493784,11844988,760005,389307,1951208
2025-07-23,2333958,712208,3412449,13956090,38988834,1075025,1955125,4368051,8795377,6221011,3687497,16500243,574002,408144,1004846,142466,1528168,1127046,949167,1356705,336782,1636774,3140144,1371358,808402,673871,482588,1005562,8048813,10145732,827757,551480,1761027,2458004,4022630,858119,2688901,1182954,834729,1187864,2588814,284784,2358806,8530462,12113573,467226,1101870,5394438,371632,17220107,1549450,492712,8675097,3053081,1832113,3519272,11931388,765549,392151,1965428
2025-07-24,2346178,715926,3430311,14029098,39192804,1080641,1965343,4390905,8841397,6253563,3706789,16586563,576992,410276,1010098,143220,1536150,1132948,954133,1363803,338550,1645328,3156576,1378534,812640,677407,485110,1010814,8090933,10198798,832099,554366,1770231,2470874,4043664,862617,2702967,1189142,839097,1194078,2602360,286266,2371156,8575078,12176935,469670,1107642,5422648,373582,17310197,1557562,495286,8720493,3069045,1841707,3537680,11993814,769553,394205,1975698
2025-07-25,2341948,714639,3424128,14003826,39122199,1078697,1961806,4382994,8825467,6242295,3700111,16556683,575957,409538,1008280,142959,1533387,1130905,952414,1361346,337938,1642367,3150888,1376050,811173,676183,484237,1008996,8076362,10180429,830596,553367,1767045,2466419,4036383,861060,2698098,1187000,837585,1191927,2597671,285753,2366881,8559634,12155002,468824,1105644,5412883,372907,17279012,1554754,494395,8704788,3063519,1838386,3531308,11972205,768167,393494,1972143
2025-07-28,2332078,711636,3409701,13944837,38957370,1074161,1953532,4364535,8788276,6216003,3684529,16486921,573521,407816,1004038,142350,1526919,1126138,948403,1355613,336510,1635458,3137616,1370254,807750,673327,482200,1004754,8042342,10137547,827089,551036,1759590,2456024,4019373,857427,2686737,1182002,834057,1186908,2586730,284556,2356906,8523577,12103804,466850,1100982,5390077,371332,17206226,1548202,492316,8668122,3050604,1830637,3516440,11921763,764933,391835,1963827
2025-07-29,2324088,709205,3398022,13897084,38823937,1070489,1946834,4349592,8758169,6194719,3671915,16430447,571549,406422,1000604,141857,1521683,1122279,945156,1350972,335354,1629865,3126872,1365562,804979,671015,480551,1001320,8014802,10102833,824250,549149,1753555,2447609,4005603,854486,2677540,1177956,831201,1182845,2577873,283587,2348831,8494388,12062341,465252,1097208,5371615,370057,17147287,1542898,490633,8638440,3040149,1824364,3504404,11880929,762315,390492,1957095
2025-07-30,2332548,711779,3410388,13947646,38965219,1074377,1953926,4365414,8790047,6217255,3685271,16490243,573637,407898,1004240,142379,1527227,1126365,948594,1355886,336578,1635805,3138248,1370530,807913,673463,482297,1004956,8043962,10139589,827256,551147,1759945,2456519,4020183,857600,2687278,1182240,834225,1187147,2587251,284613,2357381,8525294,12106243,466944,1101204,5391163,371407,17209693,1548514,492415,8669868,3051219,1831006,3517148,11924165,765087,391914,1964223
2025-07-31,2302938,702770,3367107,13770616,38470732,1060769,1929104,4310037,8678474,6138379,3638525,16280957,566329,402732,991514,140552,1507823,1112064,936561,1338687,332294,1615015,3098432,1353142,797644,664895,476186,992230,7941902,10010943,816735,544154,1737580,2425334,3969153,846701,2653195,1167246,823641,1172090,2554428,281022,2327456,8417123,11952586,461022,1087218,5322745,366682,16991272,1528858,486178,8559870,3012474,1807759,3472544,11772839,755385,386937,1939275
2025-08-01,2304818,703342,3369855,13781856,38502132,1061633,1930680,4313553,8685558,6143387,3641493,16294245,566793,403060,992322,140668,1509055,1112972,937325,1339779,332566,1616335,3100960,1354246,798296,665439,476574,993038,7948382,10019115,817403,544598,1739000,2427314,3972393,847393,2655359,1168198,824313,1173046,2556512,281250,2329356,8423991,11962342,461398,1088106,5327089,366982,17005140,1530106,486574,8566858,3014934,1809235,3475380,11782447,756001,387253,1940859
2025-08-04,2310458,705058,3378099,13815576,38596320,1064225,1935408,4324101,8706810,6158411,3650397,16334109,568185,404044,994746,141016,1512751,1115696,939617,1343055,333382,1620295,3108544,1357558,800252,667071,477738,995462,7967822,10043631,819407,545930,1743260,2433254,3982113,849469,2661851,1171054,826329,1175914,2562764,281934,2335056,8444595,11991610,462526,1090770,5340121,367882,17046744,1533850,487762,8587822,3022314,1813663,3483888,11811271,757849,388201,1945611
2025-08-05,2309988,704915,3377412,13812766,38588471,1064009,1935014,4323222,8705039,6157159,3649655,16330787,568069,403962,994544,140987,1512443,1115469,939426,1342782,333314,1619965,3107912,1357282,800089,666935,477641,995260,7966202,10041588,819240,545819,1742905,2432759,3981303,849296,2661310,1170816,826161,1175675,2562243,281877,2334581,8442878,11989171,462432,1090548,5339035,367807,17043277,1533538,487663,8586076,3021699,1813294,3483180,11808869,757695,388122,1945215
2025-08-06,2308578,704486,3375351,13804336,38564924,1063361,1933832,4320585,8699726,6153403,3647429,16320821,567721,403716,993938,140900,1511519,1114788,938853,1341963,333110,1618975,3106016,1356454,799600,666527,477350,994654,7961342,10035459,818739,545486,1741840,2431274,3978873,848777,2659687,1170102,825657,1174958,2560680,281706,2333156,8437727,11981854,462150,1089882,5335777,367582,17032876,1532602,487366,8580838,3019854,1812187,3481056,11801663,757233,387885,1944027
2025-08-07,2293068,699767,3352680,13711606,38305907,1056233,1920830,4291578,8641283,6112087,3622943,16211195,563893,401010,987272,139943,1501355,1107297,932550,1332954,330866,1608085,3085160,1347346,794221,662039,474149,987988,7907882,9968040,813228,541823,1730125,2414939,3952143,843068,2641834,1162248,820113,1167071,2543487,279825,2317481,8381066,11901367,459048,1082556,5299939,365107,16918465,1522306,484099,8523187,2999559,1800010,3457659,11722397,752151,385278,1930959
2025-08-08,2301818,702312,3365385,13763856,38451757,1060273,1928240,4307863,8674248,6135267,3636673,16272925,566133,402440,991002,140578,1507175,1111502,936115,1338149,332186,1614235,3096840,1352486,797166,664479,476004,991718,7937982,10005885,816333,543888,1736750,2424064,3967393,846163,2651949,1166718,823233,1171456,2553102,280880,2326206,8413021,11946652,460858,1086586,5320129,366532,16982870,1528086,485884,8555692,3011084,1806745,3470794,11767027,755061,386763,1938399
2025-08-11,2303698,702884,3368133,13775096,38483153,1061137,1929816,4311379,8681332,6140275,3639641,16286213,566597,402768,991810,140694,1508407,1112410,936879,1339241,332458,1615555,3099368,1353590,797818,665023,476392,992526,7944462,10014057,817001,544332,1738170,2426044,3970633,846855,2654113,1167670,823905,1172412,2555186,281108,2328106,8419889,11956408,461234,1087474,5324473,366832,16996738,1529334,486280,8562680,3013544,1808221,3473630,11776635,755677,387079,1939983
2025-08-12,2303698,702884,3368133,13775096,38483153,1061137,1929816,4311379,8681332,6140275,3639641,16286213,566597,402768,991810,140694,1508407,1112410,936879,1339241,332458,1615555,3099368,1353590,797818,665023,476392,992526,7944462,10014057,817001,544332,1738170,2426044,3970633,846855,2654113,1167670,823905,1172412,2555186,281108,2328106,8419889,11956408,461234,1087474,5324473,366832,16996738,1529334,486280,8562680,3013544,1808221,3473630,11776635,755677,387079,1939983
2025-08-13,2288658,698308,3346149,13685176,38231985,1054225,1917208,4283251,8624660,6100211,3615897,16179909,562885,400144,985346,139766,1498551,1105146,930767,1330505,330282,1604995,3079144,1344758,792602,660671,473288,986062,7892622,9948681,811657,540780,1726810,2410204,3944713,841319,2636801,1160054,818529,1164764,2538514,279284,2312906,8364945,11878360,458226,1080370,5289721,364432,16885794,1519350,483112,8506776,2993864,1796413,3450942,11699771,750749,384551,1927311
2025-08-14,2269388,692445,3317982,13569966,37910176,1045369,1901054,4247212,8552049,6048879,3585475,16043707,558129,396782,977064,138577,1485923,1095839,922936,1319312,327494,1591465,3053232,1333442,785919,655095,469311,977780,7826202,9864964,804810,536229,1712255,2389909,3911503,834226,2614620,1150296,811641,1154965,2517153,276947,2293431,8294548,11778361,454372,1071268,5245195,361357,16743647,1506558,479053,8435195,2968649,1781284,3421919,11601289,744435,381312,1911075
2025-08-15,2269388,692445,3317982,13569966,37910176,1045369,1901054,4247212,8552049,6048879,3585475,16043707,558129,396782,977064,138577,1485923,1095839,922936,1319312,327494,1591465,3053232,1333442,785919,655095,469311,977780,7826202,9864964,804810,536229,1712255,2389909,3911503,834226,2614620,1150296,811641,1154965,2517153,276947,2293431,8294548,11778361,454372,1071268,5245195,361357,16743647,1506558,479053,8435195,2968649,1781284,3421919,11601289,744435,381312,1911075
2025-08-18,2274078,693946,3324991,13598336,37989419,1047481,1905012,4256065,8569946,6061443,3592969,16077261,559241,397656,979078,138880,1489079,1098228,982573,1322023,328170,1594875,3059556,1336274,787560,656547,470290,979794,7842442,9885565,806479,537406,1715940,2394974,3919673,836037,2620007,1152662,813317,1157438,2522400,277446,2298256,8311867,11803034,455330,1073522,5256197,362182,16778616,1509642,480046,8452817,2974854,1785067,3428975,11625503,745913,382165,1915147
2025-08-19,2280188,695805,3333922,13634866,38091469,1050289,1910134,4267492,8592969,6077732,3602615,16120447,560749,398722,981704,139257,1493083,1101179,985212,1325572,329054,1599165,3067772,1339862,789679,658315,471551,982420,7863515,9912124,808650,538849,1720555,2401409,3930203,838286,2627040,1155756,815501,1160545,2529173,278187,2304431,8334201,11834741,456552,1076408,5270315,363157,16823687,1513698,481333,8475528,2982849,1789864,3438192,11656729,747915,383192,1920295
2025-08-20,2290058,698808,3348349,13693876,38256319,1054825,1918408,4285951,8630160,6104045,3618197,16190209,563185,400444,985946,139866,1499551,1105946,989475,1331305,330482,1606095,3081044,1345658,793102,661171,473588,986662,7897556,9955027,812157,541180,1728010,2411804,3947213,841919,2638401,1160754,819029,1165564,2540114,279384,2314406,8370279,11885960,458526,1081070,5293121,364732,16896494,1520250,483412,8512215,2995764,1797613,3453081,11707171,751149,384851,1928611
2025-08-21,2294288,700095,3354532,13719166,38326969,1056769,1921954,4293862,8646099,6115322,3624875,16220107,564229,401182,987764,140127,1502323,1107989,991302,1333762,331094,1609065,3086732,1348142,794569,662395,474461,988480,7912145,9973414,813660,542179,1731205,2416259,3954503,843476,2643270,1162896,820541,1167715,2544803,279897,2318681,8385741,11907911,459372,1083068,5302895,365407,16927697,1523058,484303,8527938,3001299,1800934,3459462,11728789,752535,385562,1932175
2025-08-22,2294758,700238,3355219,13721976,38334819,1056985,1922348,4294741,8647870,6116575,3625617,16223429,564345,401264,987966,140156,1502631,1108216,991505,1334035,331162,1609395,3087364,1348418,794732,662531,474558,988682,7913766,9975457,813827,542290,1731560,2416754,3955313,843649,2643811,1163134,820709,1167954,2545324,279954,2319156,8387459,11910350,459466,1083290,5303981,365482,16931164,1523370,484402,8529685,3001914,1801303,3460171,11731191,752689,385641,1932571
2025-08-25,2301338,702240,3364837,13761330,38444747,1060023,1927864,4307061,8672664,6134117,3636019,16269951,565969,402412,990794,140562,1506943,1111394,994347,1337857,332114,1614015,3096212,1352282,797014,664435,475916,991524,7936460,10004059,816165,543844,1736530,2423684,3966653,846071,2651399,1166466,823061,1171300,2552618,280752,2325806,8411511,11944510,460782,1086398,5319185,366532,16979716,1527738,485788,8554143,3010524,1806469,3470097,11764833,754845,386747,1938115
2025-08-26,2301338,702240,3364837,13761330,38444747,1060023,1927864,4307061,8672664,6134117,3636019,16269951,565969,402412,990794,140562,1506943,1111394,994347,1337857,332114,1614015,3096212,1352282,797014,664435,475916,991524,7936460,10004059,816165,543844,1736530,2423684,3966653,846071,2651399,1166466,823061,1171300,2552618,280752,2325806,8411511,11944510,460782,1086398,5319185,366532,16979716,1527738,485788,8554143,3010524,1806469,3470097,11764833,754845,386747,1938115
2025-08-27,2309798,704814,3377203,13811928,38586083,1063929,1934956,4322901,8704542,6156671,3649393,16329765,568057,403888,994430,141084,1512487,1115480,998001,1342771,333338,1619955,3107588,1357250,799948,666883,477662,995178,7965638,10040833,819171,545842,1742920,2432594,3981233,849185,2661155,1170750,826085,1175602,2561996,281778,2334356,8442435,11988430,462474,1090394,5338733,367882,17042140,1533354,487570,8585589,3021594,1813111,3482859,11808087,757617,388169,1945243
2025-08-28,2320138,707982,3392339,13873792,38758937,1068703,1943624,4342261,8743526,6184259,3665739,16402915,570609,405692,998874,141722,1519263,1120474,1002467,1348777,334834,1627215,3121514,1363322,803534,669875,479796,999644,8001322,10085823,822845,548284,1750730,2443484,3999075,852991,2673079,1175986,829781,1180860,2573480,283032,2344806,8480253,12042132,464542,1095278,5362647,369532,17118480,1540218,489748,8624045,3035124,1821229,3498457,11860975,761005,389907,1953955
2025-08-29,2320138,707982,3392339,13873792,38758937,1068703,1943624,4342261,8743526,6184259,3665739,16402915,570609,405692,998874,141722,1519263,1120474,1002467,1348777,334834,1627215,3121514,1363322,803534,669875,479796,999644,8001322,10085823,822845,548284,1750730,2443484,3999075,852991,2673079,1175986,829781,1180860,2573480,283032,2344806,8480253,12042132,464542,1095278,5362647,369532,17118480,1540218,489748,8624045,3035124,1821229,3498457,11860975,761005,389907,1953955
2025-09-02,2318728,707550,3390275,13865353,38735366,1068052,1942442,4339621,8738199,6180497,3663510,16392940,570261,405446,998265,141635,1518339,1119793,1001858,1347958,334630,1626225,3119615,1362494,803045,669467,479505,999035,7996456,10079688,822344,547951,1749665,2441999,3996642,852472,2671453,1175272,829277,1180143,2571914,282861,2343381,8475096,12034809,464260,1094612,5359386,369307,17108070,1539282,489451,8618801,3033279,1820122,3496330,11853763,760543,389670,1952767
2025-09-03,2327188,710142,3402659,13915987,38876792,1071958,1949534,4355461,8770113,6203069,3676884,16452790,572349,406922,1001919,142157,1523883,1123879,1005512,1352872,335854,1632165,3131009,1367462,805979,671915,481251,1002689,8025652,10116498,825350,549949,1756055,2450909,4011240,855586,2681209,1179556,832301,1184445,2581310,283887,2351931,8506038,12078747,465952,1098608,5378952,370657,17170530,1544898,491233,8650265,3044349,1826764,3509092,11897053,763315,391092,1959895
2025-09-04,2336118,712878,3415731,13969434,39026094,1076081,1957020,4372181,8803800,6226895,3691001,16515965,574553,408480,1005776,142708,1529735,1128192,1009369,1358059,337146,1638435,3143036,1372706,809076,674499,483094,1006546,8056470,10155353,828523,552058,1762800,2460314,4026649,858873,2691507,1184078,835493,1188986,2591228,284970,2360956,8538699,12125126,467738,1102826,5399605,372082,17236460,1550826,493114,8683477,3056034,1833775,3522563,11942748,766241,392593,1967419
2025-09-05,2342228,714750,3424675,14006003,39128248,1078902,1962142,4383621,8826849,6243197,3700660,16559203,576061,409546,1008415,143085,1533739,1131143,1012008,1361608,338030,1642725,3151265,1376294,811195,676267,484355,1009185,8077556,10181938,830694,553501,1767415,2466749,4037192,861122,2698553,1187172,837677,1192093,2598014,285711,2367131,8561046,12156859,468960,1105712,5413736,373057,17281583,1554882,494401,8706201,3064029,1838572,3531780,11974013,768243,393620,1972567
2025-09-08,2342698,714894,3425363,14008816,39136106,1079119,1962536,4384501,8828622,6244451,3701403,16562529,576177,409628,1008618,143114,1534047,1131370,1012211,1361881,338098,1643055,3151898,1376570,811358,676403,484452,1009388,8079178,10183983,830861,553612,1767770,2467244,4038003,861295,2699095,1187410,837845,1192332,2598536,285768,2367606,8562765,12159300,469054,1105934,5414823,373132,17285054,1555194,494500,8707949,3064644,1838941,3532489,11976418,768397,393699,1972963
2025-09-09,2352098,717774,3439123,14065076,39293286,1083459,1970416,4402101,8864082,6269531,3716263,16629049,578497,411268,1012678,143694,1540207,1135910,1016271,1367341,339458,1649655,3164558,1382090,814618,679123,486392,1013448,8111618,10224883,834201,555832,1774870,2477144,4054223,864755,2709935,1192170,841205,1197112,2608976,286908,2377106,8597145,12208140,470934,1110374,5436563,374632,17354474,1561434,496480,8742929,3076944,1846321,3546669,12024518,771477,395279,1980883
2025-09-10,2352098,717774,3439123,14065076,39293286,1083459,1970416,4402101,8864082,6269531,3716263,16629049,578497,411268,1012678,143694,1540207,1135910,1016271,1367341,339458,1649655,3164558,1382090,814618,679123,486392,1013448,8111618,10224883,834201,555832,1774870,2477144,4054223,864755,2709935,1192170,841205,1197112,2608976,286908,2377106,8597145,12208140,470934,1110374,5436563,374632,17354474,1561434,496480,8742929,3076944,1846321,3546669,12024518,771477,395279,1980883
2025-09-11,2348338,716622,3433619,14042572,39230433,1081723,1967264,4395061,8849898,6259499,3710319,16602441,577569,410612,1011054,143462,1537743,1134094,1014647,1365157,338914,1647015,3159494,1379882,813314,678035,485616,1011824,8098642,10208523,832865,554944,1772030,2473184,4047735,863371,2705599,1190266,839861,1195200,2604800,286452,2373306,8583404,12188604,470182,1108598,5427867,374032,17326706,1558938,495688,8728937,3072024,1843369,3540997,12005278,770245,394647,1977715
2025-09-12,2347398,716334,3432243,14036946,39214715,1081289,1966476,4393301,8846352,6256991,3708833,16595789,577337,410448,1010648,143404,1537127,1133640,1014241,1364611,338778,1646355,3158228,1379330,812988,677763,485422,1011418,8095398,10204433,832531,554722,1771320,2472194,4046113,863025,2704515,1189790,839525,1194722,2603756,286338,2372356,8579966,12183720,469994,1108154,5425693,373882,17319764,1558314,495490,8725439,3070794,1842631,3539579,12000468,769937,394489,1976923
2025-09-15,2334708,712446,3413667,13960995,39002522,1075430,1955838,4369541,8798481,6223133,3688772,16505987,574205,408234,1005167,142621,1528811,1127511,1008760,1357240,336942,1637445,3141137,1371878,808587,674091,482803,1005937,8051604,10149218,828022,551725,1761735,2458829,4024216,858354,2689881,1183364,834989,1188269,2589662,284799,2359531,8533526,12117786,467456,1102160,5396344,371857,17226047,1549890,492817,8678216,3054189,1832668,3520436,11935533,765779,392356,1966231
2025-09-16,2314455,706254,3384040,13839907,38664241,1066099,1938853,4331658,8722156,6169168,3656780,16362797,569217,404708,996438,141374,1515567,1117750,999988,1345458,334018,1623255,3113875,1359967,801578,668243,478632,997208,7981772,10061197,820841,546952,1746470,2437501,3989300,850915,2666532,1173087,827765,1177949,2567216,282348,2339063,8459523,12012694,463414,1092614,5349517,368632,17076622,1536431,488560,8602923,3027701,1816758,3489906,11831989,759157,388959,1949160
2025-09-17,2315868,706686,3386107,13848355,38687845,1066750,1940038,4334301,8727481,6172933,3659012,16372787,569565,404954,997047,141461,1516491,1118431,1000600,1346280,334222,1624245,3115777,1360798,802067,668651,478923,997817,7986644,10067338,821342,547285,1747535,2438989,3991736,851434,2668161,1173804,828269,1178669,2568782,282519,2340491,8464686,12020026,463696,1093280,5352784,368857,17087047,1537370,488857,8608176,3029549,1817868,3492036,11839213,759619,389196,1950351
2025-09-18,2314455,706254,3384040,13839907,38664241,1066099,1938853,4331658,8722156,6169168,3656780,16362797,569217,404708,996438,141374,1515567,1117750,999988,1345458,334018,1623255,3113875,1359967,801578,668243,478632,997208,7981772,10061197,820841,546952,1746470,2437501,3989300,850915,2666532,1173087,827765,1177949,2567216,282348,2339063,8459523,12012694,463414,1092614,5349517,368632,17076622,1536431,488560,8602923,3027701,1816758,3489906,11831989,759157,388959,1949160
2025-09-19,2328195,684914,3136940,13684907,38225821,1054019,1909833,4284718,8614376,6089148,3619580,16192057,558717,400228,985718,138554,1495347,1142950,990828,1331898,330898,1605455,3069635,1341427,780338,662203,473252,984428,7838592,9962337,808601,537912,1723770,2410161,3947220,836235,2636552,1303467,693045,1101269,2538836,240388,2313323,8342383,11877174,453194,1102834,5345217,364432,16793362,1513991,483500,8527363,2979681,1794698,3453206,11701709,751857,379139,1927120
2025-09-22,2328195,684914,3136940,13684907,38225821,1054019,1909833,4284718,8614376,6089148,3619580,16192057,558717,400228,985718,138554,1495347,1142950,990828,1331898,330898,1605455,3069635,1341427,780338,662203,473252,984428,7838592,9962337,808601,537912,1723770,2410161,3947220,836235,2636552,1303467,693045,1101269,2538836,240388,2313323,8342383,11877174,453194,1102834,5345217,364432,16793362,1513991,483500,8527363,2979681,1794698,3453206,11701709,751857,379139,1927120
2025-09-23,2337735,687714,3149780,13740947,38382381,1058339,1917653,4302258,8649656,6114088,3634400,16258377,560997,401868,989758,139114,1501467,1147630,994888,1337358,332258,1612035,3082215,1346927,783538,664923,475192,988468,7870692,10003137,811921,540112,1730830,2420041,3963380,839655,2647352,1308807,695885,1105789,2549236,241368,2322803,8376543,11925814,455054,1107354,5367117,365932,16862142,1520191,485480,8562283,2991881,1802038,3467346,11749629,754937,380699,1935020
2025-09-24,2332011,686034,3142076,13707323,38288445,1055747,1912961,4291734,8628488,6099124,3625508,16218585,559629,400884,987334,138778,1497795,1144822,992452,1334082,331442,1608087,3074667,1343627,781618,663291,474028,986044,7851432,9978657,809929,538792,1726594,2414113,3953684,837603,2640872,1305603,694181,1103077,2542996,240780,2317115,8356047,11896630,453938,1104642,5353977,365032,16820874,1516471,484292,8541331,2984561,1797634,3458862,11720877,753089,379763,1930280
2025-09-25,2318178,681974,3123458,13626065,38061433,1049483,1901622,4266301,8577332,6062961,3604019,16122421,556323,398506,981476,137966,1488921,1138036,986565,1326165,329470,1598546,3056426,1335652,776978,659347,471215,980186,7804887,9919497,805115,535602,1716357,2399787,3930252,832644,2625212,1297860,690063,1096523,2527916,239359,2303369,8306515,11826102,451241,1098088,5322222,362857,16721143,1507481,481421,8490697,2966871,1786991,3438359,11651393,748623,377501,1918825
2025-09-26,2325002,683954,3132662,13666389,38174169,1052575,1907314,4278925,8602700,6080925,3614711,16170213,557991,399690,984400,138302,1493393,1141444,989501,1330041,330486,1603294,3065474,1339552,779298,661279,472679,983110,7827947,9948877,807507,537122,1721493,2406915,3941948,835096,2632992,1301764,692067,1099735,2535356,240047,2310257,8331111,11861086,452657,1101400,5337962,363957,16770711,1511901,482809,8515849,2975591,1792207,3448543,11685845,750771,378637,1924465
2025-09-29,2326910,684514,3135234,13677601,38205489,1053439,1908878,4282437,8609756,6085913,3617675,16183481,558447,400018,985208,138414,1494617,1142380,990313,1331133,330758,1604610,3067990,1340652,779938,661823,473067,983918,7834371,9957041,808171,537562,1722905,2408891,3945180,835780,2635152,1302832,692635,1100639,2537436,240243,2312153,8337947,11870818,453029,1102304,5342342,364257,16784471,1513141,483205,8522837,2978031,1793679,3451371,11695433,751387,378949,1926045
2025-09-30,2353622,692354,3171242,13834569,38643969,1065535,1930774,4331605,8708540,6155745,3659171,16369233,564831,404610,996520,139982,1511753,1155484,1001681,1346421,334566,1623034,3103214,1356052,788898,669439,478499,995230,7924307,10071337,817467,543722,1742673,2436555,3990428,845356,2665392,1317784,700587,1113295,2566556,242987,2338697,8433651,12007066,458237,1114960,5403662,368457,16977111,1530501,488749,8620669,3012191,1814287,3490963,11829665,760011,383317,1948165
2025-10-01,2363162,695154,3184102,13890629,38800569,1069855,1938594,4349165,8743840,6180685,3673991,16435573,567111,406250,1000560,140542,1517873,1160164,1005741,1351881,335926,1629614,3115794,1361552,792098,672159,480439,999270,7956427,10112157,820787,545922,1749733,2446435,4006608,848776,2676192,1323124,703427,1117815,2576956,243967,2348177,8467831,12055726,460097,1119480,5425562,369957,17045911,1536701,490729,8655609,3024391,1821647,3505103,11877605,763091,384877,1956065
2025-10-02,2368409,696694,3191175,13921462,38886699,1072231,1942895,4358823,8763244,6194402,3682142,16472060,568365,407152,1002782,140850,1521239,1162738,1007974,1354884,336674,1633233,3122713,1364577,793858,673655,481506,1001492,7974093,10134608,822613,547132,1753616,2451869,4015507,850657,2682132,1326061,704989,1120301,2582676,244506,2353391,8486630,12082489,461120,1121966,5437607,370782,17083751,1540111,491818,8674826,3031101,1825695,3512880,11903972,764785,385735,1960410
2025-10-03,2374133,698374,3198891,13955098,38980659,1074823,1947587,4369359,8784412,6209366,3691034,16511864,569733,408136,1005206,141186,1524911,1165546,1010410,1358160,337490,1637181,3130261,1367877,795778,675287,482670,1003916,7993365,10159100,824605,548452,1757852,2457797,4025215,852709,2688612,1329265,706693,1123013,2588916,245094,2359079,8507138,12111685,462236,1124678,5450747,371682,17125031,1543831,493006,8695790,3038421,1830111,3521364,11932736,766633,386671,1965150
2025-10-06,2377949,699494,3204035,13977530,39043315,1076551,1950715,4376383,8798532,6219350,3696970,16538400,570645,408792,1006822,141410,1527359,1167418,1012034,1360344,338034,1639813,3135293,1370077,797058,676375,483446,1005532,8006213,10175428,825933,549332,1760676,2461749,4031687,854077,2692932,1331401,707829,1124821,2593076,245486,2362871,8520810,12131149,462980,1126486,5459507,372282,17152559,1546311,493798,8709766,3043301,1833055,3527020,11951912,767865,387295,1968310
2025-10-07,2378903,699774,3205321,13983138,39058979,1076983,1951497,4378139,8802062,6221846,3698454,16545034,570873,408956,1007226,141466,1527971,1167886,1012440,1360890,338170,1640471,3136551,1370627,797378,676647,483640,1005936,8009425,10179510,826265,549552,1761382,2462737,4033305,854419,2694012,1331935,708113,1125273,2594116,245584,2363819,8524228,12136015,463166,1126938,5461697,372432,17159441,1546931,493996,8713260,3044521,1833791,3528434,11956706,768173,387451,1969100
2025-10-08,2385581,701734,3214323,14022394,39168627,1080007,1956971,4390431,8826772,6239318,3708842,16591472,572469,410104,1010054,141858,1532255,1171162,1015282,1364712,339122,1645077,3145357,1374477,799618,678551,484998,1008764,8031909,10208084,828589,551092,1766324,2469653,4044631,856813,2701572,1335673,710101,1128437,2601396,246270,2370455,8548154,12170077,464468,1130102,5477027,373482,17207615,1551271,495382,8737718,3053061,1838943,3538332,11990264,770329,388543,1974630
2025-10-09,2386535,702014,3215609,14028002,39184291,1080439,1957753,4392187,8830302,6241814,3710326,16598106,572697,410268,1010458,141914,1532867,1171630,1015688,1365258,339258,1645735,3146615,1375027,799938,678823,485192,1009168,8035121,10212166,828921,551312,1767030,2470641,4046249,857155,2702652,1336207,710385,1128889,2602436,246368,2371403,8551572,12174943,464654,1130554,5479217,373632,17214497,1551891,495580,8741212,3054281,1839679,3539746,11995058,770637,388699,1975420
2025-10-10,2385581,701734,3214323,14022394,39168627,1080007,1956971,4390431,8826772,6239318,3708842,16591472,572469,410104,1010054,141858,1532255,1171162,1015282,1364712,339122,1645077,3145357,1374477,799618,678551,484998,1008764,8031909,10208084,828589,551092,1766324,2469653,4044631,856813,2701572,1335673,710101,1128437,2601396,246270,2370455,8548154,12170077,464468,1130102,5477027,373482,17207615,1551271,495382,8737718,3053061,1838943,3538332,11990264,770329,388543,1974630
2025-10-13,2394644,704394,3226540,14075670,39317435,1084111,1964400,4407113,8860307,6263030,3722940,16654495,574635,411662,1013892,142390,1538069,1175608,1019139,1369899,340414,1651328,3157308,1379702,802658,681135,486841,1012602,8062423,10246863,831743,553182,1773031,2479039,4060002,860062,2711832,1340746,712799,1132731,2611276,247201,2379461,8580625,12216304,466235,1134396,5497832,374907,17272994,1557161,497263,8770911,3064651,1845935,3551765,12035807,773255,390025,1982135
2025-10-14,2398937,705654,3232327,14100906,39387923,1086055,1967919,4415015,8876192,6274262,3729618,16684348,575661,412400,1015710,142642,1540823,1177714,1020966,1372356,341026,1654289,3162969,1382177,804098,682359,487714,1014420,8076877,10265232,833237,554172,1776208,2483485,4067283,861601,2716692,1343149,714077,1134765,2615956,247642,2383727,8596006,12238201,467072,1136430,5507687,375582,17303963,1559951,498154,8786634,3070141,1849247,3558128,12057380,774641,390727,1985690
2025-10-15,2397506,705234,3230398,14092494,39364427,1085407,1966746,4412381,8870897,6270518,3727392,16674397,575319,412154,1015104,142558,1539905,1177012,1020357,1371537,340822,1653302,3161082,1381352,803618,681951,487423,1013814,8072059,10259109,832739,553842,1775149,2482003,4064856,861088,2715072,1342348,713651,1134087,2614396,247495,2382305,8590879,12230902,466793,1135752,5504402,375357,17293640,1559021,497857,8781393,3068311,1848143,3556007,12050189,774179,390493,1984505
2025-10-16,2403230,706914,3238114,14126166,39458471,1087999,1971450,4422917,8892089,6285494,3736296,16714237,576699,413138,1017528,142894,1543589,1179820,1022793,1374813,341638,1657250,3168630,1384652,805538,683583,488587,1016238,8091343,10283625,834731,555162,1779385,2487931,4074564,863140,2721564,1345552,715355,1136799,2620648,248083,2387993,8611399,12260122,467909,1138464,5517554,376257,17334956,1562741,499045,8802369,3075643,1852559,3564503,12078977,776027,391429,1989245
2025-10-17,2400260,706114,3234084,14108706,39409701,1086639,1969030,4417437,8881129,6277714,3731676,16693537,576049,412618,1016308,142814,1541719,1178380,1021563,1373083,341158,1655260,3164640,1382902,804538,682723,487917,1014918,8081273,10270795,833671,554562,1777155,2484791,4069474,862130,2718254,1343882,714535,1135339,2617438,247793,2384953,8600699,12244972,467279,1137004,5510794,375707,17313526,1560841,498455,8791489,3071933,1850179,3560223,12064087,775087,390849,1986795
2025-10-20,2389766,703034,3219938,14046974,39237287,1081887,1960406,4398121,8842277,6250258,3715352,16620497,573519,410814,1011864,142198,1534965,1173232,1017097,1367077,339662,1648022,3150802,1376852,801018,679731,485783,1010474,8045919,10225849,830019,552142,1769389,2473923,4051676,858368,2706352,1338008,711411,1130367,2605976,246715,2374525,8563079,12191402,465233,1132032,5486682,374057,17237780,1554021,496277,8753033,3058491,1842083,3544647,12011309,771699,389133,1978105
2025-10-21,2405030,707514,3240514,14136766,39488071,1088799,1972950,4426217,8898789,6290194,3739096,16726737,577199,413438,1018328,143094,1544789,1180720,1023593,1375813,341838,1658550,3170930,1385652,806138,684083,488887,1016938,8097343,10291225,835331,555662,1780685,2489731,4077564,863840,2723664,1346552,715955,1137599,2622648,248283,2389693,8617799,12269322,468209,1139264,5521754,376457,17347956,1563941,499445,8808969,3078043,1853859,3567303,12088077,776627,391629,1990745
2025-10-22,2410277,709054,3247587,14167632,39574278,1091175,1977262,4435875,8918215,6303922,3747258,16763257,578464,414340,1020550,143402,1548166,1183294,1025826,1378816,342586,1662169,3177849,1388677,807898,685579,489954,1019160,8115020,10313698,837157,556872,1784568,2495165,4086463,865721,2729615,1349489,717517,1140085,2628379,248822,2394907,8636609,12296107,469232,1141750,5533810,377282,17385829,1567351,500534,8828197,3084764,1857907,3575091,12114466,778321,392487,1995090
2025-10-23,2408369,708494,3245015,14156408,39542930,1090311,1975694,4432363,8911151,6298930,3744290,16749977,578004,414012,1019742,143290,1546938,1182358,1025014,1377724,342314,1660853,3175333,1387577,807258,685035,489566,1018352,8108592,10305526,836493,556432,1783156,2493189,4083227,865037,2727451,1348421,716949,1139181,2626295,248626,2393011,8629769,12286367,468860,1140846,5529426,376982,17372057,1566111,500138,8821205,3082320,1856435,3572259,12104870,777705,392175,1993510
2025-10-24,2406938,708074,3243086,14147990,39519413,1089663,1974518,4429726,8905853,6295183,3742064,16740017,577659,413766,1019136,143206,1546017,1181656,1024405,1376905,342110,1659866,3173446,1386752,806778,684627,489275,1017746,8103771,10299397,835995,556102,1782097,2491707,4080800,864524,2725828,1347620,716523,1138503,2624732,248479,2391589,8624636,12279059,468581,1140168,5526138,376757,17361725,1565181,499841,8815958,3080487,1855331,3570135,12097670,777243,391941,1992325
2025-10-27,2401214,706394,3235370,14114318,39425345,1087071,1969814,4419178,8884661,6280195,3733160,16700177,576279,412782,1016712,142870,1542333,1178848,1021969,1373629,341294,1655918,3165898,1383452,804858,682995,488111,1015322,8084487,10274881,834003,554782,1777861,2485779,4071092,862472,2719336,1344416,714819,1135791,2618480,247891,2385901,8604104,12249827,467465,1137456,5512986,375857,17320397,1561461,498653,8794970,3073155,1850915,3561639,12068870,775395,391005,1987585
2025-10-28,2401214,706394,3235370,14114318,39425345,1087071,1969814,4419178,8884661,6280195,3733160,16700177,576279,412782,1016712,142870,1542333,1178848,1021969,1373629,341294,1655918,3165898,1383452,804858,682995,488111,1015322,8084487,10274881,834003,554782,1777861,2485779,4071092,862472,2719336,1344416,714819,1135791,2618480,247891,2385901,8604104,12249827,467465,1137456,5512986,375857,17320397,1561461,498653,8794970,3073155,1850915,3561639,12068870,775395,391005,1987585
2025-10-29,2412185,709614,3250159,14178856,39605642,1092039,1978830,4439395,8925279,6308922,3750226,16776537,578924,414668,1021358,143514,1549394,1184230,1026638,1379908,342858,1663485,3180365,1389777,808538,686123,490342,1019968,8121448,10321870,837821,557312,1785980,2497141,4089699,866405,2731779,1350557,718085,1140989,2630463,249018,2396803,8643457,12305855,469604,1142654,5538194,377582,17399609,1568591,500930,8835197,3087208,1859379,3577923,12124070,778937,392799,1996670
2025-10-30,2412185,709614,3250159,14178856,39605642,1092039,1978830,4439395,8925279,6308922,3750226,16776537,578924,414668,1021358,143514,1549394,1184230,1026638,1379908,342858,1663485,3180365,1389777,808538,686123,490342,1019968,8121448,10321870,837821,557312,1785980,2497141,4089699,866405,2731779,1350557,718085,1140989,2630463,249018,2396803,8643457,12305855,469604,1142654,5538194,377582,17399609,1568591,500930,8835197,3087208,1859379,3577923,12124070,778937,392799,1996670
2025-10-31,2412185,709614,3250159,14178856,39605642,1092039,1978830,4439395,8925279,6308922,3750226,16776537,578924,414668,1021358,143514,1549394,1184230,1026638,1379908,342858,1663485,3180365,1389777,808538,686123,490342,1019968,8121448,10321870,837821,557312,1785980,2497141,4089699,866405,2731779,1350557,718085,1140989,2630463,249018,2396803,8643457,12305855,469604,1142654,5538194,377582,17399609,1568591,500930,8835197,3087208,1859379,3577923,12124070,778937,392799,1996670
2025-11-03,2400737,706254,3234727,14111512,39417550,1086855,1969422,4418299,8882915,6278946,3732418,16696857,576164,412700,1016510,142842,1542026,1178614,1021766,1373356,341226,1655589,3165269,1383177,804698,682859,488014,1015120,8082880,10272838,833837,554672,1777508,2485285,4070283,862301,2718795,1344149,714677,1135565,2617959,247842,2385427,8602393,12247435,467372,1137230,5511890,375782,17316953,1561151,498554,8793221,3072544,1850547,3560931,12066470,775241,390927,1987190
2025-11-04,2400737,706254,3234727,14111512,39417550,1086855,1969422,4418299,8882915,6278946,3732418,16696857,576164,412700,1016510,142842,1542026,1178614,1021766,1373356,341226,1655589,3165269,1383177,804698,682859,488014,1015120,8082880,10272838,833837,554672,1777508,2485285,4070283,862301,2718795,1344149,714677,1135565,2617959,247842,2385427,8602393,12247435,467372,1137230,5511890,375782,17316953,1561151,498554,8793221,3072544,1850547,3560931,12066470,775241,390927,1987190
2025-11-05,2401691,706534,3236013,14117124,39433228,1087287,1970206,4420057,8886447,6281444,3733902,16703497,576394,412864,1016914,142898,1542640,1179082,1022172,1373902,341362,1656247,3166527,1383727,805018,683131,488208,1015524,8086094,10276924,834169,554892,1778214,2486273,4071901,862643,2719877,1344683,714961,1136017,2619001,247940,2386375,8605815,12252307,467558,1137682,5514082,375932,17323841,1561771,498752,8796719,3073766,1851283,3562347,12071270,775549,391083,1987980
2025-11-06,2391674,703594,3222510,14058198,39268609,1082751,1961974,4401598,8849361,6255215,3718320,16633777,573979,411142,1012672,142310,1536193,1174168,1017909,1368169,339934,1649338,3153318,1377952,801658,680275,486171,1011282,8052347,10234021,830683,552582,1770801,2475899,4054912,859052,2708516,1339076,711979,1131271,2608060,246911,2376421,8569884,12201151,465605,1132936,5491066,374357,17251517,1555261,496673,8759990,3060935,1843555,3547479,12020870,772315,389445,1979685
2025-11-07,2404553,707374,3239871,14133960,39480262,1088583,1972558,4425331,8897043,6288938,3738354,16723417,577084,413356,1018126,143066,1544482,1180486,1023390,1375540,341770,1658221,3170301,1385377,805978,683947,488790,1016736,8095736,10289182,835165,555552,1780332,2489237,4076755,863669,2723123,1346285,715813,1137373,2622127,248234,2389219,8616081,12266923,468116,1139038,5520658,376382,17344505,1563631,499346,8807213,3077432,1853491,3566595,12085670,776473,391551,1990350
2025-11-10,2405984,707794,3241800,14142378,39503779,1089231,1973734,4427968,8902341,6292685,3740580,16733377,577429,413602,1018732,143150,1545403,1181188,1023999,1376359,341974,1659208,3172188,1386202,806458,684355,489081,1017342,8100557,10295311,835663,555882,1781391,2490719,4079182,864182,2724746,1347086,716239,1138051,2623690,248381,2390641,8621214,12274231,468395,1139716,5523946,376607,17354837,1564561,499643,8812460,3079265,1854595,3568719,12092870,776935,391785,1991535
2025-11-11,2406940,708076,3243088,14147994,39519463,1089663,1974518,4429726,8905875,6295183,3742066,16740021,577659,413766,1019136,143206,1546017,1181656,1024405,1376905,342110,1659866,3173448,1386752,806778,684627,489275,1017746,8103773,10299399,835995,556102,1782099,2491707,4080802,864526,2725828,1347620,716523,1138503,2624732,248479,2391591,8624636,12279105,468581,1140168,5526140,376757,17361727,1565183,499841,8815958,3080487,1855331,3570135,12097672,777243,391941,1992325
2025-11-12,2420802,712165,3261764,14229426,39746881,1095927,1985886,4455217,8957118,6331404,3763613,16836359,580994,416144,1024994,144018,1554920,1188442,1030292,1384822,344082,1669407,3191718,1394727,811418,688571,492088,1023604,8150405,10358675,840809,559292,1792365,2506033,4104292,869514,2741517,1355363,720641,1145057,2639841,249900,2405366,8674255,12349778,471278,1146722,5557953,378932,17461632,1574202,502712,8866679,3098206,1866003,3590667,12167301,781709,394203,2003780
2025-11-13,2434664,716254,3280440,14310829,39974299,1102191,1997254,4480708,9008361,6367625,3785160,16932697,584329,418522,1030852,144830,1563823,1195228,1036179,1392739,346054,1678948,3209988,1402702,816058,692515,494901,1029462,8197037,10417951,845623,562482,1802631,2520359,4127782,874502,2757206,1363106,724759,1151611,2654950,251321,2419141,8723874,12420451,473975,1153276,5589766,381107,17561537,1583221,505583,8917400,3115925,1876675,3611199,12236930,786175,396465,2015235
2025-11-14,2446614,719779,3296540,14381004,40170349,1107591,2007054,4502683,9052536,6398850,3803735,17015747,587204,420572,1035902,145530,1571498,1201078,1041254,1399564,347754,1687173,3225738,1409577,820058,695915,497326,1034512,8237237,10469051,849773,565232,1811481,2532709,4148032,878802,2770731,1369781,728309,1157261,2667975,252546,2431016,8766649,12481376,476300,1158926,5617191,382982,17647662,1590996,508058,8961125,3131200,1885875,3628899,12296955,790025,398415,2025110
2025-11-17,2457130,722881,3310708,14442780,40342873,1112343,2015678,4522021,9091410,6426328,3820081,17088831,589734,422376,1040346,146146,1578252,1206226,1045720,1405570,349250,1694411,3239598,1415627,823578,698907,499460,1038956,8272613,10514019,853425,567652,1819269,2543577,4165852,882586,2782633,1375655,731433,1162233,2679437,253624,2441466,8804291,12534990,478346,1163898,5641325,384632,17723452,1597838,510236,8999603,3144642,1893971,3644475,12349777,793413,400131,2033800
2025-11-18,2466690,725701,3323588,14498940,40499753,1116663,2023518,4539601,9126770,6451308,3834941,17155291,592034,424016,1044386,146706,1584392,1210926,1049780,1411030,350610,1700991,3252198,1421127,826778,701627,501400,1042996,8304773,10554899,856745,569852,1826349,2553477,4182052,886026,2793453,1380995,734273,1166753,2689857,254604,2450966,8838531,12583730,480206,1168418,5663265,386132,17792372,1604058,512216,9034603,3156862,1901331,3658655,12397797,796493,401691,2041700
2025-11-19,2455696,722458,3308776,14434356,40319341,1111695,2014502,4519384,9086106,6422581,3817852,17078862,589389,422130,1039740,146062,1577331,1205521,1045111,1404751,349046,1693424,3237708,1414802,823098,698499,499169,1038350,8267789,10507887,852927,567322,1818207,2542092,4163422,882070,2781010,1374854,731007,1161555,2677874,253477,2440041,8799155,12527679,478067,1163220,5638034,384407,17713114,1596905,509939,8994353,3142809,1892867,3642348,12342574,792951,399897,2032615
2025-11-20,2456652,722740,3310064,14439972,40335029,1112127,2015286,4521142,9089642,6425081,3819338,17085508,589619,422294,1040144,146118,1577945,1205991,1045517,1405297,349182,1694082,3238968,1415352,823418,698771,499363,1038754,8271005,10511975,853259,567542,1818915,2543082,4165042,882414,2782092,1375388,731291,1162007,2678916,253575,2440991,8802579,12532553,478253,1163672,5640228,384557,17720006,1597527,510137,8997853,3144031,1893603,3643766,12347376,793259,400053,2033405
2025-11-21,2450438,720907,3301692,14403468,40233057,1109319,2010190,4509715,9066658,6408831,3809679,17042309,588124,421228,1037518,145754,1573954,1202936,1042878,1401748,348298,1689805,3230778,1411777,821338,697003,498102,1036128,8250101,10485403,851101,566112,1814313,2536647,4154512,880178,2775059,1371917,729445,1159069,2672143,252938,2434816,8780323,12500872,477044,1160734,5625967,383582,17675208,1593484,508850,8975103,3136088,1888819,3634549,12316163,791257,399039,2028270
2025-11-24,2471470,727111,3330028,14527020,40578193,1118823,2027438,4548391,9144450,6463831,3842371,17188521,593184,424836,1046406,146986,1587462,1213276,1051810,1413760,351290,1704281,3258498,1423877,828378,702987,502370,1045016,8320897,10575339,858405,570952,1829889,2558427,4190152,887746,2798863,1383665,735693,1169013,2695067,255094,2455716,8855651,12608100,481136,1170678,5674235,386882,17826832,1607168,513206,9052103,3162972,1905011,3665745,12421807,798033,402471,2045650
2025-11-25,2479118,729367,3340332,14571964,40703729,1122279,2033710,4562455,9172738,6483831,3854259,17241689,595024,426148,1049638,147434,1592374,1217036,1055058,1418128,352378,1709561,3268578,1428277,830938,705163,503922,1048248,8346641,10608059,861061,572712,1835553,2566347,4203112,890498,2807519,1387953,737965,1172629,2703403,255878,2463316,8883043,12647108,482624,1174294,5691787,388082,17881984,1612144,514790,9080103,3172764,1910899,3677089,12460239,800497,403719,2051986
2025-11-26,2478272,729060,3339224,14567201,40690307,1121967,2032966,4560902,9169762,6481721,3852938,17235928,594739,426014,1049324,147428,1591825,1216691,1054737,1417717,352202,1708951,3267468,1427852,830718,704911,503803,1047874,8343878,10604544,860779,572582,1834915,2565522,4201742,890174,2806532,1387557,737671,1172247,2702476,255835,2462471,8880159,12642842,482473,1173912,5689828,387857,17876055,1611567,514617,9077153,3171780,1910363,3675826,12456125,800319,403573,2051314
2025-11-28,2472536,727368,3331496,14533481,40596107,1119375,2028262,4550342,9148534,6466721,3844022,17196028,593359,425030,1046900,147092,1588141,1213871,1052301,1414429,351386,1704991,3259908,1424552,828798,703279,502639,1045450,8324558,10579992,858787,571262,1830667,2559582,4192010,888110,2800040,1384341,735967,1169535,2696224,255247,2456771,8859603,12613574,481357,1171200,5676652,386957,17834667,1607835,513429,9056141,3164436,1905935,3667318,12427289,798471,402637,2046562
2025-12-01,2478272,729060,3339224,14567201,40690307,1121967,2032966,4560902,9169762,6481733,3852938,17235928,594739,426014,1049324,147428,1591825,1216691,1054737,1417717,352202,1708951,3267468,1427852,830718,704911,503803,1047874,8343878,10604544,860779,572582,1834915,2565522,4201742,890174,2806532,1387557,737671,1172247,2702476,255835,2462471,8880159,12642842,482473,1173912,5689828,387857,17876055,1611567,514617,9077153,3171780,1910363,3675826,12456125,800319,403573,2051314
2025-12-02,2481618,730047,3343732,14586871,40745257,1123479,2035710,4567062,9182145,6490490,3858139,17259203,595544,426588,1050738,147624,1593974,1218336,1056158,1419635,352678,1711261,3271878,1429777,831838,705863,504482,1049288,8355148,10618866,861941,573352,1837393,2568987,4207419,891378,2810319,1389433,738665,1173829,2706123,256178,2465796,8892150,12659915,483124,1175494,5697514,388382,17900198,1613744,515310,9089410,3176064,1912946,3680789,12472946,801397,404119,2054086
2025-12-03,2496914,734559,3364340,14676791,40996457,1130391,2048254,4595222,9238753,6530522,3881915,17365603,599224,429212,1057202,148520,1603798,1225856,1062654,1428403,354854,1721821,3292038,1438577,836958,710215,507586,1055752,8406668,10684338,867253,576872,1848721,2584827,4233371,896882,2827631,1398009,743209,1181061,2722795,257746,2480996,8946966,12737963,486100,1182726,5732650,390782,18010566,1623696,518478,9145442,3195648,1924754,3703477,12549842,806325,406615,2066758
2025-12-04,2497870,734841,3365628,14682411,41012157,1130823,2049038,4596982,9242291,6533024,3883401,17372253,599454,429376,1057606,148576,1604412,1226326,1063060,1428951,354990,1722481,3293298,1439127,837278,710487,507780,1056156,8409888,10688430,867585,577092,1849429,2585817,4234993,897226,2828713,1398545,743493,1181513,2723837,257844,2481946,8950392,12742841,486286,1183178,5734846,390932,18017464,1624318,518676,9148944,3196872,1925492,3704895,12554648,806633,406771,2067550
2025-12-05,2497392,734700,3364984,14679601,41004307,1130607,2048646,4596102,9240522,6531773,3882658,17368928,599339,429294,1057404,148548,1604105,1226091,1062857,1428677,354922,1722151,3292668,1438852,837118,710351,507683,1055954,8408278,10686384,867419,576982,1849075,2585322,4234182,897054,2828172,1398277,743351,1181287,2723316,257795,2481471,8948679,12740402,486193,1182952,5733748,390857,18014015,1624007,518577,9147193,3196260,1925123,3704186,12552245,806479,406693,2067154
2025-12-08,2496436,734418,3363696,14673979,40988605,1130175,2047862,4594342,9236984,6529271,3881172,17362276,599109,429130,1057000,148492,1603491,1225621,1062449,1428129,354786,1721491,3291408,1438302,836798,710079,507489,1055550,8405058,10682292,867087,576762,1848367,2584332,4232560,896710,2827088,1397741,743067,1180835,2722274,257697,2480521,8945253,12735524,486007,1182498,5731552,390707,18007117,1623385,518379,9143691,3195036,1924385,3702768,12547439,806171,406537,2066362
2025-12-09,2486876,731598,3350816,14617759,40831585,1125855,2040022,4576742,9201604,6504251,3866312,17295756,596809,427490,1052960,147932,1597351,1220921,1058369,1422649,353426,1714891,3278808,1432782,833598,707359,505549,1051510,8372858,10641372,863767,574562,1841287,2574432,4216340,893270,2816248,1392381,740227,1176315,2711854,256717,2471021,8910993,12686724,484147,1177958,5709592,389207,17938137,1617165,516399,9108671,3182796,1917005,3688588,12499379,803091,404977,2058442
2025-12-10,2498826,735123,3366941,14688059,41027960,1131280,2049822,4598742,9245854,6535526,3884912,17378931,599684,429540,1058035,148632,1605026,1226796,1063469,1429499,355126,1723141,3294583,1439682,837598,710759,507974,1056560,8413133,10692547,867917,577337,1850137,2586807,4236615,897570,2829798,1399081,743777,1181965,2724904,257942,2482896,8953843,12747749,486472,1183633,5737042,391082,18024412,1624940,518874,9152471,3198096,1926230,3706338,12559479,806941,406927,2068342
2025-12-11,2505518,737097,3375971,14727427,41137930,1134318,2055310,4611062,9270634,6553040,3895328,17425509,601294,430688,1060877,149024,1609324,1230086,1066325,1433335,356078,1727761,3303417,1443546,839838,712663,509332,1059388,8435687,10721205,870241,578891,1855093,2593737,4247969,899978,2837386,1402833,745765,1185129,2732212,258628,2489546,8977839,12781923,487774,1186811,5752414,392132,18072726,1629294,520260,9176999,3206664,1931396,3716278,12593135,809097,408019,2073886
2025-12-12,2501694,735969,3370811,14704931,41075090,1132582,2052174,4604022,9256474,6543032,3889376,17398893,600374,430032,1059253,148800,1606868,1228206,1064693,1431143,355534,1725121,3298369,1441338,838558,711575,508556,1057772,8422799,10704829,868913,578003,1852261,2589777,4241481,898602,2833050,1400689,744629,1183321,2728036,258236,2485746,8964127,12762395,487030,1184995,5743630,391532,18045118,1626806,519468,9162983,3201768,1928444,3710598,12573903,807865,407395,2070718
2025-12-15,2499304,735264,3367586,14690871,41035815,1131497,2050214,4599622,9247624,6536777,3885656,17382258,599799,429622,1058238,148660,1605333,1227031,1063673,1429773,355194,1723471,3295214,1439958,837758,710895,508071,1056762,8414744,10694594,868083,577448,1850491,2587302,4237426,897742,2830340,1399349,743919,1182191,2725426,257991,2483371,8955557,12750190,486565,1183860,5738140,391157,18027863,1625251,518973,9154223,3198708,1926599,3707048,12561883,807095,407005,2068738
2025-12-16,2488788,732162,3353396,14629007,40863005,1126723,2041590,4580262,9208684,6509255,3869288,17309064,597269,427818,1053772,148044,1598579,1221861,1059185,1423745,353698,1716211,3281332,1433886,834238,707903,505937,1052318,8379302,10649560,864431,575006,1842703,2576412,4219584,893958,2818416,1393453,740795,1177219,2713942,256913,2472921,8917849,12696510,484519,1178866,5713984,389507,17951941,1618409,516795,9115679,3185244,1918481,3691428,12508995,803707,405289,2060026
2025-12-17,2483519,730611,3346301,14598053,40776556,1124336,2037267,4570571,9189203,6495483,3861104,17272445,596004,426916,1051539,147736,1595202,1219276,1056941,1420731,352950,1712581,3274391,1430850,832478,706407,504870,1050096,8361570,10627032,862605,573785,1838809,2570956,4210652,892066,2812454,1390505,739233,1174733,2708200,256374,2467685,8898984,12669648,483496,1176369,5701895,388682,17913958,1614988,515706,9096396,3178501,1914422,3683618,12482529,802002,404431,2055670
2025-12-18,2473939,727791,3333401,14541773,40619376,1119996,2029407,4552951,9153783,6470443,3846224,17205865,593704,425276,1047479,147176,1589062,1214576,1052861,1415251,351590,1705981,3261771,1425330,829278,703687,502930,1046056,8329330,10586072,859285,571565,1831729,2561036,4194412,888626,2801614,1385145,736393,1170213,2697760,255394,2458165,8864684,12620808,481636,1171829,5679915,387182,17844898,1608768,513726,9061336,3166241,1907042,3669418,12434409,798902,402871,2047750
2025-12-19,2480166,729624,3341786,14578355,40721543,1122817,2034516,4564404,9176806,6486719,3855896,17249142,595199,426342,1050118,147540,1593053,1217631,1055513,1418813,352474,1710271,3269974,1428918,831358,705455,504191,1048682,8350286,10612696,861443,573008,1836331,2567484,4204968,890862,2808660,1388629,738239,1173151,2704546,256031,2464353,8886979,12652554,482845,1174780,5694202,388157,17889787,1612811,515013,9084125,3174210,1911839,3678648,12465687,800917,403885,2052898
2025-12-22,2469714,715824,3316594,14459563,40384455,1106741,2013668,4465212,9110198,6433983,3824724,17112802,588819,422834,1042010,145112,1580829,1209635,1047169,1407613,349526,1687627,3235422,1412082,805306,697159,499663,1036770,8180794,10529516,854271,567172,1802099,2517928,4121788,876666,2770184,1377065,710735,1134595,2668590,250767,2444661,8812359,12553454,473897,1171336,5640486,365101,17629311,1578523,510973,9016565,3130114,1897359,3651180,12350891,790173,392313,2035906
2025-12-23,2460994,713328,3305014,14408923,40242979,1102881,2006584,4449580,9078194,6411439,3811332,17052778,586763,421386,1038338,144590,1575361,1205395,1043473,1402737,348294,1681655,3224126,1407206,802438,694719,497895,1033122,8152134,10492588,851287,565172,1795819,2509112,4107364,873626,2760472,1372233,708223,1130571,2659214,249891,2436101,8781447,12509394,472289,1167264,5620742,363797,17567587,1572995,509197,8984917,3119222,1890703,3638440,12307567,787377,390989,2028702
2025-12-24,2459074,712772,3302434,14397683,40211583,1102021,2005020,4446108,9071110,6406435,3808360,17039474,586307,421058,1037526,144478,1574133,1204455,1042657,1401641,348022,1680343,3221610,1406110,801810,694179,497507,1032314,8145774,10484404,850623,564732,1794419,2507156,4104160,872946,2758320,1371161,707671,1129687,2657138,249695,2434201,8774595,12499634,471921,1166352,5616358,363513,17553883,1571767,508801,8977909,3116790,1889227,3635600,12297967,786761,390685,2027118
2025-12-26,2457154,712216,3299854,14386443,40180187,1101161,2003456,4442636,9064026,6401431,3805388,17026170,585851,420730,1036714,144366,1572905,1203515,1041841,1400545,347750,1679031,3219094,1405014,801182,693639,497119,1031506,8139414,10476220,849959,564292,1793019,2505200,4100956,872266,2756168,1370089,707119,1128803,2655062,249499,2432301,8767743,12489874,471553,1165440,5611974,363229,17540179,1570539,508405,8970901,3114358,1887751,3632760,12288367,786145,390381,2025534
2025-12-29,2460994,713328,3305014,14408923,40242979,1102881,2006584,4449580,9078194,6411431,3811332,17052778,586763,421386,1038338,144590,1575361,1205395,1043473,1402737,348294,1681655,3224126,1407206,802438,694719,497895,1033122,8152134,10492588,851287,565172,1795819,2509112,4107364,873626,2760472,1372233,708223,1130571,2659214,249891,2436101,8781447,12509394,472289,1167264,5620742,363797,17567587,1572995,509197,8984917,3119222,1890703,3638440,12307567,787377,390989,2028702
2025-12-30,2457634,712355,3300499,14389246,40188022,1101376,2003847,4443504,9065797,6402674,3806124,17029489,585965,420812,1036917,144394,1573212,1203750,1042045,1400819,347818,1679359,3219723,1405281,801339,693767,497216,1031708,8141004,10478259,850125,564402,1793369,2505689,4101757,872436,2756699,1370357,707257,1129024,2655581,249548,2432776,8769456,12492314,471645,1165668,5613063,363300,17543598,1570846,508504,8972646,3114966,1888120,3633470,12290760,786299,390457,2025930
2025-12-31,2457634,712355,3300499,14389246,40188022,1101376,2003847,4443504,9065797,6402674,3806124,17029489,585965,420812,1036917,144394,1573212,1203750,1042045,1400819,347818,1679359,3219723,1405281,801339,693767,497216,1031708,8141004,10478259,850125,564402,1793369,2505689,4101757,872436,2756699,1370357,707257,1129024,2655581,249548,2432776,8769456,12492314,471645,1165668,5613063,363300,17543598,1570846,508504,8972646,3114966,1888120,3633470,12290760,786299,390457,2025930
2026-01-02,2456674,712077,3299209,14383624,40172320,1100946,2003065,4441768,9062255,6400172,3804636,17022835,585737,420648,1036511,144338,1572598,1203280,1041637,1400271,347682,1678703,3218465,1404731,801025,693495,497022,1031304,8137824,10474165,849793,564182,1792669,2504711,4100155,872096,2755621,1369821,706981,1128582,2654543,249450,2431826,8766030,12487434,471461,1165212,5610869,363158,17536744,1570232,508306,8969140,3113748,1887382,3632050,12285958,785991,390305,2025138
2026-01-06,2471074,716247,3318559,14467961,40407864,1107396,2014802,4467808,9115392,6437702,3826956,17122652,589164,423108,1042601,145178,1581808,1210330,1047757,1408491,349722,1688543,3237335,1412981,805735,697575,499932,1037364,8185531,10535582,854773,567482,1803169,2519411,4124192,877196,2771791,1377861,711121,1135212,2670113,250920,2446076,8817427,12560641,474221,1172052,5643779,365288,17639561,1579442,511276,9021730,3132018,1898452,3653350,12357995,790611,392585,2037018
2026-01-07,2508514,727089,3368869,14687297,41020398,1124166,2045378,4535512,9253608,6535280,3884988,17382236,598134,429504,1058435,147362,1605754,1228660,1063669,1429863,355026,1714127,3286397,1434431,817981,708183,507498,1053120,8309629,10695326,867721,576062,1830469,2557631,4186748,890456,2813833,1398765,721885,1152450,2710595,254742,2483126,8951119,12751039,481397,1189836,5729345,370826,17906945,1603388,518998,9158464,3179520,1927234,3708730,12545351,802623,398513,2067906
2026-01-08,2522914,731259,3388219,14771657,41255988,1130616,2057138,4561552,9306768,6572810,3907308,17482076,601584,431964,1064525,148202,1614964,1235710,1069789,1438083,357066,1723967,3305267,1442681,822691,712263,510408,1059180,8357359,10756766,872701,579362,1840969,2572331,4210808,895556,2830003,1406805,726025,1159080,2726165,256212,2497376,9002539,12824269,484157,1196676,5762255,372956,18009785,1612598,521968,9211054,3197790,1938304,3730030,12617411,807243,400793,2079786
2026-01-09,2524354,731676,3390154,14780093,41279547,1131261,2058314,4564156,9312084,6576563,3909540,17492060,601929,432210,1065134,148286,1615885,1236415,1070401,1438905,357270,1724951,3307154,1443506,823162,712671,510699,1059786,8362132,10762910,873199,579692,1842019,2573801,4213214,896066,2831620,1407609,726439,1159743,2727722,256359,2498801,9007681,12831592,484433,1197360,5765546,373169,18020069,1613519,522265,9216313,3199617,1939411,3732160,12624617,807705,401021,2080974
2026-01-12,2529634,733205,3397249,14811025,41365930,1133626,2062626,4573704,9331576,6590324,3917724,17528668,603194,433112,1067367,148594,1619262,1239000,1072645,1441919,358018,1728559,3314073,1446531,824889,714167,511766,1062008,8379633,10785438,875025,580902,1845869,2579191,4222036,897936,2837549,1410557,727957,1162174,2733431,256898,2504026,9026535,12858443,485445,1199868,5777613,373950,18057777,1616896,523354,9235596,3206316,1943470,3739970,12651039,809399,401857,2085330
2026-01-13,2533474,734317,3402409,14833521,41428754,1135346,2065762,4580648,9345752,6600332,3923676,17555292,604114,433768,1068991,148818,1621718,1240880,1074277,1444111,358562,1731183,3319105,1448731,826145,715255,512542,1063624,8392361,10801822,876353,581782,1848669,2583111,4228452,899296,2841861,1412701,729061,1163942,2737583,257290,2507826,9040247,12877971,486181,1201692,5786389,374518,18085201,1619352,524146,9249620,3211188,1946422,3745650,12670255,810631,402465,2088498
2026-01-14,2528674,732927,3395959,14805401,41350224,1133196,2061842,4571968,9328032,6587822,3916236,17522012,602964,432948,1066961,148538,1618648,1238530,1072237,1441371,357882,1727903,3312815,1445981,824575,713895,511572,1061604,8376451,10781342,874693,580682,1845169,2578211,4220432,897596,2836471,1410021,727681,1161732,2732393,256800,2503076,9023107,12853561,485261,1199412,5775419,373808,18050921,1616282,523156,9232090,3205098,1942732,3738550,12646235,809091,401705,2084538
2026-01-15,2531074,733622,3399184,14819461,41389489,1134271,2063802,4576308,9336892,6594077,3919956,17538652,603539,433358,1067976,148678,1620183,1239705,1073257,1442741,358222,1729543,3315960,1447356,825360,714575,512057,1062614,8384406,10791582,875523,581232,1846919,2580661,4224442,898446,2839166,1411361,728371,1162837,2734988,257045,2505451,9031677,12865766,485721,1200552,5780904,374163,18068061,1617817,523651,9240855,3208143,1944577,3742100,12658245,809861,402085,2086518
2026-01-16,2545474,737792,3418534,14903821,41625079,1140721,2075562,4602348,9390052,6631607,3942276,17638492,606989,435818,1074066,149518,1629393,1246755,1079377,1450961,360262,1739383,3334830,1455606,830070,718655,514967,1068674,8432136,10853022,880503,584532,1857419,2595361,4248502,903546,2855336,1419401,732511,1169467,2750558,258515,2519701,9083097,12938996,488481,1207392,5813814,376293,18170901,1627027,526621,9293445,3226413,1955647,3763400,12730305,814481,404365,2098398
2026-01-20,2541154,736541,3412729,14878513,41554384,1138786,2072034,4594536,9374104,6620348,3935580,17608540,605954,435080,1072239,149266,1626630,1244640,1077541,1448495,359650,1736431,3329169,1453131,828657,717431,514094,1066856,8417817,10834590,879009,583542,1854260,2590951,4241284,902007,2850485,1416989,731269,1167478,2745887,258074,2515426,9067671,12917018,487653,1205340,5803941,375654,18140040,1624264,525730,9277659,3220932,1952326,3757010,12708687,813095,403681,2094834
2026-01-21,2554655,740460,3430674,14957007,41773923,1144801,2082966,4618785,9423637,6655360,3956324,17701570,609089,437402,1077802,150084,1635298,1251175,1083225,1456049,361578,1745619,3346799,1460706,832954,721087,516851,1072458,8462249,10891819,883655,586692,1864111,2604561,4263526,906838,2865504,1424457,735167,1173599,2760386,259403,2528782,9115486,12985321,490285,1211628,5834559,377645,18235891,1632831,528569,9326714,3237821,1962635,3776841,12775871,817329,405777,2105850
2026-01-22,2555617,740738,3431964,14962635,41789641,1145231,2083750,4620523,9427183,6657864,3957812,17708230,609319,437566,1078208,150140,1635914,1251645,1083633,1456597,361714,1746275,3348059,1461256,833268,721359,517045,1072862,8465433,10895917,883987,586912,1864813,2605541,4265130,907180,2866582,1424993,735443,1174041,2761424,259501,2529734,9118916,12990207,490469,1212084,5836755,377787,18242753,1633445,528767,9330224,3239039,1963373,3778263,12780679,817637,405929,2106642
2026-01-23,2549364,738931,3423579,14926053,41687474,1142436,2078654,4609226,9404134,6641588,3948140,17664940,607824,436500,1075569,149776,1631910,1248590,1080981,1453035,360830,1742011,3339869,1457681,831227,719591,515784,1070236,8444737,10869280,881829,585482,1860250,2599171,4254704,904957,2859575,1421509,733649,1171168,2754677,258864,2523546,9096621,12958448,489273,1209120,5822481,376864,18198150,1629454,527480,9307409,3231122,1958576,3769020,12749427,815635,404941,2101494
2026-01-26,2542630,736985,3414535,14886657,41577434,1139426,2073166,4597060,9379312,6624060,3937724,17618306,606214,435352,1072727,149384,1627598,1245300,1078125,1449199,359878,1737419,3331049,1453831,829029,717687,514426,1067408,8422449,10840594,879505,583942,1855336,2592311,4243476,902563,2852029,1417757,731717,1168074,2747411,258178,2516882,9072611,12924246,487985,1205928,5807109,375870,18150116,1625156,526094,9282839,3222596,1953410,3759066,12715771,813479,403877,2095950
2026-01-27,2543068,737107,3415243,14889425,41585206,1139594,2073482,4597922,9381064,6625274,3938434,17621542,606344,435428,1073021,149408,1627882,1245528,1078317,1449451,359942,1737761,3331689,1454081,829215,717815,514512,1067604,8424063,10842594,879693,584042,1855714,2592771,4244270,902741,2852551,1418021,731841,1168312,2747931,258180,2517330,9074279,12926658,488001,1206172,5808193,375928,18153450,1625462,526174,9284627,3223176,1953752,3759844,12718061,813671,404025,2096358
2026-01-28,2542587,736968,3414597,14886609,41577342,1139378,2073090,4597053,9379290,6624021,3937689,17618210,606229,435346,1072818,149380,1627574,1245292,1078113,1449177,359874,1737432,3331059,1453806,829058,717679,514415,1067402,8422470,10840544,879527,583932,1855363,2592281,4243467,902570,2852012,1417753,731703,1168091,2747411,258131,2516854,9072563,12924214,487909,1205944,5807095,375857,18150017,1625155,526074,9282871,3222566,1953383,3759133,12715656,813517,403949,2095962
