date,bsx_shares,cvs_shares,mtd_shares,zts_shares,elv_shares,gild_shares,zbh_shares,cah_shares,mrna_shares,pfe_shares,uhs_shares,vtrs_shares,idxx_shares,dhr_shares,iqv_shares,coo_shares,tmo_shares,amgn_shares,regn_shares,podd_shares,a_shares,dgx_shares,hsic_shares,cor_shares,unh_shares,jnj_shares,tech_shares,cnc_shares,bax_shares,syk_shares,abt_shares,dva_shares,wat_shares,dxcm_shares,bmy_shares,crl_shares,ew_shares,mdt_shares,incy_shares,ci_shares,biib_shares,mrk_shares,solv_shares,holx_shares,algn_shares,lh_shares,rmd_shares,wst_shares,rvty_shares,gehc_shares,isrg_shares,vrtx_shares,lly_shares,bdx_shares,hca_shares,ste_shares,hum_shares,mck_shares,abbv_shares
2025-03-31,10638594,9100807,150960,3232282,1674041,8995961,1437024,1743672,2444420,40906212,423819,8615711,591104,4619705,1207595,1440663,2760973,3877691,759424,506315,2059328,801220,899948,1245817,6642913,17378953,1141170,3579607,3685618,2478966,12519858,317580,428596,2820247,14648214,369144,4257340,9255948,1159463,1976287,1056574,18259776,997656,1619700,506517,602011,1060184,522717,878527,3300880,2574497,1853627,5687503,2072584,1290678,709228,870880,904591,12742927
2025-04-01,10638594,9100807,150960,3232282,1674041,8995961,1437024,1743672,2444420,40906212,423819,8615711,591104,4619705,1207595,1440663,2760973,3877691,759424,506315,2059328,801220,899948,1245817,6642913,17378953,1141170,3579607,3685618,2478966,12519858,317580,428596,2820247,14648214,369144,4257340,9255948,1159463,1976287,1056574,18259776,997656,1619700,506517,602011,1060184,522717,878527,3300880,2574497,1853627,5687503,2072584,1290678,709228,870880,904591,12742927
2025-04-03,10664905,9123310,151337,3240277,1678175,9018204,1440573,1747988,2450465,41007364,424872,8637018,592560,4631132,1210585,1444225,2767798,3887285,761296,507563,2064424,803196,902171,1248898,6659336,17421922,1143991,3588460,3694731,2485101,12550811,318360,429662,2827215,14684432,370054,4267870,9278832,1162336,1981175,1059187,18304925,1000126,1623704,507765,603497,1062810,524004,880698,3309044,2580867,1858216,5701569,2077706,1293875,710983,873038,906827,12774439
2025-04-07,10530249,9008259,149436,3199442,1657121,8904433,1422336,1725980,2419580,40489839,419483,8528027,585132,4572681,1195315,1426019,2732973,3838263,751748,501239,2038376,793108,890872,1233145,6575320,17202096,1129518,3543171,3648062,2453633,12392510,314420,424204,2791519,14499186,365424,4214080,9161723,1147587,1956231,1045818,18073976,987416,1603252,501441,595862,1049372,517473,869575,3267312,2548257,1834659,5629711,2051520,1277501,701968,861984,895459,12613171
2025-04-16,10473123,8959276,148637,3182077,1648032,8856070,1414682,1716588,2406365,40270102,417272,8481736,581869,4547941,1188785,1418225,2718107,3817385,747575,498463,2027324,788805,885971,1226398,6539645,17108697,1123391,3523969,3628240,2440401,12325186,312660,421962,2776372,14420507,363354,4191179,9112050,1141436,1945575,1040187,17975796,982126,1594504,498665,592697,1043610,514613,864798,3249653,2534467,1824816,5599078,2040415,1270575,698183,857338,890527,12544814
2025-04-22,10450837,8940213,148318,3175301,1644523,8837227,1411668,1712936,2401256,40184429,416381,8463685,580626,4538261,1186255,1415211,2712321,3809267,745980,497407,2023012,787122,884090,1223791,6525730,17072304,1121004,3516467,3620518,2435209,12298962,312000,421060,2770465,14389834,362584,4182258,9092657,1139005,1941439,1037976,17937549,980036,1591116,497609,591432,1041388,513513,862961,3242734,2529077,1820933,5587165,2036070,1267869,696698,855512,888635,12518117
2025-04-23,10460967,8948878,148463,3178381,1646118,8845792,1413038,1714596,2403586,40223384,416786,8471890,581191,4542661,1187405,1416581,2714951,3812962,746705,497887,2024972,787887,884945,1224976,6532055,17088854,1122089,3519877,3624028,2437569,12310887,312300,421470,2773150,14403784,362934,4186313,9101472,1140110,1943319,1038981,17954939,980986,1592656,498089,592007,1042398,514013,863796,3245879,2531527,1822698,5592580,2038045,1269099,697373,856342,889495,12530252
2025-04-25,10485279,8969674,148811,3185773,1649946,8866348,1416326,1718580,2409178,40316876,417758,8491582,582547,4553221,1190165,1419869,2721263,3821830,748445,499039,2029676,789723,886997,1227820,6547235,17128574,1124693,3528061,3632452,2443233,12339507,313020,422454,2779594,14437264,363774,4196045,9122628,1142762,1947831,1041393,17996675,983266,1596352,499241,593387,1044822,515213,865800,3253427,2537407,1826934,5605576,2042785,1272051,698993,858334,891559,12559376
2025-04-28,10481227,8966208,148753,3184541,1649308,8862922,1415778,1717916,2408246,40301294,417596,8488300,582321,4551461,1189705,1419321,2720211,3820352,748155,498847,2028892,789417,886655,1227346,6544705,17121954,1124259,3526697,3631048,2442289,12334739,312900,422290,2778520,14431684,363634,4194423,9119102,1142320,1947079,1040991,17989719,982886,1595736,499049,593157,1044418,515013,865466,3252169,2536427,1826228,5603410,2041995,1271559,698723,858002,891215,12554522
2025-05-13,10602787,9070188,150493,3221501,1668448,8965702,1432218,1737836,2436206,40768754,422456,8586760,589101,4604261,1203505,1435761,2751771,3864692,756855,504607,2052412,798597,896915,1241566,6620605,17320554,1137279,3567617,3673168,2470609,12477785,316500,427210,2810740,14599084,367834,4243083,9224882,1155580,1969639,1053051,18198399,994286,1614216,504809,600057,1056538,521013,875486,3289909,2565827,1847408,5668390,2065695,1286319,706823,867962,901535,12700142
2025-05-14,10602787,9070188,150493,3221501,1668448,8965702,1432218,1737836,2436206,40768754,422456,8586760,589101,4604261,1203505,1435761,2751771,3864692,756855,504607,2052412,798597,896915,1241566,6620605,17320554,1137279,3567617,3673168,2470609,12477785,316500,427210,2810740,14599084,367834,4243083,9224882,1155580,1969639,1053051,18198399,994286,1614216,504809,600057,1056538,521013,875486,3289909,2565827,1847408,5668390,2065695,1286319,706823,867962,901535,12700142
2025-05-16,10602787,9070188,150493,3221501,1668448,8965702,1432218,1737836,2436206,40768754,422456,8586760,589101,4604261,1203505,1435761,2751771,3864692,756855,504607,2052412,798597,896915,1241566,6620605,17320554,1137279,3567617,3673168,2470609,12477785,316500,427210,2810740,14599084,367834,4243083,9224882,1155580,1969639,1053051,18198399,994286,1614216,504809,600057,1056538,521013,875486,3289909,2565827,1847408,5668390,2065695,1286319,706823,867962,901535,12700142
2025-05-19,10602787,9070188,150493,3221501,1668448,8965702,1432218,1737836,2436206,40768754,422456,8586760,589101,4604261,1203505,1435761,2751771,3864692,756855,504607,2052412,798597,896915,1241566,6620605,17320554,1137279,3567617,3673168,2470609,12477785,316500,427210,2810740,14599084,367834,4243083,9224882,1155580,1969639,1053051,18198399,994286,1614216,504809,600057,1056538,521013,875486,3289909,2565827,1847408,5668390,2065695,1286319,706823,867962,901535,12700142
2025-05-20,10602787,9070188,150493,3221501,1668448,8965702,1432218,1737836,2436206,40768754,422456,8586760,589101,4604261,1203505,1435761,2751771,3864692,756855,504607,2052412,798597,896915,1241566,6620605,17320554,1137279,3567617,3673168,2470609,12477785,316500,427210,2810740,14599084,367834,4243083,9224882,1155580,1969639,1053051,18198399,994286,1614216,504809,600057,1056538,521013,875486,3289909,2565827,1847408,5668390,2065695,1286319,706823,867962,901535,12700142
2025-05-21,10544602,9020451,149649,3203825,1659364,8916485,1424254,1728284,2422830,40544995,420040,8539635,585833,4578937,1196925,1427892,2736635,3843488,752735,501807,2041156,794189,892077,1234790,6584216,17225496,1131023,3548021,3653052,2456973,12409299,314835,424758,2795264,14518871,365914,4219743,9174165,1149224,1958798,1047315,18098516,988846,1605423,502048,596717,1050766,518113,870774,3271765,2551782,1837200,5637397,2054375,1279263,702963,863186,896643,12630377
2025-07-07,10276297,8786870,144367,3092447,1569346,8640334,1374242,1657875,2363956,39490749,397202,8152392,558639,4424270,1141509,1389102,2622131,3734963,721375,488781,1980342,775375,845421,1198176,6301062,16712654,1088929,3456347,3564592,2389049,12085024,288417,413402,2723630,14135746,341174,4074551,8908606,1115956,1855642,1017784,17441727,961446,1547851,473312,581437,1018500,499043,818717,3180520,2489554,1783753,5463871,1990783,1203155,682423,838348,869024,12269462
2025-07-08,10276297,8786870,144367,3092447,1569346,8640334,1374242,1657875,2363956,39490749,397202,8152392,558639,4424270,1141509,1389102,2622131,3734963,721375,488781,1980342,775375,845421,1198176,6301062,16712654,1088929,3456347,3564592,2389049,12085024,288417,413402,2723630,14135746,341174,4074551,8908606,1115956,1855642,1017784,17441727,961446,1547851,473312,581437,1018500,499043,818717,3180520,2489554,1783753,5463871,1990783,1203155,682423,838348,869024,12269462
2025-07-09,10306882,8813030,144802,3101657,1574011,8666059,1378337,1662810,2370991,39608304,398387,8176662,560304,4437440,1144914,1393242,2629931,3746078,723520,490236,1986237,777685,847941,1201746,6319812,16762409,1092169,3466637,3575197,2396159,12120994,289272,414632,2731745,14177821,342194,4086686,8935126,1119271,1861162,1020814,17493642,964311,1552456,474722,583162,1021530,500528,821147,3189985,2496964,1789063,5480131,1996708,1206740,684448,840838,871604,12305987
2025-07-10,10286297,8795370,144467,3095447,1570846,8648734,1375542,1659475,2366256,39529149,397602,8160392,559139,4428570,1142709,1390402,2624631,3738563,722075,489281,1982242,776175,846321,1199376,6307162,16728954,1089929,3459747,3567992,2391449,12096724,288717,413802,2726230,14149446,341474,4078451,8917306,1117056,1857442,1018784,17458727,962346,1549351,473712,581937,1019500,499543,819517,3183620,2492054,1785453,5469171,1992683,1204355,683123,839148,869924,12281462
2025-07-11,10243478,8758746,143858,3082553,1564315,8612719,1369809,1652566,2356407,39364572,395943,8126414,556808,4410132,1137942,1384606,2613711,3723002,719072,487244,1973989,772941,842793,1194378,6280912,16659297,1085393,3445341,3553145,2381495,12046366,287520,412080,2714869,14090541,340046,4061462,8880178,1112415,1849714,1014542,17386046,958335,1542904,471738,579522,1015258,497464,816115,3170369,2481680,1778019,5446407,1984388,1199336,680288,835662,866312,12230327
2025-07-14,10137450,8668058,142350,3050625,1548143,8523539,1355613,1635458,2332019,38957048,391835,8042278,551036,4364476,1126138,1370254,2586671,3684470,711636,482200,1953553,764933,834057,1182002,6215912,16486813,1074161,3409669,3516381,2356847,11921670,284556,407816,2686737,13944681,336510,4019394,8788242,1100923,1830578,1004038,17206074,948403,1526940,466850,573542,1004754,492316,807691,3137557,2455992,1759611,5390039,1963848,1186908,673268,827030,857368,12103707
2025-07-15,10190464,8713402,143104,3066589,1556229,8568129,1362711,1644012,2344213,39160810,393889,8084346,553922,4387304,1132040,1377430,2600191,3703736,715354,484722,1963771,768937,838425,1188190,6248412,16573055,1079777,3427505,3534763,2369171,11984018,286038,409948,2700803,14017611,338278,4040428,8834210,1106669,1840146,1009290,17296060,953369,1534922,469294,576532,1010006,494890,811903,3153963,2468836,1768815,5418223,1974118,1193122,676778,831346,861840,12167017
2025-07-16,10017149,8565162,140639,3014399,1529794,8422354,1339506,1616047,2304348,38494665,387174,7946816,544487,4312674,1112745,1353970,2555991,3640751,703199,476477,1930366,755847,824145,1167960,6142162,16291110,1061417,3369195,3474668,2328881,11780188,281193,402978,2654818,13779186,332498,3971663,8683930,1087884,1808866,992120,17001875,937134,1508827,461304,566757,992836,486475,798133,3100328,2426846,1738725,5326083,1940543,1172807,665303,817236,847220,11960042
2025-07-17,10066133,8607042,141335,3029135,1537282,8463538,1346058,1623943,2315628,38682921,389070,7985672,547151,4333770,1118193,1360594,2568495,3658559,706631,478805,1939798,759543,828177,1173672,6172186,16370766,1066601,3385659,3491660,2340281,11837788,282561,404946,2667802,13846578,334130,3991079,8726386,1093212,1817722,996968,17085011,941718,1516195,463560,569517,997684,488851,802045,3115496,2438702,1747221,5352123,1950023,1178543,668567,821244,851372,12018530
2025-07-18,10068174,8608787,141364,3029749,1537594,8465254,1346331,1624272,2316098,38690764,389149,7987291,547262,4334649,1118420,1360870,2569016,3659301,706774,478902,1940191,759697,828345,1173910,6173437,16374085,1066817,3386345,3492368,2340756,11840188,282618,405028,2668343,13849386,334198,3991888,8728155,1093434,1818091,997170,17088475,941909,1516502,463654,569632,997886,488950,802208,3116128,2439196,1747575,5353208,1950418,1178782,668703,821411,851545,12020967
2025-07-21,10072256,8612277,141422,3030977,1538218,8468686,1346877,1624930,2317038,38706450,389307,7990529,547484,4336407,1118874,1361422,2570058,3660785,707060,479096,1940977,760005,828681,1174386,6175939,16380723,1067249,3387717,3493784,2341706,11844988,282732,405192,2669425,13855002,334334,3993506,8731693,1093878,1818829,997574,17095403,942291,1517116,463842,569862,998290,489148,802534,3117392,2440184,1748283,5355378,1951208,1179260,668975,821745,851891,12025841
2025-07-22,10072256,8612277,141422,3030977,1538218,8468686,1346877,1624930,2317038,38706450,389307,7990529,547484,4336407,1118874,1361422,2570058,3660785,707060,479096,1940977,760005,828681,1174386,6175939,16380723,1067249,3387717,3493784,2341706,11844988,282732,405192,2669425,13855002,334334,3993506,8731693,1093878,1818829,997574,17095403,942291,1517116,463842,569862,998290,489148,802534,3117392,2440184,1748283,5355378,1951208,1179260,668975,821745,851891,12025841
2025-07-23,10145732,8675097,142466,3053081,1549450,8530462,1356705,1636774,2333958,38988834,392151,8048813,551480,4368051,1127046,1371358,2588814,3687497,712208,482588,1955125,765549,834729,1182954,6221011,16500243,1075025,3412449,3519272,2358806,11931388,284784,408144,2688901,13956090,336782,4022630,8795377,1101870,1832113,1004846,17220107,949167,1528168,467226,574002,1005562,492712,808402,3140144,2458004,1761027,5394438,1965428,1187864,673871,827757,858119,12113573
2025-07-24,10198798,8720493,143220,3069045,1557562,8575078,1363803,1645328,2346178,39192804,394205,8090933,554366,4390905,1132948,1378534,2602360,3706789,715926,485110,1965343,769553,839097,1189142,6253563,16586563,1080641,3430311,3537680,2371156,11993814,286266,410276,2702967,14029098,338550,4043664,8841397,1107642,1841707,1010098,17310197,954133,1536150,469670,576992,1010814,495286,812640,3156576,2470874,1770231,5422648,1975698,1194078,677407,832099,862617,12176935
2025-07-25,10180429,8704788,142959,3063519,1554754,8559634,1361346,1642367,2341948,39122199,393494,8076362,553367,4382994,1130905,1376050,2597671,3700111,714639,484237,1961806,768167,837585,1187000,6242295,16556683,1078697,3424128,3531308,2366881,11972205,285753,409538,2698098,14003826,337938,4036383,8825467,1105644,1838386,1008280,17279012,952414,1533387,468824,575957,1008996,494395,811173,3150888,2466419,1767045,5412883,1972143,1191927,676183,830596,861060,12155002
2025-07-28,10137547,8668122,142350,3050604,1548202,8523577,1355613,1635458,2332078,38957370,391835,8042342,551036,4364535,1126138,1370254,2586730,3684529,711636,482200,1953532,764933,834057,1182002,6216003,16486921,1074161,3409701,3516440,2356906,11921763,284556,407816,2686737,13944837,336510,4019373,8788276,1100982,1830637,1004038,17206226,948403,1526919,466850,573521,1004754,492316,807750,3137616,2456024,1759590,5390077,1963827,1186908,673327,827089,857427,12103804
2025-07-29,10102833,8638440,141857,3040149,1542898,8494388,1350972,1629865,2324088,38823937,390492,8014802,549149,4349592,1122279,1365562,2577873,3671915,709205,480551,1946834,762315,831201,1177956,6194719,16430447,1070489,3398022,3504404,2348831,11880929,283587,406422,2677540,13897084,335354,4005603,8758169,1097208,1824364,1000604,17147287,945156,1521683,465252,571549,1001320,490633,804979,3126872,2447609,1753555,5371615,1957095,1182845,671015,824250,854486,12062341
2025-07-30,10139589,8669868,142379,3051219,1548514,8525294,1355886,1635805,2332548,38965219,391914,8043962,551147,4365414,1126365,1370530,2587251,3685271,711779,482297,1953926,765087,834225,1182240,6217255,16490243,1074377,3410388,3517148,2357381,11924165,284613,407898,2687278,13947646,336578,4020183,8790047,1101204,1831006,1004240,17209693,948594,1527227,466944,573637,1004956,492415,807913,3138248,2456519,1759945,5391163,1964223,1187147,673463,827256,857600,12106243
2025-07-31,10010943,8559870,140552,3012474,1528858,8417123,1338687,1615015,2302938,38470732,386937,7941902,544154,4310037,1112064,1353142,2554428,3638525,702770,476186,1929104,755385,823641,1167246,6138379,16280957,1060769,3367107,3472544,2327456,11772839,281022,402732,2653195,13770616,332294,3969153,8678474,1087218,1807759,991514,16991272,936561,1507823,461022,566329,992230,486178,797644,3098432,2425334,1737580,5322745,1939275,1172090,664895,816735,846701,11952586
2025-08-01,10019115,8566858,140668,3014934,1530106,8423991,1339779,1616335,2304818,38502132,387253,7948382,544598,4313553,1112972,1354246,2556512,3641493,703342,476574,1930680,756001,824313,1168198,6143387,16294245,1061633,3369855,3475380,2329356,11782447,281250,403060,2655359,13781856,332566,3972393,8685558,1088106,1809235,992322,17005140,937325,1509055,461398,566793,993038,486574,798296,3100960,2427314,1739000,5327089,1940859,1173046,665439,817403,847393,11962342
2025-08-04,10043631,8587822,141016,3022314,1533850,8444595,1343055,1620295,2310458,38596320,388201,7967822,545930,4324101,1115696,1357558,2562764,3650397,705058,477738,1935408,757849,826329,1171054,6158411,16334109,1064225,3378099,3483888,2335056,11811271,281934,404044,2661851,13815576,333382,3982113,8706810,1090770,1813663,994746,17046744,939617,1512751,462526,568185,995462,487762,800252,3108544,2433254,1743260,5340121,1945611,1175914,667071,819407,849469,11991610
2025-08-05,10041588,8586076,140987,3021699,1533538,8442878,1342782,1619965,2309988,38588471,388122,7966202,545819,4323222,1115469,1357282,2562243,3649655,704915,477641,1935014,757695,826161,1170816,6157159,16330787,1064009,3377412,3483180,2334581,11808869,281877,403962,2661310,13812766,333314,3981303,8705039,1090548,1813294,994544,17043277,939426,1512443,462432,568069,995260,487663,800089,3107912,2432759,1742905,5339035,1945215,1175675,666935,819240,849296,11989171
2025-08-06,10035459,8580838,140900,3019854,1532602,8437727,1341963,1618975,2308578,38564924,387885,7961342,545486,4320585,1114788,1356454,2560680,3647429,704486,477350,1933832,757233,825657,1170102,6153403,16320821,1063361,3375351,3481056,2333156,11801663,281706,403716,2659687,13804336,333110,3978873,8699726,1089882,1812187,993938,17032876,938853,1511519,462150,567721,994654,487366,799600,3106016,2431274,1741840,5335777,1944027,1174958,666527,818739,848777,11981854
2025-08-07,9968040,8523187,139943,2999559,1522306,8381066,1332954,1608085,2293068,38305907,385278,7907882,541823,4291578,1107297,1347346,2543487,3622943,699767,474149,1920830,752151,820113,1162248,6112087,16211195,1056233,3352680,3457659,2317481,11722397,279825,401010,2641834,13711606,330866,3952143,8641283,1082556,1800010,987272,16918465,932550,1501355,459048,563893,987988,484099,794221,3085160,2414939,1730125,5299939,1930959,1167071,662039,813228,843068,11901367
2025-08-08,10005885,8555692,140578,3011084,1528086,8413021,1338149,1614235,2301818,38451757,386763,7937982,543888,4307863,1111502,1352486,2553102,3636673,702312,476004,1928240,755061,823233,1166718,6135267,16272925,1060273,3365385,3470794,2326206,11767027,280880,402440,2651949,13763856,332186,3967393,8674248,1086586,1806745,991002,16982870,936115,1507175,460858,566133,991718,485884,797166,3096840,2424064,1736750,5320129,1938399,1171456,664479,816333,846163,11946652
2025-08-11,10014057,8562680,140694,3013544,1529334,8419889,1339241,1615555,2303698,38483153,387079,7944462,544332,4311379,1112410,1353590,2555186,3639641,702884,476392,1929816,755677,823905,1167670,6140275,16286213,1061137,3368133,3473630,2328106,11776635,281108,402768,2654113,13775096,332458,3970633,8681332,1087474,1808221,991810,16996738,936879,1508407,461234,566597,992526,486280,797818,3099368,2426044,1738170,5324473,1939983,1172412,665023,817001,846855,11956408
2025-08-12,10014057,8562680,140694,3013544,1529334,8419889,1339241,1615555,2303698,38483153,387079,7944462,544332,4311379,1112410,1353590,2555186,3639641,702884,476392,1929816,755677,823905,1167670,6140275,16286213,1061137,3368133,3473630,2328106,11776635,281108,402768,2654113,13775096,332458,3970633,8681332,1087474,1808221,991810,16996738,936879,1508407,461234,566597,992526,486280,797818,3099368,2426044,1738170,5324473,1939983,1172412,665023,817001,846855,11956408
2025-08-13,9948681,8506776,139766,2993864,1519350,8364945,1330505,1604995,2288658,38231985,384551,7892622,540780,4283251,1105146,1344758,2538514,3615897,698308,473288,1917208,750749,818529,1160054,6100211,16179909,1054225,3346149,3450942,2312906,11699771,279284,400144,2636801,13685176,330282,3944713,8624660,1080370,1796413,985346,16885794,930767,1498551,458226,562885,986062,483112,792602,3079144,2410204,1726810,5289721,1927311,1164764,660671,811657,841319,11878360
2025-08-14,9864964,8435195,138577,2968649,1506558,8294548,1319312,1591465,2269388,37910176,381312,7826202,536229,4247212,1095839,1333442,2517153,3585475,692445,469311,1901054,744435,811641,1150296,6048879,16043707,1045369,3317982,3421919,2293431,11601289,276947,396782,2614620,13569966,327494,3911503,8552049,1071268,1781284,977064,16743647,922936,1485923,454372,558129,977780,479053,785919,3053232,2389909,1712255,5245195,1911075,1154965,655095,804810,834226,11778361
2025-08-15,9864964,8435195,138577,2968649,1506558,8294548,1319312,1591465,2269388,37910176,381312,7826202,536229,4247212,1095839,1333442,2517153,3585475,692445,469311,1901054,744435,811641,1150296,6048879,16043707,1045369,3317982,3421919,2293431,11601289,276947,396782,2614620,13569966,327494,3911503,8552049,1071268,1781284,977064,16743647,922936,1485923,454372,558129,977780,479053,785919,3053232,2389909,1712255,5245195,1911075,1154965,655095,804810,834226,11778361
2025-08-18,9885565,8452817,138880,2974854,1509642,8311867,1322023,1594875,2274078,37989419,382165,7842442,537406,4256065,1098228,1336274,2522400,3592969,693946,470290,1905012,745913,813317,1152662,6061443,16077261,1047481,3324991,3428975,2298256,11625503,277446,397656,2620007,13598336,328170,3919673,8569946,1073522,1785067,979078,16778616,982573,1489079,455330,559241,979794,480046,787560,3059556,2394974,1715940,5256197,1915147,1157438,656547,806479,836037,11803034
2025-08-19,9912124,8475528,139257,2982849,1513698,8334201,1325572,1599165,2280188,38091469,383192,7863515,538849,4267492,1101179,1339862,2529173,3602615,695805,471551,1910134,747915,815501,1155756,6077732,16120447,1050289,3333922,3438192,2304431,11656729,278187,398722,2627040,13634866,329054,3930203,8592969,1076408,1789864,981704,16823687,985212,1493083,456552,560749,982420,481333,789679,3067772,2401409,1720555,5270315,1920295,1160545,658315,808650,838286,11834741
2025-08-20,9955027,8512215,139866,2995764,1520250,8370279,1331305,1606095,2290058,38256319,384851,7897556,541180,4285951,1105946,1345658,2540114,3618197,698808,473588,1918408,751149,819029,1160754,6104045,16190209,1054825,3348349,3453081,2314406,11707171,279384,400444,2638401,13693876,330482,3947213,8630160,1081070,1797613,985946,16896494,989475,1499551,458526,563185,986662,483412,793102,3081044,2411804,1728010,5293121,1928611,1165564,661171,812157,841919,11885960
2025-08-21,9973414,8527938,140127,3001299,1523058,8385741,1333762,1609065,2294288,38326969,385562,7912145,542179,4293862,1107989,1348142,2544803,3624875,700095,474461,1921954,752535,820541,1162896,6115322,16220107,1056769,3354532,3459462,2318681,11728789,279897,401182,2643270,13719166,331094,3954503,8646099,1083068,1800934,987764,16927697,991302,1502323,459372,564229,988480,484303,794569,3086732,2416259,1731205,5302895,1932175,1167715,662395,813660,843476,11907911
2025-08-22,9975457,8529685,140156,3001914,1523370,8387459,1334035,1609395,2294758,38334819,385641,7913766,542290,4294741,1108216,1348418,2545324,3625617,700238,474558,1922348,752689,820709,1163134,6116575,16223429,1056985,3355219,3460171,2319156,11731191,279954,401264,2643811,13721976,331162,3955313,8647870,1083290,1801303,987966,16931164,991505,1502631,459466,564345,988682,484402,794732,3087364,2416754,1731560,5303981,1932571,1167954,662531,813827,843649,11910350
2025-08-25,10004059,8554143,140562,3010524,1527738,8411511,1337857,1614015,2301338,38444747,386747,7936460,543844,4307061,1111394,1352282,2552618,3636019,702240,475916,1927864,754845,823061,1166466,6134117,16269951,1060023,3364837,3470097,2325806,11764833,280752,402412,2651399,13761330,332114,3966653,8672664,1086398,1806469,990794,16979716,994347,1506943,460782,565969,991524,485788,797014,3096212,2423684,1736530,5319185,1938115,1171300,664435,816165,846071,11944510
2025-08-26,10004059,8554143,140562,3010524,1527738,8411511,1337857,1614015,2301338,38444747,386747,7936460,543844,4307061,1111394,1352282,2552618,3636019,702240,475916,1927864,754845,823061,1166466,6134117,16269951,1060023,3364837,3470097,2325806,11764833,280752,402412,2651399,13761330,332114,3966653,8672664,1086398,1806469,990794,16979716,994347,1506943,460782,565969,991524,485788,797014,3096212,2423684,1736530,5319185,1938115,1171300,664435,816165,846071,11944510
2025-08-27,10040833,8585589,141084,3021594,1533354,8442435,1342771,1619955,2309798,38586083,388169,7965638,545842,4322901,1115480,1357250,2561996,3649393,704814,477662,1934956,757617,826085,1170750,6156671,16329765,1063929,3377203,3482859,2334356,11808087,281778,403888,2661155,13811928,333338,3981233,8704542,1090394,1813111,994430,17042140,998001,1512487,462474,568057,995178,487570,799948,3107588,2432594,1742920,5338733,1945243,1175602,666883,819171,849185,11988430
2025-08-28,10085823,8624045,141722,3035124,1540218,8480253,1348777,1627215,2320138,38758937,389907,8001322,548284,4342261,1120474,1363322,2573480,3665739,707982,479796,1943624,761005,829781,1175986,6184259,16402915,1068703,3392339,3498457,2344806,11860975,283032,405692,2673079,13873792,334834,3999075,8743526,1095278,1821229,998874,17118480,1002467,1519263,464542,570609,999644,489748,803534,3121514,2443484,1750730,5362647,1953955,1180860,669875,822845,852991,12042132
2025-08-29,10085823,8624045,141722,3035124,1540218,8480253,1348777,1627215,2320138,38758937,389907,8001322,548284,4342261,1120474,1363322,2573480,3665739,707982,479796,1943624,761005,829781,1175986,6184259,16402915,1068703,3392339,3498457,2344806,11860975,283032,405692,2673079,13873792,334834,3999075,8743526,1095278,1821229,998874,17118480,1002467,1519263,464542,570609,999644,489748,803534,3121514,2443484,1750730,5362647,1953955,1180860,669875,822845,852991,12042132
2025-09-02,10079688,8618801,141635,3033279,1539282,8475096,1347958,1626225,2318728,38735366,389670,7996456,547951,4339621,1119793,1362494,2571914,3663510,707550,479505,1942442,760543,829277,1175272,6180497,16392940,1068052,3390275,3496330,2343381,11853763,282861,405446,2671453,13865353,334630,3996642,8738199,1094612,1820122,998265,17108070,1001858,1518339,464260,570261,999035,489451,803045,3119615,2441999,1749665,5359386,1952767,1180143,669467,822344,852472,12034809
2025-09-03,10116498,8650265,142157,3044349,1544898,8506038,1352872,1632165,2327188,38876792,391092,8025652,549949,4355461,1123879,1367462,2581310,3676884,710142,481251,1949534,763315,832301,1179556,6203069,16452790,1071958,3402659,3509092,2351931,11897053,283887,406922,2681209,13915987,335854,4011240,8770113,1098608,1826764,1001919,17170530,1005512,1523883,465952,572349,1002689,491233,805979,3131009,2450909,1756055,5378952,1959895,1184445,671915,825350,855586,12078747
2025-09-04,10155353,8683477,142708,3056034,1550826,8538699,1358059,1638435,2336118,39026094,392593,8056470,552058,4372181,1128192,1372706,2591228,3691001,712878,483094,1957020,766241,835493,1184078,6226895,16515965,1076081,3415731,3522563,2360956,11942748,284970,408480,2691507,13969434,337146,4026649,8803800,1102826,1833775,1005776,17236460,1009369,1529735,467738,574553,1006546,493114,809076,3143036,2460314,1762800,5399605,1967419,1188986,674499,828523,858873,12125126
2025-09-05,10181938,8706201,143085,3064029,1554882,8561046,1361608,1642725,2342228,39128248,393620,8077556,553501,4383621,1131143,1376294,2598014,3700660,714750,484355,1962142,768243,837677,1187172,6243197,16559203,1078902,3424675,3531780,2367131,11974013,285711,409546,2698553,14006003,338030,4037192,8826849,1105712,1838572,1008415,17281583,1012008,1533739,468960,576061,1009185,494401,811195,3151265,2466749,1767415,5413736,1972567,1192093,676267,830694,861122,12156859
2025-09-08,10183983,8707949,143114,3064644,1555194,8562765,1361881,1643055,2342698,39136106,393699,8079178,553612,4384501,1131370,1376570,2598536,3701403,714894,484452,1962536,768397,837845,1187410,6244451,16562529,1079119,3425363,3532489,2367606,11976418,285768,409628,2699095,14008816,338098,4038003,8828622,1105934,1838941,1008618,17285054,1012211,1534047,469054,576177,1009388,494500,811358,3151898,2467244,1767770,5414823,1972963,1192332,676403,830861,861295,12159300
2025-09-09,10224883,8742929,143694,3076944,1561434,8597145,1367341,1649655,2352098,39293286,395279,8111618,555832,4402101,1135910,1382090,2608976,3716263,717774,486392,1970416,771477,841205,1192170,6269531,16629049,1083459,3439123,3546669,2377106,12024518,286908,411268,2709935,14065076,339458,4054223,8864082,1110374,1846321,1012678,17354474,1016271,1540207,470934,578497,1013448,496480,814618,3164558,2477144,1774870,5436563,1980883,1197112,679123,834201,864755,12208140
2025-09-10,10224883,8742929,143694,3076944,1561434,8597145,1367341,1649655,2352098,39293286,395279,8111618,555832,4402101,1135910,1382090,2608976,3716263,717774,486392,1970416,771477,841205,1192170,6269531,16629049,1083459,3439123,3546669,2377106,12024518,286908,411268,2709935,14065076,339458,4054223,8864082,1110374,1846321,1012678,17354474,1016271,1540207,470934,578497,1013448,496480,814618,3164558,2477144,1774870,5436563,1980883,1197112,679123,834201,864755,12208140
2025-09-11,10208523,8728937,143462,3072024,1558938,8583404,1365157,1647015,2348338,39230433,394647,8098642,554944,4395061,1134094,1379882,2604800,3710319,716622,485616,1967264,770245,839861,1190266,6259499,16602441,1081723,3433619,3540997,2373306,12005278,286452,410612,2705599,14042572,338914,4047735,8849898,1108598,1843369,1011054,17326706,1014647,1537743,470182,577569,1011824,495688,813314,3159494,2473184,1772030,5427867,1977715,1195200,678035,832865,863371,12188604
2025-09-12,10204433,8725439,143404,3070794,1558314,8579966,1364611,1646355,2347398,39214715,394489,8095398,554722,4393301,1133640,1379330,2603756,3708833,716334,485422,1966476,769937,839525,1189790,6256991,16595789,1081289,3432243,3539579,2372356,12000468,286338,410448,2704515,14036946,338778,4046113,8846352,1108154,1842631,1010648,17319764,1014241,1537127,469994,577337,1011418,495490,812988,3158228,2472194,1771320,5425693,1976923,1194722,677763,832531,863025,12183720
2025-09-15,10149218,8678216,142621,3054189,1549890,8533526,1357240,1637445,2334708,39002522,392356,8051604,551725,4369541,1127511,1371878,2589662,3688772,712446,482803,1955838,765779,834989,1183364,6223133,16505987,1075430,3413667,3520436,2359531,11935533,284799,408234,2689881,13960995,336942,4024216,8798481,1102160,1832668,1005167,17226047,1008760,1528811,467456,574205,1005937,492817,808587,3141137,2458829,1761735,5396344,1966231,1188269,674091,828022,858354,12117786
2025-09-16,10061197,8602923,141374,3027701,1536431,8459523,1345458,1623255,2314455,38664241,388959,7981772,546952,4331658,1117750,1359967,2567216,3656780,706254,478632,1938853,759157,827765,1173087,6169168,16362797,1066099,3384040,3489906,2339063,11831989,282348,404708,2666532,13839907,334018,3989300,8722156,1092614,1816758,996438,17076622,999988,1515567,463414,569217,997208,488560,801578,3113875,2437501,1746470,5349517,1949160,1177949,668243,820841,850915,12012694
2025-09-17,10067338,8608176,141461,3029549,1537370,8464686,1346280,1624245,2315868,38687845,389196,7986644,547285,4334301,1118431,1360798,2568782,3659012,706686,478923,1940038,759619,828269,1173804,6172933,16372787,1066750,3386107,3492036,2340491,11839213,282519,404954,2668161,13848355,334222,3991736,8727481,1093280,1817868,997047,17087047,1000600,1516491,463696,569565,997817,488857,802067,3115777,2438989,1747535,5352784,1950351,1178669,668651,821342,851434,12020026
2025-09-18,10061197,8602923,141374,3027701,1536431,8459523,1345458,1623255,2314455,38664241,388959,7981772,546952,4331658,1117750,1359967,2567216,3656780,706254,478632,1938853,759157,827765,1173087,6169168,16362797,1066099,3384040,3489906,2339063,11831989,282348,404708,2666532,13839907,334018,3989300,8722156,1092614,1816758,996438,17076622,999988,1515567,463414,569217,997208,488560,801578,3113875,2437501,1746470,5349517,1949160,1177949,668243,820841,850915,12012694
2025-09-19,9962337,8527363,138554,2979681,1513991,8342383,1331898,1605455,2328195,38225821,379139,7838592,537912,4284718,1142950,1341427,2538836,3619580,684914,473252,1909833,751857,693045,1303467,6089148,16192057,1054019,3136940,3453206,2313323,11701709,240388,400228,2636552,13684907,330898,3947220,8614376,1102834,1794698,985718,16793362,990828,1495347,453194,558717,984428,483500,780338,3069635,2410161,1723770,5345217,1927120,1101269,662203,808601,836235,11877174
2025-09-22,9962337,8527363,138554,2979681,1513991,8342383,1331898,1605455,2328195,38225821,379139,7838592,537912,4284718,1142950,1341427,2538836,3619580,684914,473252,1909833,751857,693045,1303467,6089148,16192057,1054019,3136940,3453206,2313323,11701709,240388,400228,2636552,13684907,330898,3947220,8614376,1102834,1794698,985718,16793362,990828,1495347,453194,558717,984428,483500,780338,3069635,2410161,1723770,5345217,1927120,1101269,662203,808601,836235,11877174
2025-09-23,10003137,8562283,139114,2991881,1520191,8376543,1337358,1612035,2337735,38382381,380699,7870692,540112,4302258,1147630,1346927,2549236,3634400,687714,475192,1917653,754937,695885,1308807,6114088,16258377,1058339,3149780,3467346,2322803,11749629,241368,401868,2647352,13740947,332258,3963380,8649656,1107354,1802038,989758,16862142,994888,1501467,455054,560997,988468,485480,783538,3082215,2420041,1730830,5367117,1935020,1105789,664923,811921,839655,11925814
2025-09-24,9978657,8541331,138778,2984561,1516471,8356047,1334082,1608087,2332011,38288445,379763,7851432,538792,4291734,1144822,1343627,2542996,3625508,686034,474028,1912961,753089,694181,1305603,6099124,16218585,1055747,3142076,3458862,2317115,11720877,240780,400884,2640872,13707323,331442,3953684,8628488,1104642,1797634,987334,16820874,992452,1497795,453938,559629,986044,484292,781618,3074667,2414113,1726594,5353977,1930280,1103077,663291,809929,837603,11896630
2025-09-25,9919497,8490697,137966,2966871,1507481,8306515,1326165,1598546,2318178,38061433,377501,7804887,535602,4266301,1138036,1335652,2527916,3604019,681974,471215,1901622,748623,690063,1297860,6062961,16122421,1049483,3123458,3438359,2303369,11651393,239359,398506,2625212,13626065,329470,3930252,8577332,1098088,1786991,981476,16721143,986565,1488921,451241,556323,980186,481421,776978,3056426,2399787,1716357,5322222,1918825,1096523,659347,805115,832644,11826102
2025-09-26,9948877,8515849,138302,2975591,1511901,8331111,1330041,1603294,2325002,38174169,378637,7827947,537122,4278925,1141444,1339552,2535356,3614711,683954,472679,1907314,750771,692067,1301764,6080925,16170213,1052575,3132662,3448543,2310257,11685845,240047,399690,2632992,13666389,330486,3941948,8602700,1101400,1792207,984400,16770711,989501,1493393,452657,557991,983110,482809,779298,3065474,2406915,1721493,5337962,1924465,1099735,661279,807507,835096,11861086
2025-09-29,9957041,8522837,138414,2978031,1513141,8337947,1331133,1604610,2326910,38205489,378949,7834371,537562,4282437,1142380,1340652,2537436,3617675,684514,473067,1908878,751387,692635,1302832,6085913,16183481,1053439,3135234,3451371,2312153,11695433,240243,400018,2635152,13677601,330758,3945180,8609756,1102304,1793679,985208,16784471,990313,1494617,453029,558447,983918,483205,779938,3067990,2408891,1722905,5342342,1926045,1100639,661823,808171,835780,11870818
2025-09-30,10071337,8620669,139982,3012191,1530501,8433651,1346421,1623034,2353622,38643969,383317,7924307,543722,4331605,1155484,1356052,2566556,3659171,692354,478499,1930774,760011,700587,1317784,6155745,16369233,1065535,3171242,3490963,2338697,11829665,242987,404610,2665392,13834569,334566,3990428,8708540,1114960,1814287,996520,16977111,1001681,1511753,458237,564831,995230,488749,788898,3103214,2436555,1742673,5403662,1948165,1113295,669439,817467,845356,12007066
2025-10-01,10112157,8655609,140542,3024391,1536701,8467831,1351881,1629614,2363162,38800569,384877,7956427,545922,4349165,1160164,1361552,2576956,3673991,695154,480439,1938594,763091,703427,1323124,6180685,16435573,1069855,3184102,3505103,2348177,11877605,243967,406250,2676192,13890629,335926,4006608,8743840,1119480,1821647,1000560,17045911,1005741,1517873,460097,567111,999270,490729,792098,3115794,2446435,1749733,5425562,1956065,1117815,672159,820787,848776,12055726
2025-10-02,10134608,8674826,140850,3031101,1540111,8486630,1354884,1633233,2368409,38886699,385735,7974093,547132,4358823,1162738,1364577,2582676,3682142,696694,481506,1942895,764785,704989,1326061,6194402,16472060,1072231,3191175,3512880,2353391,11903972,244506,407152,2682132,13921462,336674,4015507,8763244,1121966,1825695,1002782,17083751,1007974,1521239,461120,568365,1001492,491818,793858,3122713,2451869,1753616,5437607,1960410,1120301,673655,822613,850657,12082489
2025-10-03,10159100,8695790,141186,3038421,1543831,8507138,1358160,1637181,2374133,38980659,386671,7993365,548452,4369359,1165546,1367877,2588916,3691034,698374,482670,1947587,766633,706693,1329265,6209366,16511864,1074823,3198891,3521364,2359079,11932736,245094,408136,2688612,13955098,337490,4025215,8784412,1124678,1830111,1005206,17125031,1010410,1524911,462236,569733,1003916,493006,795778,3130261,2457797,1757852,5450747,1965150,1123013,675287,824605,852709,12111685
2025-10-06,10175428,8709766,141410,3043301,1546311,8520810,1360344,1639813,2377949,39043315,387295,8006213,549332,4376383,1167418,1370077,2593076,3696970,699494,483446,1950715,767865,707829,1331401,6219350,16538400,1076551,3204035,3527020,2362871,11951912,245486,408792,2692932,13977530,338034,4031687,8798532,1126486,1833055,1006822,17152559,1012034,1527359,462980,570645,1005532,493798,797058,3135293,2461749,1760676,5459507,1968310,1124821,676375,825933,854077,12131149
2025-10-07,10179510,8713260,141466,3044521,1546931,8524228,1360890,1640471,2378903,39058979,387451,8009425,549552,4378139,1167886,1370627,2594116,3698454,699774,483640,1951497,768173,708113,1331935,6221846,16545034,1076983,3205321,3528434,2363819,11956706,245584,408956,2694012,13983138,338170,4033305,8802062,1126938,1833791,1007226,17159441,1012440,1527971,463166,570873,1005936,493996,797378,3136551,2462737,1761382,5461697,1969100,1125273,676647,826265,854419,12136015
2025-10-08,10208084,8737718,141858,3053061,1551271,8548154,1364712,1645077,2385581,39168627,388543,8031909,551092,4390431,1171162,1374477,2601396,3708842,701734,484998,1956971,770329,710101,1335673,6239318,16591472,1080007,3214323,3538332,2370455,11990264,246270,410104,2701572,14022394,339122,4044631,8826772,1130102,1838943,1010054,17207615,1015282,1532255,464468,572469,1008764,495382,799618,3145357,2469653,1766324,5477027,1974630,1128437,678551,828589,856813,12170077
2025-10-09,10212166,8741212,141914,3054281,1551891,8551572,1365258,1645735,2386535,39184291,388699,8035121,551312,4392187,1171630,1375027,2602436,3710326,702014,485192,1957753,770637,710385,1336207,6241814,16598106,1080439,3215609,3539746,2371403,11995058,246368,410268,2702652,14028002,339258,4046249,8830302,1130554,1839679,1010458,17214497,1015688,1532867,464654,572697,1009168,495580,799938,3146615,2470641,1767030,5479217,1975420,1128889,678823,828921,857155,12174943
2025-10-10,10208084,8737718,141858,3053061,1551271,8548154,1364712,1645077,2385581,39168627,388543,8031909,551092,4390431,1171162,1374477,2601396,3708842,701734,484998,1956971,770329,710101,1335673,6239318,16591472,1080007,3214323,3538332,2370455,11990264,246270,410104,2701572,14022394,339122,4044631,8826772,1130102,1838943,1010054,17207615,1015282,1532255,464468,572469,1008764,495382,799618,3145357,2469653,1766324,5477027,1974630,1128437,678551,828589,856813,12170077
2025-10-13,10246863,8770911,142390,3064651,1557161,8580625,1369899,1651328,2394644,39317435,390025,8062423,553182,4407113,1175608,1379702,2611276,3722940,704394,486841,1964400,773255,712799,1340746,6263030,16654495,1084111,3226540,3551765,2379461,12035807,247201,411662,2711832,14075670,340414,4060002,8860307,1134396,1845935,1013892,17272994,1019139,1538069,466235,574635,1012602,497263,802658,3157308,2479039,1773031,5497832,1982135,1132731,681135,831743,860062,12216304
2025-10-14,10265232,8786634,142642,3070141,1559951,8596006,1372356,1654289,2398937,39387923,390727,8076877,554172,4415015,1177714,1382177,2615956,3729618,705654,487714,1967919,774641,714077,1343149,6274262,16684348,1086055,3232327,3558128,2383727,12057380,247642,412400,2716692,14100906,341026,4067283,8876192,1136430,1849247,1015710,17303963,1020966,1540823,467072,575661,1014420,498154,804098,3162969,2483485,1776208,5507687,1985690,1134765,682359,833237,861601,12238201
2025-10-15,10259109,8781393,142558,3068311,1559021,8590879,1371537,1653302,2397506,39364427,390493,8072059,553842,4412381,1177012,1381352,2614396,3727392,705234,487423,1966746,774179,713651,1342348,6270518,16674397,1085407,3230398,3556007,2382305,12050189,247495,412154,2715072,14092494,340822,4064856,8870897,1135752,1848143,1015104,17293640,1020357,1539905,466793,575319,1013814,497857,803618,3161082,2482003,1775149,5504402,1984505,1134087,681951,832739,861088,12230902
2025-10-16,10283625,8802369,142894,3075643,1562741,8611399,1374813,1657250,2403230,39458471,391429,8091343,555162,4422917,1179820,1384652,2620648,3736296,706914,488587,1971450,776027,715355,1345552,6285494,16714237,1087999,3238114,3564503,2387993,12078977,248083,413138,2721564,14126166,341638,4074564,8892089,1138464,1852559,1017528,17334956,1022793,1543589,467909,576699,1016238,499045,805538,3168630,2487931,1779385,5517554,1989245,1136799,683583,834731,863140,12260122
2025-10-17,10270795,8791489,142814,3071933,1560841,8600699,1373083,1655260,2400260,39409701,390849,8081273,554562,4417437,1178380,1382902,2617438,3731676,706114,487917,1969030,775087,714535,1343882,6277714,16693537,1086639,3234084,3560223,2384953,12064087,247793,412618,2718254,14108706,341158,4069474,8881129,1137004,1850179,1016308,17313526,1021563,1541719,467279,576049,1014918,498455,804538,3164640,2484791,1777155,5510794,1986795,1135339,682723,833671,862130,12244972
2025-10-20,10225849,8753033,142198,3058491,1554021,8563079,1367077,1648022,2389766,39237287,389133,8045919,552142,4398121,1173232,1376852,2605976,3715352,703034,485783,1960406,771699,711411,1338008,6250258,16620497,1081887,3219938,3544647,2374525,12011309,246715,410814,2706352,14046974,339662,4051676,8842277,1132032,1842083,1011864,17237780,1017097,1534965,465233,573519,1010474,496277,801018,3150802,2473923,1769389,5486682,1978105,1130367,679731,830019,858368,12191402
2025-10-21,10291225,8808969,143094,3078043,1563941,8617799,1375813,1658550,2405030,39488071,391629,8097343,555662,4426217,1180720,1385652,2622648,3739096,707514,488887,1972950,776627,715955,1346552,6290194,16726737,1088799,3240514,3567303,2389693,12088077,248283,413438,2723664,14136766,341838,4077564,8898789,1139264,1853859,1018328,17347956,1023593,1544789,468209,577199,1016938,499445,806138,3170930,2489731,1780685,5521754,1990745,1137599,684083,835331,863840,12269322
2025-10-22,10313698,8828197,143402,3084764,1567351,8636609,1378816,1662169,2410277,39574278,392487,8115020,556872,4435875,1183294,1388677,2628379,3747258,709054,489954,1977262,778321,717517,1349489,6303922,16763257,1091175,3247587,3575091,2394907,12114466,248822,414340,2729615,14167632,342586,4086463,8918215,1141750,1857907,1020550,17385829,1025826,1548166,469232,578464,1019160,500534,807898,3177849,2495165,1784568,5533810,1995090,1140085,685579,837157,865721,12296107
2025-10-23,10305526,8821205,143290,3082320,1566111,8629769,1377724,1660853,2408369,39542930,392175,8108592,556432,4432363,1182358,1387577,2626295,3744290,708494,489566,1975694,777705,716949,1348421,6298930,16749977,1090311,3245015,3572259,2393011,12104870,248626,414012,2727451,14156408,342314,4083227,8911151,1140846,1856435,1019742,17372057,1025014,1546938,468860,578004,1018352,500138,807258,3175333,2493189,1783156,5529426,1993510,1139181,685035,836493,865037,12286367
2025-10-24,10299397,8815958,143206,3080487,1565181,8624636,1376905,1659866,2406938,39519413,391941,8103771,556102,4429726,1181656,1386752,2624732,3742064,708074,489275,1974518,777243,716523,1347620,6295183,16740017,1089663,3243086,3570135,2391589,12097670,248479,413766,2725828,14147990,342110,4080800,8905853,1140168,1855331,1019136,17361725,1024405,1546017,468581,577659,1017746,499841,806778,3173446,2491707,1782097,5526138,1992325,1138503,684627,835995,864524,12279059
2025-10-27,10274881,8794970,142870,3073155,1561461,8604104,1373629,1655918,2401214,39425345,391005,8084487,554782,4419178,1178848,1383452,2618480,3733160,706394,488111,1969814,775395,714819,1344416,6280195,16700177,1087071,3235370,3561639,2385901,12068870,247891,412782,2719336,14114318,341294,4071092,8884661,1137456,1850915,1016712,17320397,1021969,1542333,467465,576279,1015322,498653,804858,3165898,2485779,1777861,5512986,1987585,1135791,682995,834003,862472,12249827
2025-10-28,10274881,8794970,142870,3073155,1561461,8604104,1373629,1655918,2401214,39425345,391005,8084487,554782,4419178,1178848,1383452,2618480,3733160,706394,488111,1969814,775395,714819,1344416,6280195,16700177,1087071,3235370,3561639,2385901,12068870,247891,412782,2719336,14114318,341294,4071092,8884661,1137456,1850915,1016712,17320397,1021969,1542333,467465,576279,1015322,498653,804858,3165898,2485779,1777861,5512986,1987585,1135791,682995,834003,862472,12249827
2025-10-29,10321870,8835197,143514,3087208,1568591,8643457,1379908,1663485,2412185,39605642,392799,8121448,557312,4439395,1184230,1389777,2630463,3750226,709614,490342,1978830,778937,718085,1350557,6308922,16776537,1092039,3250159,3577923,2396803,12124070,249018,414668,2731779,14178856,342858,4089699,8925279,1142654,1859379,1021358,17399609,1026638,1549394,469604,578924,1019968,500930,808538,3180365,2497141,1785980,5538194,1996670,1140989,686123,837821,866405,12305855
2025-10-30,10321870,8835197,143514,3087208,1568591,8643457,1379908,1663485,2412185,39605642,392799,8121448,557312,4439395,1184230,1389777,2630463,3750226,709614,490342,1978830,778937,718085,1350557,6308922,16776537,1092039,3250159,3577923,2396803,12124070,249018,414668,2731779,14178856,342858,4089699,8925279,1142654,1859379,1021358,17399609,1026638,1549394,469604,578924,1019968,500930,808538,3180365,2497141,1785980,5538194,1996670,1140989,686123,837821,866405,12305855
2025-10-31,10321870,8835197,143514,3087208,1568591,8643457,1379908,1663485,2412185,39605642,392799,8121448,557312,4439395,1184230,1389777,2630463,3750226,709614,490342,1978830,778937,718085,1350557,6308922,16776537,1092039,3250159,3577923,2396803,12124070,249018,414668,2731779,14178856,342858,4089699,8925279,1142654,1859379,1021358,17399609,1026638,1549394,469604,578924,1019968,500930,808538,3180365,2497141,1785980,5538194,1996670,1140989,686123,837821,866405,12305855
2025-11-03,10272838,8793221,142842,3072544,1561151,8602393,1373356,1655589,2400737,39417550,390927,8082880,554672,4418299,1178614,1383177,2617959,3732418,706254,488014,1969422,775241,714677,1344149,6278946,16696857,1086855,3234727,3560931,2385427,12066470,247842,412700,2718795,14111512,341226,4070283,8882915,1137230,1850547,1016510,17316953,1021766,1542026,467372,576164,1015120,498554,804698,3165269,2485285,1777508,5511890,1987190,1135565,682859,833837,862301,12247435
2025-11-04,10272838,8793221,142842,3072544,1561151,8602393,1373356,1655589,2400737,39417550,390927,8082880,554672,4418299,1178614,1383177,2617959,3732418,706254,488014,1969422,775241,714677,1344149,6278946,16696857,1086855,3234727,3560931,2385427,12066470,247842,412700,2718795,14111512,341226,4070283,8882915,1137230,1850547,1016510,17316953,1021766,1542026,467372,576164,1015120,498554,804698,3165269,2485285,1777508,5511890,1987190,1135565,682859,833837,862301,12247435
2025-11-05,10276924,8796719,142898,3073766,1561771,8605815,1373902,1656247,2401691,39433228,391083,8086094,554892,4420057,1179082,1383727,2619001,3733902,706534,488208,1970206,775549,714961,1344683,6281444,16703497,1087287,3236013,3562347,2386375,12071270,247940,412864,2719877,14117124,341362,4071901,8886447,1137682,1851283,1016914,17323841,1022172,1542640,467558,576394,1015524,498752,805018,3166527,2486273,1778214,5514082,1987980,1136017,683131,834169,862643,12252307
2025-11-06,10234021,8759990,142310,3060935,1555261,8569884,1368169,1649338,2391674,39268609,389445,8052347,552582,4401598,1174168,1377952,2608060,3718320,703594,486171,1961974,772315,711979,1339076,6255215,16633777,1082751,3222510,3547479,2376421,12020870,246911,411142,2708516,14058198,339934,4054912,8849361,1132936,1843555,1012672,17251517,1017909,1536193,465605,573979,1011282,496673,801658,3153318,2475899,1770801,5491066,1979685,1131271,680275,830683,859052,12201151
2025-11-07,10289182,8807213,143066,3077432,1563631,8616081,1375540,1658221,2404553,39480262,391551,8095736,555552,4425331,1180486,1385377,2622127,3738354,707374,488790,1972558,776473,715813,1346285,6288938,16723417,1088583,3239871,3566595,2389219,12085670,248234,413356,2723123,14133960,341770,4076755,8897043,1139038,1853491,1018126,17344505,1023390,1544482,468116,577084,1016736,499346,805978,3170301,2489237,1780332,5520658,1990350,1137373,683947,835165,863669,12266923
2025-11-10,10295311,8812460,143150,3079265,1564561,8621214,1376359,1659208,2405984,39503779,391785,8100557,555882,4427968,1181188,1386202,2623690,3740580,707794,489081,1973734,776935,716239,1347086,6292685,16733377,1089231,3241800,3568719,2390641,12092870,248381,413602,2724746,14142378,341974,4079182,8902341,1139716,1854595,1018732,17354837,1023999,1545403,468395,577429,1017342,499643,806458,3172188,2490719,1781391,5523946,1991535,1138051,684355,835663,864182,12274231
2025-11-11,10299399,8815958,143206,3080487,1565183,8624636,1376905,1659866,2406940,39519463,391941,8103773,556102,4429726,1181656,1386752,2624732,3742066,708076,489275,1974518,777243,716523,1347620,6295183,16740021,1089663,3243088,3570135,2391591,12097672,248479,413766,2725828,14147994,342110,4080802,8905875,1140168,1855331,1019136,17361727,1024405,1546017,468581,577659,1017746,499841,806778,3173448,2491707,1782099,5526140,1992325,1138503,684627,835995,864526,12279105
2025-11-12,10358675,8866679,144018,3098206,1574202,8674255,1384822,1669407,2420802,39746881,394203,8150405,559292,4455217,1188442,1394727,2639841,3763613,712165,492088,1985886,781709,720641,1355363,6331404,16836359,1095927,3261764,3590667,2405366,12167301,249900,416144,2741517,14229426,344082,4104292,8957118,1146722,1866003,1024994,17461632,1030292,1554920,471278,580994,1023604,502712,811418,3191718,2506033,1792365,5557953,2003780,1145057,688571,840809,869514,12349778
2025-11-13,10417951,8917400,144830,3115925,1583221,8723874,1392739,1678948,2434664,39974299,396465,8197037,562482,4480708,1195228,1402702,2654950,3785160,716254,494901,1997254,786175,724759,1363106,6367625,16932697,1102191,3280440,3611199,2419141,12236930,251321,418522,2757206,14310829,346054,4127782,9008361,1153276,1876675,1030852,17561537,1036179,1563823,473975,584329,1029462,505583,816058,3209988,2520359,1802631,5589766,2015235,1151611,692515,845623,874502,12420451
2025-11-14,10469051,8961125,145530,3131200,1590996,8766649,1399564,1687173,2446614,40170349,398415,8237237,565232,4502683,1201078,1409577,2667975,3803735,719779,497326,2007054,790025,728309,1369781,6398850,17015747,1107591,3296540,3628899,2431016,12296955,252546,420572,2770731,14381004,347754,4148032,9052536,1158926,1885875,1035902,17647662,1041254,1571498,476300,587204,1034512,508058,820058,3225738,2532709,1811481,5617191,2025110,1157261,695915,849773,878802,12481376
2025-11-17,10514019,8999603,146146,3144642,1597838,8804291,1405570,1694411,2457130,40342873,400131,8272613,567652,4522021,1206226,1415627,2679437,3820081,722881,499460,2015678,793413,731433,1375655,6426328,17088831,1112343,3310708,3644475,2441466,12349777,253624,422376,2782633,14442780,349250,4165852,9091410,1163898,1893971,1040346,17723452,1045720,1578252,478346,589734,1038956,510236,823578,3239598,2543577,1819269,5641325,2033800,1162233,698907,853425,882586,12534990
2025-11-18,10554899,9034603,146706,3156862,1604058,8838531,1411030,1700991,2466690,40499753,401691,8304773,569852,4539601,1210926,1421127,2689857,3834941,725701,501400,2023518,796493,734273,1380995,6451308,17155291,1116663,3323588,3658655,2450966,12397797,254604,424016,2793453,14498940,350610,4182052,9126770,1168418,1901331,1044386,17792372,1049780,1584392,480206,592034,1042996,512216,826778,3252198,2553477,1826349,5663265,2041700,1166753,701627,856745,886026,12583730
2025-11-19,10507887,8994353,146062,3142809,1596905,8799155,1404751,1693424,2455696,40319341,399897,8267789,567322,4519384,1205521,1414802,2677874,3817852,722458,499169,2014502,792951,731007,1374854,6422581,17078862,1111695,3308776,3642348,2440041,12342574,253477,422130,2781010,14434356,349046,4163422,9086106,1163220,1892867,1039740,17713114,1045111,1577331,478067,589389,1038350,509939,823098,3237708,2542092,1818207,5638034,2032615,1161555,698499,852927,882070,12527679
2025-11-20,10511975,8997853,146118,3144031,1597527,8802579,1405297,1694082,2456652,40335029,400053,8271005,567542,4521142,1205991,1415352,2678916,3819338,722740,499363,2015286,793259,731291,1375388,6425081,17085508,1112127,3310064,3643766,2440991,12347376,253575,422294,2782092,14439972,349182,4165042,9089642,1163672,1893603,1040144,17720006,1045517,1577945,478253,589619,1038754,510137,823418,3238968,2543082,1818915,5640228,2033405,1162007,698771,853259,882414,12532553
2025-11-21,10485403,8975103,145754,3136088,1593484,8780323,1401748,1689805,2450438,40233057,399039,8250101,566112,4509715,1202936,1411777,2672143,3809679,720907,498102,2010190,791257,729445,1371917,6408831,17042309,1109319,3301692,3634549,2434816,12316163,252938,421228,2775059,14403468,348298,4154512,9066658,1160734,1888819,1037518,17675208,1042878,1573954,477044,588124,1036128,508850,821338,3230778,2536647,1814313,5625967,2028270,1159069,697003,851101,880178,12500872
2025-11-24,10575339,9052103,146986,3162972,1607168,8855651,1413760,1704281,2471470,40578193,402471,8320897,570952,4548391,1213276,1423877,2695067,3842371,727111,502370,2027438,798033,735693,1383665,6463831,17188521,1118823,3330028,3665745,2455716,12421807,255094,424836,2798863,14527020,351290,4190152,9144450,1170678,1905011,1046406,17826832,1051810,1587462,481136,593184,1045016,513206,828378,3258498,2558427,1829889,5674235,2045650,1169013,702987,858405,887746,12608100
2025-11-25,10608059,9080103,147434,3172764,1612144,8883043,1418128,1709561,2479118,40703729,403719,8346641,572712,4562455,1217036,1428277,2703403,3854259,729367,503922,2033710,800497,737965,1387953,6483831,17241689,1122279,3340332,3677089,2463316,12460239,255878,426148,2807519,14571964,352378,4203112,9172738,1174294,1910899,1049638,17881984,1055058,1592374,482624,595024,1048248,514790,830938,3268578,2566347,1835553,5691787,2051986,1172629,705163,861061,890498,12647108
2025-11-26,10604544,9077153,147428,3171780,1611567,8880159,1417717,1708951,2478272,40690307,403573,8343878,572582,4560902,1216691,1427852,2702476,3852938,729060,503803,2032966,800319,737671,1387557,6481721,17235928,1121967,3339224,3675826,2462471,12456125,255835,426014,2806532,14567201,352202,4201742,9169762,1173912,1910363,1049324,17876055,1054737,1591825,482473,594739,1047874,514617,830718,3267468,2565522,1834915,5689828,2051314,1172247,704911,860779,890174,12642842
2025-11-28,10579992,9056141,147092,3164436,1607835,8859603,1414429,1704991,2472536,40596107,402637,8324558,571262,4550342,1213871,1424552,2696224,3844022,727368,502639,2028262,798471,735967,1384341,6466721,17196028,1119375,3331496,3667318,2456771,12427289,255247,425030,2800040,14533481,351386,4192010,9148534,1171200,1905935,1046900,17834667,1052301,1588141,481357,593359,1045450,513429,828798,3259908,2559582,1830667,5676652,2046562,1169535,703279,858787,888110,12613574
2025-12-01,10604544,9077153,147428,3171780,1611567,8880159,1417717,1708951,2478272,40690307,403573,8343878,572582,4560902,1216691,1427852,2702476,3852938,729060,503803,2032966,800319,737671,1387557,6481733,17235928,1121967,3339224,3675826,2462471,12456125,255835,426014,2806532,14567201,352202,4201742,9169762,1173912,1910363,1049324,17876055,1054737,1591825,482473,594739,1047874,514617,830718,3267468,2565522,1834915,5689828,2051314,1172247,704911,860779,890174,12642842
2025-12-02,10618866,9089410,147624,3176064,1613744,8892150,1419635,1711261,2481618,40745257,404119,8355148,573352,4567062,1218336,1429777,2706123,3858139,730047,504482,2035710,801397,738665,1389433,6490490,17259203,1123479,3343732,3680789,2465796,12472946,256178,426588,2810319,14586871,352678,4207419,9182145,1175494,1912946,1050738,17900198,1056158,1593974,483124,595544,1049288,515310,831838,3271878,2568987,1837393,5697514,2054086,1173829,705863,861941,891378,12659915
2025-12-03,10684338,9145442,148520,3195648,1623696,8946966,1428403,1721821,2496914,40996457,406615,8406668,576872,4595222,1225856,1438577,2722795,3881915,734559,507586,2048254,806325,743209,1398009,6530522,17365603,1130391,3364340,3703477,2480996,12549842,257746,429212,2827631,14676791,354854,4233371,9238753,1182726,1924754,1057202,18010566,1062654,1603798,486100,599224,1055752,518478,836958,3292038,2584827,1848721,5732650,2066758,1181061,710215,867253,896882,12737963
2025-12-04,10688430,9148944,148576,3196872,1624318,8950392,1428951,1722481,2497870,41012157,406771,8409888,577092,4596982,1226326,1439127,2723837,3883401,734841,507780,2049038,806633,743493,1398545,6533024,17372253,1130823,3365628,3704895,2481946,12554648,257844,429376,2828713,14682411,354990,4234993,9242291,1183178,1925492,1057606,18017464,1063060,1604412,486286,599454,1056156,518676,837278,3293298,2585817,1849429,5734846,2067550,1181513,710487,867585,897226,12742841
2025-12-05,10686384,9147193,148548,3196260,1624007,8948679,1428677,1722151,2497392,41004307,406693,8408278,576982,4596102,1226091,1438852,2723316,3882658,734700,507683,2048646,806479,743351,1398277,6531773,17368928,1130607,3364984,3704186,2481471,12552245,257795,429294,2828172,14679601,354922,4234182,9240522,1182952,1925123,1057404,18014015,1062857,1604105,486193,599339,1055954,518577,837118,3292668,2585322,1849075,5733748,2067154,1181287,710351,867419,897054,12740402
2025-12-08,10682292,9143691,148492,3195036,1623385,8945253,1428129,1721491,2496436,40988605,406537,8405058,576762,4594342,1225621,1438302,2722274,3881172,734418,507489,2047862,806171,743067,1397741,6529271,17362276,1130175,3363696,3702768,2480521,12547439,257697,429130,2827088,14673979,354786,4232560,9236984,1182498,1924385,1057000,18007117,1062449,1603491,486007,599109,1055550,518379,836798,3291408,2584332,1848367,5731552,2066362,1180835,710079,867087,896710,12735524
2025-12-09,10641372,9108671,147932,3182796,1617165,8910993,1422649,1714891,2486876,40831585,404977,8372858,574562,4576742,1220921,1432782,2711854,3866312,731598,505549,2040022,803091,740227,1392381,6504251,17295756,1125855,3350816,3688588,2471021,12499379,256717,427490,2816248,14617759,353426,4216340,9201604,1177958,1917005,1052960,17938137,1058369,1597351,484147,596809,1051510,516399,833598,3278808,2574432,1841287,5709592,2058442,1176315,707359,863767,893270,12686724
2025-12-10,10692547,9152471,148632,3198096,1624940,8953843,1429499,1723141,2498826,41027960,406927,8413133,577337,4598742,1226796,1439682,2724904,3884912,735123,507974,2049822,806941,743777,1399081,6535526,17378931,1131280,3366941,3706338,2482896,12559479,257942,429540,2829798,14688059,355126,4236615,9245854,1183633,1926230,1058035,18024412,1063469,1605026,486472,599684,1056560,518874,837598,3294583,2586807,1850137,5737042,2068342,1181965,710759,867917,897570,12747749
2025-12-11,10721205,9176999,149024,3206664,1629294,8977839,1433335,1727761,2505518,41137930,408019,8435687,578891,4611062,1230086,1443546,2732212,3895328,737097,509332,2055310,809097,745765,1402833,6553040,17425509,1134318,3375971,3716278,2489546,12593135,258628,430688,2837386,14727427,356078,4247969,9270634,1186811,1931396,1060877,18072726,1066325,1609324,487774,601294,1059388,520260,839838,3303417,2593737,1855093,5752414,2073886,1185129,712663,870241,899978,12781923
2025-12-12,10704829,9162983,148800,3201768,1626806,8964127,1431143,1725121,2501694,41075090,407395,8422799,578003,4604022,1228206,1441338,2728036,3889376,735969,508556,2052174,807865,744629,1400689,6543032,17398893,1132582,3370811,3710598,2485746,12573903,258236,430032,2833050,14704931,355534,4241481,9256474,1184995,1928444,1059253,18045118,1064693,1606868,487030,600374,1057772,519468,838558,3298369,2589777,1852261,5743630,2070718,1183321,711575,868913,898602,12762395
2025-12-15,10694594,9154223,148660,3198708,1625251,8955557,1429773,1723471,2499304,41035815,407005,8414744,577448,4599622,1227031,1439958,2725426,3885656,735264,508071,2050214,807095,743919,1399349,6536777,17382258,1131497,3367586,3707048,2483371,12561883,257991,429622,2830340,14690871,355194,4237426,9247624,1183860,1926599,1058238,18027863,1063673,1605333,486565,599799,1056762,518973,837758,3295214,2587302,1850491,5738140,2068738,1182191,710895,868083,897742,12750190
2025-12-16,10649560,9115679,148044,3185244,1618409,8917849,1423745,1716211,2488788,40863005,405289,8379302,575006,4580262,1221861,1433886,2713942,3869288,732162,505937,2041590,803707,740795,1393453,6509255,17309064,1126723,3353396,3691428,2472921,12508995,256913,427818,2818416,14629007,353698,4219584,9208684,1178866,1918481,1053772,17951941,1059185,1598579,484519,597269,1052318,516795,834238,3281332,2576412,1842703,5713984,2060026,1177219,707903,864431,893958,12696510
2025-12-17,10627032,9096396,147736,3178501,1614988,8898984,1420731,1712581,2483519,40776556,404431,8361570,573785,4570571,1219276,1430850,2708200,3861104,730611,504870,2037267,802002,739233,1390505,6495483,17272445,1124336,3346301,3683618,2467685,12482529,256374,426916,2812454,14598053,352950,4210652,9189203,1176369,1914422,1051539,17913958,1056941,1595202,483496,596004,1050096,515706,832478,3274391,2570956,1838809,5701895,2055670,1174733,706407,862605,892066,12669648
2025-12-18,10586072,9061336,147176,3166241,1608768,8864684,1415251,1705981,2473939,40619376,402871,8329330,571565,4552951,1214576,1425330,2697760,3846224,727791,502930,2029407,798902,736393,1385145,6470443,17205865,1119996,3333401,3669418,2458165,12434409,255394,425276,2801614,14541773,351590,4194412,9153783,1171829,1907042,1047479,17844898,1052861,1589062,481636,593704,1046056,513726,829278,3261771,2561036,1831729,5679915,2047750,1170213,703687,859285,888626,12620808
2025-12-19,10612696,9084125,147540,3174210,1612811,8886979,1418813,1710271,2480166,40721543,403885,8350286,573008,4564404,1217631,1428918,2704546,3855896,729624,504191,2034516,800917,738239,1388629,6486719,17249142,1122817,3341786,3678648,2464353,12465687,256031,426342,2808660,14578355,352474,4204968,9176806,1174780,1911839,1050118,17889787,1055513,1593053,482845,595199,1048682,515013,831358,3269974,2567484,1836331,5694202,2052898,1173151,705455,861443,890862,12652554
2025-12-22,10529516,9016565,145112,3130114,1578523,8812359,1407613,1687627,2469714,40384455,392313,8180794,567172,4465212,1209635,1412082,2668590,3824724,715824,499663,2013668,790173,710735,1377065,6433983,17112802,1106741,3316594,3651180,2444661,12350891,250767,422834,2770184,14459563,349526,4121788,9110198,1171336,1897359,1042010,17629311,1047169,1580829,473897,588819,1036770,510973,805306,3235422,2517928,1802099,5640486,2035906,1134595,697159,854271,876666,12553454
2025-12-23,10492588,8984917,144590,3119222,1572995,8781447,1402737,1681655,2460994,40242979,390989,8152134,565172,4449580,1205395,1407206,2659214,3811332,713328,497895,2006584,787377,708223,1372233,6411439,17052778,1102881,3305014,3638440,2436101,12307567,249891,421386,2760472,14408923,348294,4107364,9078194,1167264,1890703,1038338,17567587,1043473,1575361,472289,586763,1033122,509197,802438,3224126,2509112,1795819,5620742,2028702,1130571,694719,851287,873626,12509394
2025-12-24,10484404,8977909,144478,3116790,1571767,8774595,1401641,1680343,2459074,40211583,390685,8145774,564732,4446108,1204455,1406110,2657138,3808360,712772,497507,2005020,786761,707671,1371161,6406435,17039474,1102021,3302434,3635600,2434201,12297967,249695,421058,2758320,14397683,348022,4104160,9071110,1166352,1889227,1037526,17553883,1042657,1574133,471921,586307,1032314,508801,801810,3221610,2507156,1794419,5616358,2027118,1129687,694179,850623,872946,12499634
2025-12-26,10476220,8970901,144366,3114358,1570539,8767743,1400545,1679031,2457154,40180187,390381,8139414,564292,4442636,1203515,1405014,2655062,3805388,712216,497119,2003456,786145,707119,1370089,6401431,17026170,1101161,3299854,3632760,2432301,12288367,249499,420730,2756168,14386443,347750,4100956,9064026,1165440,1887751,1036714,17540179,1041841,1572905,471553,585851,1031506,508405,801182,3219094,2505200,1793019,5611974,2025534,1128803,693639,849959,872266,12489874
2025-12-29,10492588,8984917,144590,3119222,1572995,8781447,1402737,1681655,2460994,40242979,390989,8152134,565172,4449580,1205395,1407206,2659214,3811332,713328,497895,2006584,787377,708223,1372233,6411431,17052778,1102881,3305014,3638440,2436101,12307567,249891,421386,2760472,14408923,348294,4107364,9078194,1167264,1890703,1038338,17567587,1043473,1575361,472289,586763,1033122,509197,802438,3224126,2509112,1795819,5620742,2028702,1130571,694719,851287,873626,12509394
2025-12-30,10478259,8972646,144394,3114966,1570846,8769456,1400819,1679359,2457634,40188022,390457,8141004,564402,4443504,1203750,1405281,2655581,3806124,712355,497216,2003847,786299,707257,1370357,6402674,17029489,1101376,3300499,3633470,2432776,12290760,249548,420812,2756699,14389246,347818,4101757,9065797,1165668,1888120,1036917,17543598,1042045,1573212,471645,585965,1031708,508504,801339,3219723,2505689,1793369,5613063,2025930,1129024,693767,850125,872436,12492314
2025-12-31,10478259,8972646,144394,3114966,1570846,8769456,1400819,1679359,2457634,40188022,390457,8141004,564402,4443504,1203750,1405281,2655581,3806124,712355,497216,2003847,786299,707257,1370357,6402674,17029489,1101376,3300499,3633470,2432776,12290760,249548,420812,2756699,14389246,347818,4101757,9065797,1165668,1888120,1036917,17543598,1042045,1573212,471645,585965,1031708,508504,801339,3219723,2505689,1793369,5613063,2025930,1129024,693767,850125,872436,12492314
2026-01-02,10474165,8969140,144338,3113748,1570232,8766030,1400271,1678703,2456674,40172320,390305,8137824,564182,4441768,1203280,1404731,2654543,3804636,712077,497022,2003065,785991,706981,1369821,6400172,17022835,1100946,3299209,3632050,2431826,12285958,249450,420648,2755621,14383624,347682,4100155,9062255,1165212,1887382,1036511,17536744,1041637,1572598,471461,585737,1031304,508306,801025,3218465,2504711,1792669,5610869,2025138,1128582,693495,849793,872096,12487434
2026-01-06,10535582,9021730,145178,3132018,1579442,8817427,1408491,1688543,2471074,40407864,392585,8185531,567482,4467808,1210330,1412981,2670113,3826956,716247,499932,2014802,790611,711121,1377861,6437702,17122652,1107396,3318559,3653350,2446076,12357995,250920,423108,2771791,14467961,349722,4124192,9115392,1172052,1898452,1042601,17639561,1047757,1581808,474221,589164,1037364,511276,805735,3237335,2519411,1803169,5643779,2037018,1135212,697575,854773,877196,12560641
2026-01-07,10695326,9158464,147362,3179520,1603388,8951119,1429863,1714127,2508514,41020398,398513,8309629,576062,4535512,1228660,1434431,2710595,3884988,727089,507498,2045378,802623,721885,1398765,6535280,17382236,1124166,3368869,3708730,2483126,12545351,254742,429504,2813833,14687297,355026,4186748,9253608,1189836,1927234,1058435,17906945,1063669,1605754,481397,598134,1053120,518998,817981,3286397,2557631,1830469,5729345,2067906,1152450,708183,867721,890456,12751039
2026-01-08,10756766,9211054,148202,3197790,1612598,9002539,1438083,1723967,2522914,41255988,400793,8357359,579362,4561552,1235710,1442681,2726165,3907308,731259,510408,2057138,807243,726025,1406805,6572810,17482076,1130616,3388219,3730030,2497376,12617411,256212,431964,2830003,14771657,357066,4210808,9306768,1196676,1938304,1064525,18009785,1069789,1614964,484157,601584,1059180,521968,822691,3305267,2572331,1840969,5762255,2079786,1159080,712263,872701,895556,12824269
2026-01-09,10762910,9216313,148286,3199617,1613519,9007681,1438905,1724951,2524354,41279547,401021,8362132,579692,4564156,1236415,1443506,2727722,3909540,731676,510699,2058314,807705,726439,1407609,6576563,17492060,1131261,3390154,3732160,2498801,12624617,256359,432210,2831620,14780093,357270,4213214,9312084,1197360,1939411,1065134,18020069,1070401,1615885,484433,601929,1059786,522265,823162,3307154,2573801,1842019,5765546,2080974,1159743,712671,873199,896066,12831592
2026-01-12,10785438,9235596,148594,3206316,1616896,9026535,1441919,1728559,2529634,41365930,401857,8379633,580902,4573704,1239000,1446531,2733431,3917724,733205,511766,2062626,809399,727957,1410557,6590324,17528668,1133626,3397249,3739970,2504026,12651039,256898,433112,2837549,14811025,358018,4222036,9331576,1199868,1943470,1067367,18057777,1072645,1619262,485445,603194,1062008,523354,824889,3314073,2579191,1845869,5777613,2085330,1162174,714167,875025,897936,12858443
2026-01-13,10801822,9249620,148818,3211188,1619352,9040247,1444111,1731183,2533474,41428754,402465,8392361,581782,4580648,1240880,1448731,2737583,3923676,734317,512542,2065762,810631,729061,1412701,6600332,17555292,1135346,3402409,3745650,2507826,12670255,257290,433768,2841861,14833521,358562,4228452,9345752,1201692,1946422,1068991,18085201,1074277,1621718,486181,604114,1063624,524146,826145,3319105,2583111,1848669,5786389,2088498,1163942,715255,876353,899296,12877971
2026-01-14,10781342,9232090,148538,3205098,1616282,9023107,1441371,1727903,2528674,41350224,401705,8376451,580682,4571968,1238530,1445981,2732393,3916236,732927,511572,2061842,809091,727681,1410021,6587822,17522012,1133196,3395959,3738550,2503076,12646235,256800,432948,2836471,14805401,357882,4220432,9328032,1199412,1942732,1066961,18050921,1072237,1618648,485261,602964,1061604,523156,824575,3312815,2578211,1845169,5775419,2084538,1161732,713895,874693,897596,12853561
2026-01-15,10791582,9240855,148678,3208143,1617817,9031677,1442741,1729543,2531074,41389489,402085,8384406,581232,4576308,1239705,1447356,2734988,3919956,733622,512057,2063802,809861,728371,1411361,6594077,17538652,1134271,3399184,3742100,2505451,12658245,257045,433358,2839166,14819461,358222,4224442,9336892,1200552,1944577,1067976,18068061,1073257,1620183,485721,603539,1062614,523651,825360,3315960,2580661,1846919,5780904,2086518,1162837,714575,875523,898446,12865766
2026-01-16,10853022,9293445,149518,3226413,1627027,9083097,1450961,1739383,2545474,41625079,404365,8432136,584532,4602348,1246755,1455606,2750558,3942276,737792,514967,2075562,814481,732511,1419401,6631607,17638492,1140721,3418534,3763400,2519701,12730305,258515,435818,2855336,14903821,360262,4248502,9390052,1207392,1955647,1074066,18170901,1079377,1629393,488481,606989,1068674,526621,830070,3334830,2595361,1857419,5813814,2098398,1169467,718655,880503,903546,12938996
2026-01-20,10834590,9277659,149266,3220932,1624264,9067671,1448495,1736431,2541154,41554384,403681,8417817,583542,4594536,1244640,1453131,2745887,3935580,736541,514094,2072034,813095,731269,1416989,6620348,17608540,1138786,3412729,3757010,2515426,12708687,258074,435080,2850485,14878513,359650,4241284,9374104,1205340,1952326,1072239,18140040,1077541,1626630,487653,605954,1066856,525730,828657,3329169,2590951,1854260,5803941,2094834,1167478,717431,879009,902007,12917018
2026-01-21,10891819,9326714,150084,3237821,1632831,9115486,1456049,1745619,2554655,41773923,405777,8462249,586692,4618785,1251175,1460706,2760386,3956324,740460,516851,2082966,817329,735167,1424457,6655360,17701570,1144801,3430674,3776841,2528782,12775871,259403,437402,2865504,14957007,361578,4263526,9423637,1211628,1962635,1077802,18235891,1083225,1635298,490285,609089,1072458,528569,832954,3346799,2604561,1864111,5834559,2105850,1173599,721087,883655,906838,12985321
2026-01-22,10895917,9330224,150140,3239039,1633445,9118916,1456597,1746275,2555617,41789641,405929,8465433,586912,4620523,1251645,1461256,2761424,3957812,740738,517045,2083750,817637,735443,1424993,6657864,17708230,1145231,3431964,3778263,2529734,12780679,259501,437566,2866582,14962635,361714,4265130,9427183,1212084,1963373,1078208,18242753,1083633,1635914,490469,609319,1072862,528767,833268,3348059,2605541,1864813,5836755,2106642,1174041,721359,883987,907180,12990207
2026-01-23,10869280,9307409,149776,3231122,1629454,9096621,1453035,1742011,2549364,41687474,404941,8444737,585482,4609226,1248590,1457681,2754677,3948140,738931,515784,2078654,815635,733649,1421509,6641588,17664940,1142436,3423579,3769020,2523546,12749427,258864,436500,2859575,14926053,360830,4254704,9404134,1209120,1958576,1075569,18198150,1080981,1631910,489273,607824,1070236,527480,831227,3339869,2599171,1860250,5822481,2101494,1171168,719591,881829,904957,12958448
2026-01-26,10840594,9282839,149384,3222596,1625156,9072611,1449199,1737419,2542630,41577434,403877,8422449,583942,4597060,1245300,1453831,2747411,3937724,736985,514426,2073166,813479,731717,1417757,6624060,17618306,1139426,3414535,3759066,2516882,12715771,258178,435352,2852029,14886657,359878,4243476,9379312,1205928,1953410,1072727,18150116,1078125,1627598,487985,606214,1067408,526094,829029,3331049,2592311,1855336,5807109,2095950,1168074,717687,879505,902563,12924246
2026-01-27,10842594,9284627,149408,3223176,1625462,9074279,1449451,1737761,2543068,41585206,404025,8424063,584042,4597922,1245528,1454081,2747931,3938434,737107,514512,2073482,813671,731841,1418021,6625274,17621542,1139594,3415243,3759844,2517330,12718061,258180,435428,2852551,14889425,359942,4244270,9381064,1206172,1953752,1073021,18153450,1078317,1627882,488001,606344,1067604,526174,829215,3331689,2592771,1855714,5808193,2096358,1168312,717815,879693,902741,12926658
2026-01-28,10840544,9282871,149380,3222566,1625155,9072563,1449177,1737432,2542587,41577342,403949,8422470,583932,4597053,1245292,1453806,2747411,3937689,736968,514415,2073090,813517,731703,1417753,6624021,17618210,1139378,3414597,3759133,2516854,12715656,258131,435346,2852012,14886609,359874,4243467,9379290,1205944,1953383,1072818,18150017,1078113,1627574,487909,606229,1067402,526074,829058,3331059,2592281,1855363,5807095,2095962,1168091,717679,879527,902570,12924214
2026-01-29,10826194,9270579,149184,3218296,1623006,9060551,1447259,1735129,2539220,41522294,403417,8411319,583162,4590970,1243640,1451881,2743771,3932474,735995,513736,2070346,812439,730737,1415877,6615250,17594886,1137873,3410075,3754156,2513522,12698821,257788,434772,2848239,14866897,359398,4237846,9366872,1204348,1950800,1071397,18125986,1076685,1625418,487265,605424,1065988,525374,827959,3326649,2588851,1852906,5799409,2093190,1166544,716727,878365,901373,12907106
2026-01-30,10836444,9279359,149324,3221346,1624541,9069131,1448629,1736774,2541625,41561614,403797,8419284,583712,4595315,1244820,1453256,2746371,3936199,736690,514221,2072306,813209,731427,1417217,6621515,17611546,1138953,3413305,3757711,2515902,12710846,258033,435182,2850934,14880977,359738,4241861,9375742,1205488,1952645,1072412,18143151,1077705,1626958,487725,605999,1066998,525874,828744,3329799,2591301,1854661,5804899,2095170,1167649,717407,879195,902228,12919326
2026-02-02,10832344,9275847,149268,3220126,1623927,9065699,1448081,1736116,2540663,41545886,403645,8416098,583492,4593577,1244348,1452706,2745331,3934709,736412,514027,2071522,812901,731151,1416681,6619009,17604882,1138523,3412013,3756289,2514950,12706036,257935,435018,2849856,14875345,359602,4240255,9372194,1205032,1951907,1072006,18136285,1077297,1626342,487541,605769,1066594,525674,828430,3328539,2590321,1853959,5802703,2094378,1167207,717135,878863,901886,12914438
2026-02-03,10858994,9298675,149632,3228056,1627918,9088007,1451643,1740393,2546916,41648118,404633,8436807,584922,4604874,1247416,1456281,2752091,3944394,738219,515288,2076618,814903,732945,1420165,6635298,17648198,1141318,3420411,3765532,2521138,12737301,258572,436084,2856863,14911953,360486,4250694,9395256,1207996,1956704,1074645,18180914,1079949,1630346,488737,607264,1069220,526974,830471,3336729,2596691,1858522,5816977,2099526,1170080,718903,881021,904109,12946210
2026-02-04,10908194,9340819,150304,3242696,1635286,9129191,1458219,1748289,2558460,41836854,406457,8475039,587562,4625730,1253080,1462881,2764571,3962274,741555,517616,2086026,818599,736257,1426597,6665370,17728166,1146478,3435915,3782596,2532562,12795021,259748,438052,2869799,14979537,362118,4269966,9437832,1213468,1965560,1079517,18263306,1084845,1637738,490945,610024,1074068,529374,834239,3351849,2608451,1866946,5843329,2109030,1175384,722167,885005,908213,13004866
2026-02-05,10926644,9356623,150556,3248177,1638049,9144635,1460685,1751250,2562789,41907630,407141,8489376,588552,4633551,1255204,1465356,2769251,3968979,742806,518489,2089554,819985,737499,1429009,6676647,17758154,1148413,3441729,3788995,2536846,12816666,260189,438790,2874650,15004881,362730,4277193,9453798,1215520,1968881,1081344,18294203,1086681,1640510,491773,611059,1075886,530274,835652,3357519,2612861,1870105,5853211,2112594,1177373,723391,886499,909752,13026862
2026-02-06,10963544,9388231,151060,3259139,1643575,9175523,1465617,1757172,2571447,42049182,408509,8518050,590532,4649193,1259452,1470306,2778611,3982389,745308,520235,2096610,822757,739983,1433833,6699201,17818130,1152283,3453357,3801793,2545414,12859956,261071,440266,2884352,15055569,363954,4291647,9485730,1219624,1975523,1084998,18355997,1090353,1646054,493429,613129,1079522,532074,838478,3368859,2621681,1876423,5872975,2119722,1181351,725839,889487,912830,13070854
2026-02-09,10947144,9374183,150836,3254267,1641119,9161795,1463425,1754540,2567599,41986270,407901,8505306,589652,4642241,1257564,1468106,2774451,3976429,744196,519459,2093474,821525,738879,1431689,6689177,17791474,1150563,3448189,3796105,2541606,12840716,260679,439610,2880040,15033041,363410,4285223,9471538,1217800,1972571,1083374,18328533,1088721,1643590,492693,612209,1077906,531274,837222,3363819,2617761,1873615,5864191,2116554,1179583,724751,888159,911462,13051302
2026-02-10,10926644,9356623,150556,3248177,1638049,9144635,1460685,1751250,2562789,41907630,407141,8489376,588552,4633551,1255204,1465356,2769251,3968979,742806,518489,2089554,819985,737499,1429009,6676647,17758154,1148413,3441729,3788995,2536846,12816666,260189,724715,2874650,15004881,362730,4277193,9453798,1215520,1968881,1081344,18294203,1086681,1640510,491773,611059,1075886,530274,835652,3357519,2612861,1870105,5853211,2112594,1177373,723391,886499,909752,13026862
2026-02-11,10916369,9347823,150416,3245122,1636509,9136035,1459310,1749605,2560379,41868225,406756,8481391,587997,4629196,1254024,1463976,2766646,3965249,742106,517999,2087589,819215,736804,1427664,6670367,17741454,1147333,3438494,3785430,2534461,12804616,259944,724300,2871945,14990771,362390,4273173,9444908,1214375,1967031,1080329,18277003,1085661,1638965,491313,610484,1074876,529774,834867,3354364,2610406,1868345,5847706,2110609,1176268,722711,885664,908897,13014612
2026-02-12,10842569,9284607,149408,3223198,1625457,9074259,1449446,1737761,2543063,41585157,404020,8424043,584037,4597912,1245528,1454076,2747926,3938429,737102,514507,2073477,813671,731836,1418016,6625259,17621502,1139593,3415238,3759834,2517325,12718036,258180,721348,2852541,14889395,359942,4244265,9381044,1206167,1953747,1073021,18153415,1078317,1627877,488001,606344,1067604,526210,829215,3331684,2592766,1855709,5808178,2096353,1168312,717815,879688,902741,12926628
2026-02-13,10815919,9261779,149044,3215281,1621466,9051951,1445884,1733484,2536810,41482938,403032,8403334,582607,4586615,1242460,1450501,2741166,3928744,735295,513246,2068381,811669,730042,1414532,6608970,17578186,1136798,3406840,3750591,2511137,12686771,257543,719580,2845534,14852787,359058,4233826,9357982,1203203,1948950,1070382,18108786,1075665,1623873,486805,604849,1064978,524923,827174,3323494,2586396,1851146,5793904,2091205,1165439,716047,877530,900518,12894856
2026-02-17,10871269,9309191,149800,3231724,1629755,9098283,1453282,1742367,2549797,41695266,405084,8446345,585577,4610078,1248832,1457926,2755206,3948859,739048,515865,2078965,815827,733768,1421768,6642801,17668150,1142603,3424282,3769788,2523989,12751706,258866,723252,2860087,14928819,360894,4255507,9405880,1209359,1958913,1075863,18201477,1081173,1632189,489289,607954,1070432,527623,831413,3340504,2599626,1860623,5823550,2101897,1171406,719719,882012,905135,12960844
2026-02-18,10883575,9319733,149968,3235384,1631603,9108585,1454926,1744341,2552683,41742468,405540,8455909,586237,4615298,1250248,1459576,2758326,3953329,739882,516447,2081317,816751,734596,1423376,6650319,17688154,1143899,3428158,3774054,2526845,12766142,259160,724068,2863327,14945721,361302,4260325,9416530,1210727,1961133,1077081,18222081,1082397,1634037,489841,608644,1071644,528223,832355,3344284,2602572,1862729,5830144,2104279,1172732,720535,883008,906161,12975520
2026-02-19,10863065,9302163,149688,3229284,1628523,9091415,1452186,1741051,2547873,41663788,404780,8439969,585137,4606598,1247888,1456826,2753126,3945879,738492,515477,2077397,815211,733216,1420696,6637789,17654814,1141739,3421698,3766944,2522085,12742082,258670,722708,2857927,14917551,360622,4252295,9398780,1208447,1957433,1075051,18187741,1080357,1630957,488921,607494,1069624,527223,830785,3337984,2597662,1859219,5819154,2100309,1170522,719175,881348,904451,12951060
2026-02-20,10848708,9289864,149492,3225014,1626367,9079396,1450268,1738748,2544506,41608712,404248,8428811,584367,4600508,1246236,1454901,2749486,3940664,737519,514798,2074653,814133,732250,1418820,6629018,17631476,1140227,3417176,3761967,2518753,12725240,258327,721756,2854147,14897832,360146,4246674,9386355,1206851,1954843,1073630,18163703,1078929,1628801,488277,606689,1068210,526523,829686,3333574,2594225,1856762,5811461,2097530,1168975,718223,880186,903254,12933938
2026-02-23,10832300,9275808,149268,3220134,1623903,9065660,1448076,1736116,2540658,41545768,403640,8416059,583487,4593548,1244348,1452701,2745326,3934704,736407,514022,2071517,812901,731146,1416676,6618994,17604804,1138499,3412008,3756279,2514945,12705992,257935,720668,2849827,14875296,359602,4240250,9372155,1205027,1951883,1072006,18136231,1077297,1626337,487541,605769,1066594,525723,828430,3328534,2590297,1853954,5802669,2094354,1167207,717135,878858,901886,12914370
2026-02-24,10865116,9303920,149716,3229894,1628831,9093132,1452460,1741380,2548354,41671656,404856,8441563,585247,4607468,1248124,1457101,2753646,3946624,738631,515574,2077789,815365,733354,1420964,6639042,17658148,1141955,3422344,3767655,2522561,12744488,258719,722844,2858467,14920368,360690,4253098,9400555,1208675,1957803,1075254,18191191,1080561,1631265,489013,607609,1069826,527323,830942,3338614,2598153,1859570,5820253,2100706,1170743,719311,881514,904622,12953506
2026-02-25,10897126,9331290,150156,3239394,1633631,9119902,1456800,1746470,2555864,41794336,406016,8466403,586947,4621068,1251884,1461351,2761726,3958234,740821,517104,2083909,817705,734734,1425164,6658612,17710188,1144115,3432404,3774765,2530001,12782048,259209,724204,2866967,14964338,361370,4265628,9428205,1212255,1963583,1078384,18244731,1082601,1636045,490533,609399,1072966,528843,833412,3348414,2605823,1865040,5837403,2106976,1174193,721471,884094,907292,12991666
2026-02-26,10938166,9366450,150716,3251594,1639791,9154262,1462280,1753050,2565484,41951776,407536,8498303,589167,4638468,1256604,1466851,2772126,3973154,743621,519044,2091769,820785,737514,1430524,6683692,17776908,1148435,3445324,3789005,2539541,12830188,260189,726924,2877767,15020718,362730,4281688,9463725,1216815,1970983,1082444,18313451,1086681,1642205,492373,611699,1077006,530843,836552,3361034,2615643,1872060,5859383,2114916,1178613,724191,887434,910712,13040606
2026-02-27,11024350,9440286,151892,3277214,1652727,9226418,1473788,1766868,2585686,42282400,410728,8565293,593829,4675008,1266516,1478401,2793966,4004486,749501,523118,2108275,827253,743352,1441780,6736360,17917020,1157507,3472456,3818909,2559575,12931282,262247,732636,2900447,15139074,365586,4315414,9538317,1226391,1986523,1090970,18457763,1095249,1655141,496237,616529,1085490,535043,843146,3387536,2636265,1886802,5905541,2131590,1187895,729903,894448,917894,13143380
2026-03-02,10977154,9399852,151248,3263184,1645643,9186904,1467486,1759301,2574623,42101344,408980,8528608,591276,4654998,1261088,1472076,2782006,3987328,746281,520887,2099236,823711,740155,1435616,6707518,17840292,1152539,3457598,3802533,2548604,12875921,261120,729509,2888027,15074260,364022,4296945,9497469,1221147,1978013,1086301,18378735,1090557,1648057,494121,613884,1080844,532743,839535,3373023,2624972,1878729,5880264,2122459,1182812,726775,890607,913961,13087099
2026-03-03,10952530,9378756,150912,3255864,1641947,9166288,1464198,1755353,2568851,42006880,408068,8509468,589944,4644558,1258256,1468776,2775766,3978376,744601,519723,2094520,821863,738487,1432400,6692470,17800260,1149947,3449846,3793989,2542880,12847037,260532,727876,2881547,15040432,363206,4287309,9476157,1218411,1973573,1083865,18337503,1088109,1644361,493017,612504,1078420,531543,837651,3365451,2619080,1874517,5867076,2117695,1180160,725143,888603,911909,13057735
2026-03-04,10864294,9303162,149708,3229634,1628703,9092414,1452416,1741206,2548168,41668384,404800,8440883,585171,4607148,1248108,1456951,2753406,3946298,738581,515552,2077621,815241,732510,1420876,6638548,17656812,1140659,3422068,3763373,2522369,12743493,258425,722028,2858327,14919215,360282,4252780,9399789,1208607,1957663,1075136,18189755,1079337,1631117,489061,607559,1069734,527243,830900,3338318,2597967,1859424,5819819,2100624,1170657,719295,881422,904556,12952514
2026-03-05,10884814,9320742,149988,3235734,1631783,9109594,1455156,1744496,2552978,41747104,405560,8456833,586281,4615848,1250468,1459701,2758606,3953758,739981,516522,2081551,816781,733900,1423556,6651088,17690172,1142819,3428528,3770493,2527139,12767573,258915,723388,2863727,14947405,360962,4260810,9417549,1210887,1961363,1077166,18224115,1081377,1634197,489981,608709,1071754,528243,832470,3344628,2602877,1862934,5830809,2104594,1172867,720655,883092,906266,12976984
2026-03-06,10780147,9231084,148560,3204624,1616075,9021976,1441182,1727717,2528447,41345617,401684,8375488,580620,4571478,1238432,1445676,2732086,3915712,732841,511575,2061508,808927,726811,1409888,6587134,17520036,1131803,3395567,3734181,2502812,12644765,256416,716452,2836187,14803636,357494,4219857,9326973,1199259,1942493,1066813,18048864,1070973,1618489,485289,602844,1061452,523143,824463,3312447,2577836,1845033,5774745,2084347,1161596,713719,874575,897545,12852187
2026-03-09,10765776,9218778,148364,3200354,1613919,9009950,1439264,1725414,2525080,41290513,401152,8364323,579843,4565388,1236780,1443751,2728446,3910490,731861,510896,2058757,807849,725838,1408012,6578356,17496684,1130291,3391038,3729197,2499473,12627909,256073,715500,2832407,14783903,357018,4214236,9314541,1197663,1939903,1065392,18024805,1069545,1616333,484645,602039,1060038,522443,823364,3308030,2574399,1842576,5767045,2081568,1160049,712767,873406,896348,12835058
2026-03-10,10743193,9199440,148056,3193644,1610531,8991041,1436239,1721795,2519778,41203888,400305,8346778,578622,4555807,1234184,1440726,2722726,3902284,730321,509829,2054434,806155,724309,1405053,6564551,17459977,1127915,3383921,3721365,2494226,12601410,255534,714004,2826467,14752883,356270,4205392,9294994,1195155,1935833,1063159,17986987,1067301,1612945,483633,600774,1057816,521343,821637,3301089,2568998,1838715,5754945,2077201,1157618,711271,871569,894467,12808130
2026-03-11,10737031,9194163,147972,3191814,1609607,8985884,1435414,1720808,2518332,41180260,400074,8341990,578289,4553194,1233476,1439901,2721166,3900046,729901,509538,2053255,805693,723892,1404246,6560786,17449963,1127267,3381980,3719229,2492795,12594183,255387,713596,2824847,14744423,356066,4202980,9289663,1194471,1934723,1062550,17976673,1066689,1612021,483357,600429,1057210,521043,821166,3299196,2567525,1837662,5751645,2076010,1156955,710863,871068,893954,12800786
2026-03-12,10704167,9166019,147524,3182054,1604679,8958380,1431014,1715544,2510620,41054244,398842,8316454,576513,4539258,1229700,1435501,2712846,3888110,727661,507986,2046967,803229,721668,1399942,6540706,17396555,1123811,3371628,3707837,2485163,12555639,254603,711420,2816207,14699303,354978,4190116,9261231,1190823,1928803,1059302,17921665,1063425,1607093,481885,598589,1053978,519443,818654,3289100,2559669,1832046,5734045,2069658,1153419,708687,868396,891218,12761618
2026-03-13,10691843,9155465,147356,3178394,1602831,8948066,1429364,1713570,2507728,41006988,398380,8306878,575847,4534032,1228284,1433851,2709726,3883634,726821,507404,2044609,802305,720834,1398328,6533176,17376527,1122515,3367746,3703565,2482301,12541185,254309,710604,2812967,14682383,354570,4185292,9250569,1189455,1926583,1058084,17901037,1062201,1605245,481333,597899,1052766,518843,817712,3285314,2556723,1829940,5727445,2067276,1152093,707871,867394,890192,12746930
2026-03-16,10743193,9199440,148056,3193669,1610531,8991041,1436239,1721795,2519778,41203938,400305,8346778,578622,4555807,1234184,1440726,2722751,3902284,730321,509829,2054434,806155,724309,1405053,6564551,17459977,1127915,3383921,3721365,2494226,12601410,255534,714004,2826467,14752908,356270,4205392,9294994,1195180,1935833,1063159,17987012,1067301,1612945,483633,600774,1057816,521343,821637,3301089,2568998,1838740,5754945,2077201,1157618,711271,871569,894467,12808155
2026-03-17,10745248,9201200,148084,3194280,1610839,8992761,1436514,1722124,2520260,41211819,400382,8348375,578733,4556678,1234420,1441002,2723272,3903030,730461,509927,2054827,806309,724448,1405322,6565807,17463317,1128131,3384568,3722078,2494703,12603820,255583,714140,2827008,14755730,356338,4206196,9296772,1195409,1936203,1063362,17990452,1067505,1613254,483725,600889,1058018,521443,821794,3301720,2569489,1839092,5756046,2077598,1157839,711407,871736,894638,12810605
2026-03-18,10792513,9241680,148728,3208333,1617923,9032321,1442839,1729691,2531346,41393082,402153,8385106,581286,4576711,1239848,1447350,2735255,3920188,733681,512181,2063866,809851,727645,1411509,6594695,17540137,1133099,3399449,3738477,2505674,12659250,256710,717268,2839451,14820636,357902,4224688,9337666,1200676,1944713,1068031,18069595,1072197,1620361,485841,603534,1062664,523743,825405,3316233,2580782,1847188,5781369,2086729,1162922,714535,875577,898571,12866955
2026-03-19,10788403,9238160,148672,3207111,1617307,9028881,1442289,1729033,2530382,41377318,401999,8381912,581064,4574969,1239376,1446798,2734213,3918696,733401,511985,2063080,809543,727367,1410971,6592183,17533457,1132667,3398155,3737051,2504720,12654430,256612,716996,2838369,14814992,357766,4223080,9334110,1200218,1943973,1067625,18062713,1071789,1619743,485657,603304,1062260,523543,825091,3314971,2579800,1846484,5779167,2085935,1162480,714263,875243,898229,12862055
2026-03-20,10855763,9312630,148772,3090021,1615597,9081831,1450669,1722543,2545572,41619668,404309,8431042,584514,4605319,1241456,1434558,2750193,3941726,737881,514965,2070370,805233,732437,1423951,6630793,17640587,1145307,3419755,3766101,2521170,12728670,244492,717916,2817219,14907122,360206,4247790,9384370,1223678,1928553,1074245,18168543,1079239,1629213,488447,606834,1066390,526623,829931,3336091,2599580,1859274,5800547,2084315,1145860,717943,882763,896609,12937365
2026-03-23,10855763,9312630,148772,3090021,1615597,9081831,1450669,1722543,2545572,41619668,404309,8431042,584514,4605319,1241456,1434558,2750193,3941726,737881,514965,2070370,805233,732437,1423951,6630793,17640587,1145307,3419755,3766101,2521170,12728670,244492,717916,2817219,14907122,360206,4247790,9384370,1223678,1928553,1074245,18168543,1079239,1629213,488447,606834,1066390,526623,829931,3336091,2599580,1859274,5800547,2084315,1145860,717943,882763,896609,12937365
2026-03-24,10839339,9298534,148548,3085349,1613149,9068087,1448477,1719935,2541716,41556684,403701,8418282,583626,4598351,1239576,1432390,2746033,3935758,736761,514189,2067234,804017,731325,1421799,6620761,17613891,1143571,3414579,3760405,2517354,12709406,244124,716828,2812955,14884562,359662,4241366,9370170,1221830,1925633,1072621,18141047,1077607,1626749,487711,605914,1064774,525823,828675,3331043,2595644,1856458,5791771,2081163,1144124,716855,881427,895249,12917789
2026-03-25,10876293,9330250,149052,3095861,1618657,9099011,1453409,1725803,2550392,41698398,405069,8446992,585624,4614029,1243806,1437268,2755393,3949186,739281,515935,2074290,806753,733827,1426641,6643333,17673957,1147477,3426225,3773221,2525940,12752750,244952,719276,2822549,14935322,360886,4255820,9402120,1225988,1932203,1076275,18202913,1081279,1632293,489367,607984,1068410,527623,831501,3342401,2604500,1862794,5811517,2088255,1148030,719303,884433,898309,12961835
2026-03-26,10802385,9266818,148044,3074837,1607641,9037163,1443545,1714067,2533040,41414970,402333,8389572,581628,4582673,1235346,1427512,2736673,3922330,734241,512443,2060178,801281,728823,1416957,6598189,17553825,1139665,3402933,3747589,2508768,12666062,243296,714380,2803361,14833802,358438,4226912,9338220,1217672,1919063,1068967,18079181,1073935,1621205,486055,603844,1061138,524023,825849,3319685,2586788,1850122,5772025,2074071,1140218,714407,878421,892189,12873743
2026-03-27,10806491,9270342,148100,3076005,1608253,9040599,1444093,1714719,2534004,41430714,402485,8392762,581850,4584415,1235816,1428054,2737713,3923822,734521,512637,2060962,801585,729101,1417495,6600697,17560499,1140099,3404227,3749013,2509722,12670878,243388,714652,2804427,14839442,358574,4228518,9341770,1218134,1919793,1069373,18086055,1074343,1621821,486239,604074,1061542,524223,826163,3320947,2587772,1850826,5774219,2074859,1140652,714679,878755,892529,12878637
