date,rl_shares,lvs_shares,cmg_shares,nvr_shares,abnb_shares,ulta_shares,phm_shares,cvna_shares,wynn_shares,mar_shares,yum_shares,dash_shares,ccl_shares,rost_shares,nke_shares,gpc_shares,lulu_shares,f_shares,mcd_shares,has_shares,deck_shares,hd_shares,aptv_shares,len_shares,nclh_shares,ebay_shares,rcl_shares,amzn_shares,tpr_shares,orly_shares,pool_shares,wsm_shares,bby_shares,tsco_shares,dri_shares,low_shares,sbux_shares,dhi_shares,gm_shares,grmn_shares,hlt_shares,tsla_shares,tjx_shares,bkng_shares,expe_shares,azo_shares,mgm_shares,dpz_shares
2025-03-31,226360,1950214,7691780,16983,2456597,263150,1148975,,508378,1298642,1583789,1925397,5946306,1872363,6703801,789056,635904,22091133,2982218,744198,861378,3995271,1302127,1325226,2495457,2718361,1405201,22943611,1174888,326208,215956,698653,1104152,3031687,664822,3201812,6431180,1609531,5646852,871796,1365494,11254470,6374537,187798,699925,95229,1269633,196018
2025-04-01,226360,1950214,7691780,16983,2456597,263150,1148975,,508378,1298642,1583789,1925397,5946306,1872363,6703801,789056,635904,22091133,2982218,744198,861378,3995271,1302127,1325226,2495457,2718361,1405201,22943611,1174888,326208,215956,698653,1104152,3031687,664822,3201812,6431180,1609531,5646852,871796,1365494,11254470,6374537,187798,699925,95229,1269633,196018
2025-04-03,222292,1915294,7554080,16695,2412605,258434,1128419,,499270,1275386,1555421,1890945,5839854,1838847,6583813,774944,624528,21695673,2928830,730878,845970,3923739,1278835,1301502,2450781,2669689,1380037,22534915,1153864,320376,212104,686161,1084388,2977435,652906,3146664,6329600,1580731,5545764,856172,1341050,11052978,6264545,184450,687397,93537,1246917,192526
2025-04-07,217207,1871644,7381955,16335,2357615,252539,1102724,,487885,1246316,1519961,1847880,5706789,1796952,6433828,757304,610308,21201348,2862095,714228,826710,3834324,1249720,1271847,2394936,2608849,1348582,22021420,1127584,313086,207289,670546,1059683,2909620,638011,3074979,6185375,1544731,5419404,836642,1310495,10801113,6121805,180265,671737,91422,1218522,188161
2025-04-16,219919,1894924,7473755,16527,2386943,255683,1116428,,493957,1261820,1538873,1870848,5777757,1819296,6513820,766712,617892,21465001,2897687,723108,836982,3882012,1265248,1287663,2424720,2641297,1365358,22295284,1141600,316974,209857,678874,1072859,2945803,645955,3113211,6262305,1563931,5486796,847071,1326791,10936741,6197933,182497,680089,92550,1233666,190489
2025-04-22,219919,1894924,7473755,16527,2386943,255683,1116428,,493957,1261820,1538873,1870848,5777757,1819296,6513828,766712,617892,21465001,2897687,723108,836982,3882012,1265247,1287663,2424720,2641297,1365358,22295284,1141600,316974,209857,678874,1072859,2945802,645955,3113211,6262305,1563931,5486796,847071,1326791,10936741,6197933,182497,680089,92550,1233666,190489
2025-04-23,220936,1903654,7508180,16599,2397941,256862,1121567,,496234,1267634,1545965,1879461,5804370,1827675,6543825,770240,620736,21563866,2911034,726438,840834,3899895,1271079,1293594,2435889,2653465,1371649,22397983,1146856,318432,210820,681997,1077800,2959374,648934,3127548,6291159,1571131,5512068,850977,1332902,10987114,6226481,183334,683221,92973,1239345,191362
2025-04-25,220936,1903654,7508180,16599,2397941,256862,1121567,,496234,1267634,1545965,1879461,5804370,1827675,6543825,770240,620736,21563866,2911034,726438,840834,3899895,1271079,1293594,2435889,2653465,1371649,22397983,1146856,318432,210820,681997,1077800,2959374,648934,3127548,6291159,1571131,5512068,850977,1332902,10987114,6226481,183334,683221,92973,1239345,191362
2025-04-28,220145,1896864,7481398,16543,2389387,255945,1117570,,494463,1263112,1540449,1872755,5783671,1821158,6520487,767496,618524,21486957,2900653,723848,837838,3886386,1266543,1288981,2427202,2644001,1366756,22319192,1142768,317298,210071,679568,1073957,2948818,646617,3116390,6268717,1565524,5492405,847939,1328149,10947921,6204270,182683,680785,92644,1234928,190683
2025-05-13,220371,1898804,7489050,16559,2391831,256207,1118712,,494969,1264404,1542025,1874671,5789591,1823020,6527155,768280,619156,21508931,2903619,724588,838694,3890360,1267839,1290299,2429684,2646705,1368154,22342824,1143936,317622,210285,680262,1075055,2951834,647279,3119578,6276429,1567126,5498027,848807,1329507,10959519,6211416,182869,681481,92738,1236190,190877
2025-05-14,220371,1898804,7489050,16559,2391831,256207,1118712,,494969,1264404,1542025,1874671,5789591,1823020,6527155,768280,619156,21508931,2903619,724588,838694,3890360,1267839,1290299,2429684,2646705,1368154,22342824,1143936,317622,210285,680262,1075055,2951834,647279,3119578,6276429,1567126,5498027,848807,1329507,10959519,6211416,182869,681481,92738,1236190,190877
2025-05-16,220371,1898804,7489050,16559,2391831,256207,1118712,,494969,1264404,1542025,1874671,5789591,1823020,6527155,768280,619156,21508931,2903619,724588,838694,3890360,1267839,1290299,2429684,2646705,1368154,22342824,1143936,317622,210285,680262,1075055,2951834,647279,3119578,6276429,1567126,5498027,848807,1329507,10959519,6211416,182869,681481,92738,1236190,190877
2025-05-19,220371,1898804,7489050,16559,2391831,256207,1118712,,494969,1264404,1542025,1874671,5789591,1823020,6527155,768280,619156,21508931,2903619,724588,838694,3890360,1267839,1290299,2429684,2646705,1368154,22342824,1143936,317622,210285,680262,1075055,2951834,647279,3119578,6276429,1567126,5498027,848807,1329507,10959519,6211416,182869,681481,92738,1236190,190877
2025-05-20,220371,1898804,7489050,16559,2391831,256207,1118712,,494969,1264404,1542025,1874671,5789591,1823020,6527155,768280,619156,21508931,2903619,724588,838694,3890360,1267839,1290299,2429684,2646705,1368154,22342824,1143936,317622,210285,680262,1075055,2951834,647279,3119578,6276429,1567126,5498027,848807,1329507,10959519,6211416,182869,681481,92738,1236190,190877
2025-05-21,225791,1945456,7673028,16935,2450667,262534,1146185,,507113,1295468,1579923,1920652,5931857,1867842,6687399,787131,634305,22037327,2975312,742378,859245,3986105,1298973,1321993,2489339,2711781,1401742,22892149,1171983,325426,215449,696911,1101440,3024259,663210,3196675,6430720,1605613,5633047,869696,1362120,11229119,6364244,187374,698237,95009,1266580,195497
2025-07-07,231647,1969969,7825751,16982,2506828,262228,1164118,,511148,1320398,1614475,1991431,6098289,1909931,6842651,806118,642032,22685041,3292036,765061,881533,4090598,1264618,1348571,2595142,2677577,1451090,23812057,1206306,4965046,218359,714060,1118856,3079522,679710,3250880,6600431,1605748,5584201,894651,1380607,11532824,6484801,181708,706260,97164,1201326,198880
2025-07-08,231647,1969969,7825751,16982,2506828,262228,1164118,,511148,1320398,1614475,1991431,6098289,1909931,6842651,806118,642032,22685041,3292036,765061,881533,4090598,1264618,1348571,2595142,2677577,1451090,23812057,1206306,4965046,218359,714060,1118856,3079522,679710,3250880,6600431,1605748,5584201,894651,1380607,11532824,6484801,181708,706260,97164,1201326,198880
2025-07-09,229967,1955629,7768766,16862,2488573,260323,1155643,,507428,1310783,1602715,1976926,6053889,1896026,6792821,800253,637352,22519861,3268066,759496,875113,4060808,1255408,1338746,2576242,2658077,1440530,23638672,1197516,4928896,216769,708855,1110711,3057097,674760,3227210,6552371,1594063,5543536,888141,1370557,11448854,6437581,180388,701115,96459,1192581,197425
2025-07-10,229631,1952761,7757369,16838,2484922,259942,1153948,,506684,1308860,1600363,1974025,6045009,1893245,6782855,799080,636416,22486825,3263272,758383,873829,4054850,1253566,1336781,2572462,2654177,1438418,23603995,1195758,4921666,216451,707814,1109082,3052612,673770,3222476,6542759,1591726,5535403,886839,1368547,11432060,6428137,180124,700086,96318,1190832,197134
2025-07-11,230079,1956585,7772565,16870,2489790,260450,1156208,,507676,1311424,1603499,1977893,6056849,1896953,6796143,800644,637664,22530873,3269664,759867,875541,4062794,1256022,1339401,2577502,2659377,1441234,23650231,1198102,4931306,216875,709202,1111254,3058592,675090,3228788,6555575,1594842,5546247,888575,1371227,11454452,6440729,180476,701458,96506,1193164,197522
2025-07-14,230303,1958497,7780163,16886,2492224,260704,1157338,,508172,1312706,1605067,1979827,6062769,1898807,6802787,801426,638288,22552899,3272860,760609,876397,4066766,1257250,1340711,2580022,2661977,1442642,23673351,1199274,4936126,217087,709896,1112340,3061582,675750,3231944,6561983,1596402,5551669,889443,1372567,11465650,6447025,180652,702144,96600,1194330,197716
2025-07-15,230639,1961365,7791560,16910,2495875,261085,1159033,,508916,1314629,1607419,1982728,6071649,1901588,6812753,802599,639224,22585938,3277654,761722,877681,4072724,1259092,1342676,2583802,2665877,1444754,23708031,1201032,4943356,217405,710937,1113969,3066067,676740,3236678,6571595,1598742,5559802,890745,1374577,11482447,6456469,180916,703173,96741,1196079,198007
2025-07-16,230975,1964233,7802957,16934,2499526,261466,1160728,,509660,1316552,1609771,1985629,6080529,1904369,6822719,803772,640160,22618974,3282448,762835,878965,4078682,1260934,1344641,2587582,2669777,1446866,23742711,1202790,4950586,217723,711978,1115598,3070552,677730,3241412,6581207,1601082,5567935,892047,1376587,11499244,6465913,181180,704202,96882,1197828,198298
2025-07-17,228287,1941289,7711781,16742,2470318,258418,1147168,,503708,1301168,1590955,1962421,6009489,1882121,6742991,794388,632672,22354686,3244096,753931,868693,4031018,1246198,1328921,2557342,2638577,1429970,23465271,1188726,4892746,215179,703650,1102566,3034672,669810,3203540,6504311,1582362,5502871,881631,1360507,11364868,6390361,179068,695970,95754,1183836,195970
2025-07-18,228847,1946069,7730776,16782,2476403,259053,1149993,,504948,1304373,1594875,1967256,6024289,1886756,6759601,796343,634232,22409746,3252086,755786,870833,4040948,1249268,1332196,2563642,2645077,1433490,23523071,1191656,4904796,215709,705385,1105281,3042147,671460,3211430,6520331,1586262,5516426,883801,1363857,11392863,6406101,179508,697685,95989,1186751,196455
2025-07-21,228623,1944157,7723178,16766,2473969,258799,1148863,,504452,1303091,1593307,1965322,6018369,1884902,6752957,795561,633608,22387722,3248890,755044,869977,4036976,1248040,1330886,2561122,2642477,1432082,23499951,1190484,4899976,215497,704691,1104195,3039157,670800,3208274,6513923,1584702,5511004,882933,1362517,11381665,6399805,179332,696999,95895,1185585,196261
2025-07-22,228399,1942245,7715580,16750,2471535,258545,1147733,,503956,1301809,1591739,1963388,6012449,1883048,6746313,794779,632984,22365696,3245694,754302,869121,4033004,1246812,1329576,2558602,2639877,1430674,23476831,1189312,4895156,215285,703997,1103109,3036167,670140,3205118,6507515,1583142,5505582,882065,1361177,11370467,6393509,179156,696313,95801,1184419,196067
2025-07-23,228623,1944157,7723178,16766,2473969,258799,1148863,,504452,1303091,1593307,1965322,6018369,1884902,6752957,795561,633608,22387722,3248890,755044,869977,4036976,1248040,1330886,2561122,2642477,1432082,23499951,1190484,4899976,215497,704691,1104195,3039157,670800,3208274,6513923,1584702,5511004,882933,1362517,11381665,6399805,179332,696999,95895,1185585,196261
2025-07-24,227839,1937465,7697902,16710,2465880,257910,1145133,,502716,1298829,1588113,1958890,5998773,1878746,6730841,792824,631557,22314630,3238229,752447,866981,4023725,1243742,1326565,2552302,2633865,1427384,23422732,1186382,4883926,214755,702413,1100394,3029265,668623,3197752,6492568,1579528,5493010,880051,1358056,11344269,6378815,178741,694740,95579,1181504,195582
2025-07-25,226271,1924081,7644702,16598,2448842,256132,1137223,,499244,1289855,1577137,1945352,5957319,1865768,6684333,787350,627189,22160434,3215857,747253,860989,3995921,1235146,1317395,2534662,2615665,1417514,23260864,1178178,4850172,213271,697555,1092792,3008335,664003,3175660,6447698,1568608,5455056,873975,1348676,11265869,6334729,177509,689938,94921,1173342,194224
2025-07-28,225711,1919301,7625702,16558,2442757,255497,1134398,,498004,1286650,1573217,1940517,5942514,1861133,6667723,785395,625629,22105364,3207867,745398,858849,3985991,1232076,1314120,2528362,2609165,1413989,23203059,1175248,4838117,212741,695820,1090077,3000860,662353,3167770,6431673,1564708,5441501,871805,1345326,11237869,6318984,177069,688223,94686,1170427,193739
2025-07-29,225711,1919301,7625702,16558,2442757,255497,1134398,,498004,1286650,1573217,1940517,5942514,1861133,6667723,785395,625629,22105364,3207867,745398,858849,3985991,1232076,1314120,2528362,2609165,1413989,23203059,1175248,4838117,212741,695820,1090077,3000860,662353,3167770,6431673,1564708,5441501,871805,1345326,11237869,6318984,177069,688223,94686,1170427,193739
2025-07-30,225711,1919301,7625702,16558,2442757,255497,1134398,,498004,1286650,1573217,1940517,5942514,1861133,6667723,785395,625629,22105364,3207867,745398,858849,3985991,1232076,1314120,2528362,2609165,1413989,23203059,1175248,4838117,212741,695820,1090077,3000860,662353,3167770,6431673,1564708,5441501,871805,1345326,11237869,6318984,177069,688223,94686,1170427,193739
2025-07-31,226047,1922169,7637102,16582,2446408,255878,1136093,,498748,1288573,1575569,1943418,5951397,1863914,6677689,786568,626565,22138406,3212661,746511,860133,3991949,1233918,1316085,2532142,2613065,1416104,23237742,1177006,4845350,213059,696861,1091706,3005345,663343,3172504,6441288,1567048,5449634,873107,1347336,11254669,6328431,177333,689252,94827,1172176,194030
2025-08-01,222351,1890621,7511702,16318,2406247,251687,1117448,,490564,1267420,1549697,1911507,5853684,1833323,6568063,773665,616269,21774944,3159927,734268,846009,3926411,1213656,1294470,2490562,2570165,1392839,22856229,1157668,4765787,209561,685410,1073787,2956010,652453,3120430,6335523,1541308,5360171,858785,1325226,11069902,6224514,174429,677933,93276,1152937,190829
2025-08-04,223135,1897313,7538302,16374,2414766,252576,1121403,,492300,1271907,1555185,1918276,5874411,1839812,6591317,776402,618453,21852042,3171113,736865,849005,3940313,1217954,1299055,2499382,2579265,1397774,22937156,1161770,4782664,210303,687839,1077588,2966475,654763,3131476,6357958,1546768,5379148,861823,1329916,11109095,6246557,175045,680334,93605,1157018,191508
2025-08-05,223583,1901137,7553502,16406,2419634,253084,1123663,,493292,1274471,1558321,1922144,5886255,1843520,6604605,777966,619701,21896098,3177505,738349,850717,3948257,1220410,1301675,2504422,2584465,1400594,22983400,1164114,4792308,210727,689227,1079760,2972455,656083,3137788,6370778,1549888,5389992,863559,1332596,11131491,6259153,175397,681706,93793,1159350,191896
2025-08-06,224031,1904961,7568702,16438,2424502,253592,1125923,,494284,1277035,1561457,1926012,5898099,1847228,6617893,779530,620949,21940154,3183897,739833,852429,3956201,1222866,1304295,2509462,2589665,1403414,23029648,1166458,4801952,211151,690615,1081932,2978435,657403,3144100,6383598,1553008,5400836,865295,1335276,11153891,6271749,175749,683078,93981,1161682,192284
2025-08-07,223695,1902093,7557302,16414,2420851,253211,1124228,,493540,1275112,1559105,1923111,5889216,1844447,6607927,778357,620013,21907112,3179103,738720,851145,3950243,1221024,1302330,2505682,2585765,1401299,22994962,1164700,4794719,210833,689574,1080303,2973950,656413,3139366,6373983,1550668,5392703,863993,1333266,11137091,6262302,175485,682049,93840,1159933,191993
2025-08-08,223471,1900179,7549702,16398,2418417,252957,1123098,,493044,1273830,1557537,1921177,5883294,1842593,6601283,777575,619389,21885082,3175907,737978,850289,3946271,1219796,1301020,2503162,2583165,1399889,22971838,1163528,4789897,210621,688880,1079217,2970960,655753,3136210,6367573,1549108,5387281,863125,1331926,11125891,6256004,175309,681363,93746,1158767,191799
2025-08-11,222799,1894437,7526902,16350,2411115,252195,1119708,,491556,1269984,1552833,1915375,5865528,1837031,6581351,775229,617517,21818992,3166319,735752,847721,3934355,1216112,1297090,2495602,2575365,1395659,22902466,1160012,4775431,209985,686798,1075959,2961990,653773,3126742,6348343,1544428,5371015,860521,1327906,11092291,6237110,174781,679305,93464,1155269,191217
2025-08-12,222799,1894437,7526902,16350,2411115,252195,1119708,,491556,1269984,1552833,1915375,5865528,1837031,6581351,775229,617517,21818992,3166319,735752,847721,3934355,1216112,1297090,2495602,2575365,1395659,22902466,1160012,4775431,209985,686798,1075959,2961990,653773,3126742,6348343,1544428,5371015,860521,1327906,11092291,6237110,174781,679305,93464,1155269,191217
2025-08-13,223023,1896351,7534502,16366,2413549,252449,1120838,,492052,1271266,1554401,1917309,5871450,1838885,6587997,776011,618141,21841024,3169517,736496,848577,3938327,1217340,1298400,2498122,2577965,1397069,22925592,1161184,4780253,210197,687492,1077045,2964980,654433,3129900,6354753,1545988,5376439,861389,1329246,11103491,6243408,174957,679991,93558,1156435,191411
2025-08-14,223807,1903050,7561102,16422,2422068,253338,1124793,,493788,1275753,1559889,1924078,5892177,1845374,6611258,778748,620325,21918136,3180710,739100,851573,3952229,1221638,1302985,2506942,2587065,1402004,23006533,1165286,4797130,210939,689921,1080846,2975445,656743,3140953,6377188,1551448,5395423,864427,1333936,11142691,6265451,175573,682392,93887,1160516,192090
2025-08-15,223359,1899222,7545902,16390,2417200,252830,1122533,,492796,1273991,1556753,1921248,5880333,1841666,6601434,777184,619077,21874072,3175648,737612,849861,3945793,1219182,1300365,2501902,2581865,1399987,22967998,1162942,4790060,210515,688533,1078674,2969465,655423,3136022,6367540,1548328,5384575,862691,1332061,11124116,6255650,175286,681020,93699,1158184,191702
2025-08-18,223924,1904007,7564907,16430,2423290,253465,1125358,,494036,1277196,1560673,1926083,5895143,1846306,6618049,779144,620637,21929162,3183643,739472,852001,3955728,1222252,1303640,2508202,2588365,1403512,23025823,1165872,4802115,211045,690268,1081389,2976945,657073,3143917,6383570,1552228,5398135,864866,1335416,11152121,6271400,175726,682735,93934,1161099,192187
2025-08-19,224263,1906878,7576310,16454,2426944,253846,1127053,,494780,1279119,1563025,1928984,5904029,1849090,6628021,780320,621573,21962219,3188440,740588,853285,3961689,1224094,1305605,2511985,2592268,1405627,23060524,1167630,4809351,211363,691309,1083018,2981433,658063,3148654,6393188,1554568,5406274,866171,1337429,11168927,6280850,175990,683764,94075,1162851,192478
2025-08-20,223924,1904007,7564907,16430,2423290,253465,1125358,,494036,1277196,1560673,1926083,5895143,1846306,6618049,779144,620637,21929162,3183643,739472,852001,3955728,1222252,1303640,2508202,2588365,1403512,23025823,1165872,4802115,211045,690268,1081389,2976945,657073,3143917,6383570,1552228,5398135,864866,1335416,11152121,6271400,175726,682735,93934,1161099,192187
2025-08-21,224489,1908792,7583924,16470,2429380,254100,1128183,,495276,1280401,1564593,1930918,5909953,1850946,6634669,781104,622197,21984269,3191638,741332,854141,3965663,1225322,1306915,2514507,2594870,1407037,23083658,1168802,4814175,211575,692003,1084116,2984425,658723,3151812,6399600,1556128,5411700,867041,1338771,11180131,6287150,176166,684450,94169,1164019,192672
2025-08-22,226297,1924104,7647804,16598,2449830,256266,1137239,,499244,1290657,1577769,1946390,5959703,1866510,6687853,787376,627189,22169315,3217222,747284,860989,3997455,1235146,1317923,2534683,2616707,1418317,23270219,1178910,4852767,213271,697555,1092820,3009536,664003,3177076,6450896,1569243,5457229,874324,1349507,11270393,6337550,177574,689938,94952,1173363,194371
2025-08-25,225054,1913577,7605982,16510,2436432,254869,1131013,,496516,1283606,1569145,1935753,5927121,1856302,6651289,783064,623757,22048095,3199633,743192,856281,3975598,1228392,1310718,2520812,2602396,1410562,23142982,1172464,4826235,212105,693738,1086836,2993080,660373,3159707,6415630,1560663,5427386,869539,1342126,11208771,6302900,176606,686165,94435,1166939,193304
2025-08-26,225054,1913577,7605982,16510,2436432,254869,1131013,,496516,1283606,1569145,1935753,5927121,1856302,6651289,783064,623757,22048095,3199633,743192,856281,3975598,1228392,1310718,2520812,2602396,1410562,23142982,1172464,4826235,212105,693738,1086836,2993080,660373,3159707,6415630,1560663,5427386,869539,1342126,11208771,6302900,176606,686165,94435,1166939,193304
2025-08-27,224602,1909749,7590774,16478,2431560,254361,1128749,,495524,1281042,1566009,1931885,5915269,1852590,6637993,781496,622509,22004015,3193237,741704,854569,3967650,1225936,1308098,2515768,2597192,1407742,23096710,1170120,4816587,211681,692350,1084660,2987096,659053,3153391,6402806,1557543,5416534,867799,1339442,11186359,6290300,176254,684793,94247,1164603,192916
2025-08-28,225506,1917405,7621190,16542,2441304,255377,1133277,,497508,1286170,1572281,1939621,5938973,1860014,6664585,784632,625005,22092175,3206029,744680,857993,3983546,1230848,1313338,2525856,2607600,1413382,23189254,1174808,4835883,212529,695126,1089012,2999064,661693,3166023,6428454,1563783,5438238,871279,1344810,11231183,6315500,176958,687537,94623,1169275,193692
2025-08-29,225506,1917405,7621190,16542,2441304,255377,1133277,,497508,1286170,1572281,1939621,5938973,1860014,6664585,784632,625005,22092175,3206029,744680,857993,3983546,1230848,1313338,2525856,2607600,1413382,23189254,1174808,4835883,212529,695126,1089012,2999064,661693,3166023,6428454,1563783,5438238,871279,1344810,11231183,6315500,176958,687537,94623,1169275,193692
2025-09-02,227131,1931370,7671883,16646,2457542,257028,1141284,,501169,1294503,1582473,1952192,5977492,1872391,6707797,790330,629444,22235447,3227226,750141,864265,4010048,1239850,1321853,2544489,2624513,1422547,23343072,1182426,4867239,214094,700058,1096986,3018512,666375,3186888,6470144,1573923,5474409,876934,1353533,11305697,6357148,178129,692401,95252,1176867,194953
2025-09-03,227583,1935198,7687095,16678,2462414,257536,1143548,,502161,1297071,1585613,1956064,5989348,1876103,6721101,791898,630692,22279547,3233626,751629,865977,4018000,1242310,1324473,2549533,2629717,1425367,23389364,1184770,4876891,214518,701446,1099162,3024500,667695,3193208,6482976,1577043,5485265,878674,1356217,11328117,6369756,178481,693773,95440,1179203,195341
2025-09-04,230973,1963908,7801185,16918,2498954,261346,1160528,,509601,1316331,1609163,1985104,6078268,1903943,6820881,803658,640052,22610297,3281626,762789,878817,4077640,1260760,1344123,2587363,2668747,1446517,23736554,1202350,4949281,217698,711856,1115482,3069410,677595,3240608,6579216,1600443,5566685,891724,1376347,11496267,6464316,181121,704063,96850,1196723,198251
2025-09-05,231086,1964866,7804990,16926,2500173,261473,1161094,,509850,1316973,1609948,1986072,6081233,1904872,6824208,804050,640364,22621326,3283227,763161,879246,4079629,1261375,1344779,2588625,2670049,1447223,23748131,1202937,4951695,217804,712203,1116026,3070907,677925,3242189,6582425,1601224,5569400,892159,1377018,11501874,6467469,181209,704406,96897,1197307,198348
2025-09-08,230747,1961992,7795152,16918,2497029,261215,1159396,,509103,1315047,1608185,1983618,6074600,1902471,6815802,802874,639428,22596517,3279079,762045,877959,4074477,1259530,1343330,2584839,2667137,1445396,23718108,1201176,4945563,217486,711162,1114394,3067565,676932,3238091,6574514,1599477,5562364,891171,1375203,11487333,6459289,180995,703377,96785,1195555,198057
2025-09-09,230747,1961992,7795152,16918,2497029,261215,1159396,,509103,1315047,1608185,1983618,6074600,1902471,6815802,802874,639428,22596517,3279079,762045,877959,4074477,1259530,1343330,2584839,2667137,1445396,23718108,1201176,4945563,217486,711162,1114394,3067565,676932,3238091,6574514,1599477,5562364,891171,1375203,11487333,6459289,180995,703377,96785,1195555,198057
2025-09-10,230521,1960076,7787542,16902,2494591,260959,1158264,,508605,1313763,1606615,1981682,6068670,1900613,6809148,802090,638804,22574455,3275877,761301,877101,4070499,1258300,1342018,2582315,2664533,1443984,23694950,1200002,4940735,217274,710468,1113306,3064571,676270,3234929,6568094,1597915,5556934,890301,1373861,11476117,6452983,180819,702691,96691,1194387,197863
2025-09-11,232555,1977320,7856050,17046,2516533,263263,1168452,,513087,1325319,1620745,1999106,6122058,1917335,6869034,809146,644420,22773013,3304695,767997,884823,4106301,1269370,1353826,2605031,2687969,1456692,23903372,1210568,4984187,219182,716714,1123098,3091535,682228,3263387,6625874,1611973,5605822,898131,1385939,11577061,6509737,182403,708865,97537,1204899,199609
2025-09-12,232555,1977320,7856050,17046,2516533,263263,1168452,,513087,1325319,1620745,1999106,6122058,1917335,6869034,809146,644420,22773013,3304695,767997,884823,4106301,1269370,1353826,2605031,2687969,1456692,23903372,1210568,4984187,219182,716714,1123098,3091535,682228,3263387,6625874,1611973,5605822,898131,1385939,11577061,6509737,182403,708865,97537,1204899,199609
2025-09-15,230295,1958160,7779930,16886,2492153,260703,1157132,,508107,1312479,1605045,1979746,6062738,1898755,6802474,801306,638180,22552373,3272675,760557,876243,4066521,1257070,1340706,2579791,2661929,1442572,23671772,1198828,4935907,217062,709774,1112218,3061575,675608,3231767,6561674,1596353,5551502,889431,1372519,11464901,6446657,180643,702005,96597,1193219,197669
2025-09-16,230634,1961034,7791348,16910,2495810,261087,1158830,,508854,1314405,1607400,1982650,6071636,1901542,6812458,802482,639116,22585469,3277478,761673,877530,4072488,1258915,1342674,2583577,2665835,1444690,23706512,1200589,4943149,217380,710815,1113850,3066069,676601,3236510,6571304,1598696,5559650,890736,1374532,11481725,6456119,180907,703034,96738,1194971,197960
2025-09-17,230295,1958160,7779930,16886,2492153,260703,1157132,,508107,1312479,1605045,1979746,6062738,1898755,6802474,801306,638180,22552373,3272675,760557,876243,4066521,1257070,1340706,2579791,2661929,1442572,23671772,1198828,4935904,217062,709774,1112218,3061575,675608,3231767,6561674,1596353,5551502,889431,1372519,11464901,6446657,180643,702005,96597,1193219,197669
2025-09-18,230747,1961992,7795154,16918,2497029,261215,1159396,,509103,1315047,1608185,1983618,6074602,1902471,6815786,802874,639428,22596501,3279079,762045,877959,4074477,1259530,1343330,2584839,2667137,1445396,23718092,1201176,4945564,217486,711162,1114394,3067567,676932,3238091,6574514,1599477,5562366,891171,1375203,11487333,6459273,180995,703377,96785,1195555,198057
2025-09-19,220576,1760939,7644087,16362,2446085,256232,1124759,,481295,1284445,1582169,2110272,6189250,1864561,6772605,792930,621729,22284361,3474811,759471,845668,4007445,1241400,1297501,2576392,2605259,1440094,23590243,1186466,4837081,187217,701178,1120509,3021142,667183,3194930,6480060,1580573,5427575,932757,1340787,11302803,6359878,184763,673788,95368,1163769,178049
2025-09-22,221557,1768742,7677945,16434,2456921,257366,1129736,,483428,1290133,1589180,2119614,6216664,1872823,6802602,796440,624483,22383055,3490201,762837,849412,4025193,1246899,1303243,2587804,2616797,1446475,23694724,1191722,4858501,188045,704283,1125468,3034525,670135,3209078,6508761,1587575,5451614,936888,1346727,11352861,6388048,185582,676776,95791,1168926,178841
2025-09-23,221121,1765274,7662897,16402,2452105,256862,1127524,,482480,1287605,1586064,2115462,6204480,1869151,6789270,794880,623259,22339191,3483361,761341,847748,4017305,1244455,1300691,2582732,2611669,1443639,23648288,1189386,4848981,187677,702903,1123264,3028577,668823,3202790,6496005,1584463,5440930,935052,1344087,11330613,6375528,185218,675448,95603,1166634,178489
2025-09-24,221339,1767008,7670421,16418,2454513,257114,1128630,,482954,1288869,1587622,2117538,6210572,1870987,6795936,795660,623871,22361123,3486781,762089,848580,4021249,1245677,1301967,2585268,2614233,1445057,23671506,1190554,4853741,187861,703593,1124366,3031551,669479,3205934,6502383,1586019,5446272,935970,1345407,11341737,6381788,185400,676112,95697,1167780,178665
2025-09-25,221993,1772210,7692993,16466,2461737,257870,1131948,,484376,1292661,1592296,2123766,6228848,1876495,6815934,798000,625707,22426919,3497041,764333,851076,4033081,1249343,1305795,2592876,2621925,1449311,23741160,1194058,4868021,188413,705663,1127672,3040473,671447,3215366,6521517,1590687,5462298,938724,1349367,11375109,6400568,185946,678104,95979,1171218,179193
2025-09-26,221993,1772210,7693618,16466,2461940,257870,1131948,,484376,1292763,1592431,2123923,6228848,1876644,6816450,798000,625707,22428851,3497279,764333,851076,4033357,1249343,1305938,2592876,2622149,1449417,23742664,1194058,4868396,188413,705663,1127672,3040473,671447,3215594,6522004,1590817,5462744,938811,1349473,11375837,6401003,185957,678104,95986,1171218,179193
2025-09-29,222756,1778279,7719952,16522,2470368,258752,1135826,,486035,1297187,1597884,2131196,6250170,1883070,6839781,800730,627849,22505620,3509249,766951,853988,4047161,1253620,1310411,2601752,2631123,1454380,23823927,1198146,4885056,189057,708078,1131529,3050882,673743,3226598,6544327,1596263,5481441,942024,1354093,11414771,6422913,186594,680428,96315,1175229,179809
2025-09-30,222974,1780013,7727476,16538,2472776,259004,1136934,,486509,1298451,1599442,2133274,6256262,1884906,6846447,801510,628461,22527554,3512669,767699,854820,4051105,1254842,1311689,2604288,2633687,1455798,23847145,1199314,4889816,189241,708768,1132631,3053856,674399,3229742,6550705,1597819,5486783,942942,1355413,11425895,6429173,186776,681092,96409,1176375,179985
2025-10-01,223410,1783481,7742524,16570,2477592,259508,1139150,,487457,1300979,1602558,2137430,6268446,1888578,6859779,803070,629685,22571422,3519509,769195,856484,4058993,1257286,1314245,2609360,2638815,1458634,23893581,1201650,4899336,189609,710148,1134835,3059804,675711,3236030,6563461,1600931,5497467,944778,1358053,11448143,6441693,187140,682420,96597,1178667,180337
2025-10-02,222211,1773944,7701142,16482,2464348,258122,1133056,,484850,1294027,1593989,2126001,6234940,1878480,6823116,798780,626319,22450785,3500699,765081,851908,4037301,1250565,1307216,2595412,2624713,1450835,23765882,1195226,4873156,188597,706353,1128774,3043447,672103,3218738,6528382,1592373,5468086,939729,1350793,11386961,6407263,186139,678768,96080,1172364,179369
2025-10-03,220576,1760939,7644712,16362,2446288,256232,1124746,,481295,1284547,1582304,2110416,6189250,1864710,6773121,792930,621729,22286280,3475049,759471,845668,4007721,1241400,1297631,2576392,2605483,1440200,23591747,1186466,4837456,187217,701178,1120509,3021142,667183,3195158,6480547,1580703,5428021,932844,1340893,11303531,6360313,184774,673788,95375,1163769,178049
2025-10-06,220576,1760939,7644712,16362,2446288,256232,1124746,,481295,1284547,1582304,2110416,6189250,1864710,6773121,792930,621729,22286280,3475049,759471,845668,4007721,1241400,1297631,2576392,2605483,1440200,23591747,1186466,4837456,187217,701178,1120509,3021142,667183,3195158,6480547,1580703,5428021,932844,1340893,11303531,6360313,184774,673788,95375,1163769,178049
2025-10-07,221012,1764407,7659760,16394,2451104,256736,1126962,,482243,1287075,1585420,2114568,6201434,1868382,6786453,794490,622953,22330144,3481889,760967,847332,4015609,1243844,1300187,2581464,2610611,1443036,23638183,1188802,4846976,187585,702558,1122713,3027090,668495,3201446,6493303,1583815,5438705,934680,1343533,11325779,6372833,185138,675116,95563,1166061,178401
2025-10-08,221012,1764407,7659760,16394,2451104,256736,1126962,,482243,1287075,1585420,2114568,6201434,1868382,6786453,794490,622953,22330144,3481889,760967,847332,4015609,1243844,1300187,2581464,2610611,1443036,23638183,1188802,4846976,187585,702558,1122713,3027090,668495,3201446,6493303,1583815,5438705,934680,1343533,11325779,6372833,185138,675116,95563,1166061,178401
2025-10-09,221012,1764407,7659760,16394,2451104,256736,1126962,,482243,1287075,1585420,2114568,6201434,1868382,6786453,794490,622953,22330144,3481889,760967,847332,4015609,1243844,1300187,2581464,2610611,1443036,23638183,1188802,4846976,187585,702558,1122713,3027090,668495,3201446,6493303,1583815,5438705,934680,1343533,11325779,6372833,185138,675116,95563,1166061,178401
2025-10-10,222429,1775678,7708666,16498,2466756,258374,1134164,,485324,1295291,1595547,2128062,6241032,1880316,6829782,799560,626931,22472702,3504119,765829,852740,4041245,1251787,1308494,2597948,2627277,1452253,23789100,1196394,4877916,188781,707043,1129876,3046421,672759,3221882,6534760,1593929,5473428,940647,1352113,11398085,6413523,186321,679432,96174,1173510,179545
2025-10-13,222974,1780013,7728279,16538,2472776,259060,1137197,,486509,1298585,1599442,2133476,6257606,1884906,6847126,801510,628461,22527537,3512990,767699,854820,4051469,1254842,1311689,2604288,2633687,1455942,23849223,1199599,4890299,189241,708944,1132631,3054514,674570,3230047,6551344,1597819,5487366,942942,1355550,11426896,6429765,186793,681239,96418,1176375,179985
2025-10-14,223846,1786949,7758375,16602,2482408,260068,1141629,,488405,1303641,1605674,2141788,6281974,1892250,6873790,804630,630909,22615273,3526670,770691,858148,4067245,1259730,1316801,2614432,2643943,1461614,23942103,1204271,4909347,189977,711704,1137039,3066410,677194,3242623,6576856,1604043,5508734,946614,1360830,11471400,6454805,187521,683895,96794,1180959,180689
2025-10-15,222647,1777412,7716993,16514,2469164,258682,1135535,,485798,1296689,1597105,2130359,6248468,1882152,6837127,800340,627543,22494636,3507860,766577,853572,4045553,1253009,1309772,2600484,2629841,1453815,23814393,1197847,4883156,188965,707909,1130978,3050053,673586,3225331,6541777,1595485,5479353,941565,1353570,11410207,6420375,186520,680243,96277,1174656,179721
2025-10-16,222429,1775678,7709469,16498,2466756,258430,1134427,,485324,1295425,1595547,2128281,6242376,1880316,6830461,799560,626931,22472702,3504440,765829,852740,4041609,1251787,1308494,2597948,2627277,1452397,23791173,1196679,4878394,188781,707219,1129876,3047079,672930,3222187,6535399,1593929,5474011,940647,1352250,11399081,6414115,186338,679579,96183,1173510,179545
2025-10-17,223737,1786082,7754613,16594,2481204,259942,1141075,,488168,1303009,1604895,2140749,6278928,1891332,6870457,804240,630603,22604306,3524960,770317,857732,4065273,1259119,1316162,2613164,2642661,1460905,23930493,1203687,4906966,189885,711359,1136488,3064923,676866,3241051,6573667,1603265,5506063,946155,1360170,11465837,6451675,187430,683563,96747,1180386,180601
2025-10-20,223519,1784348,7747089,16578,2478796,259690,1139967,,487694,1301745,1603337,2138671,6272836,1889496,6863791,803460,629991,22582372,3521540,769569,856900,4061329,1257897,1314884,2610628,2640097,1459487,23907273,1202519,4902204,189701,710669,1135386,3061949,676210,3237907,6567289,1601709,5500721,945237,1358850,11454711,6445415,187248,682899,96653,1179240,180425
2025-10-21,223519,1784348,7747089,16578,2478796,259690,1139967,,487694,1301745,1603337,2138671,6272836,1889496,6863791,803460,629991,22582372,3521540,769569,856900,4061329,1257897,1314884,2610628,2640097,1459487,23907273,1202519,4902204,189701,710669,1135386,3061949,676210,3237907,6567289,1601709,5500721,945237,1358850,11454711,6445415,187248,682899,96653,1179240,180425
2025-10-22,224609,1793018,7784709,16665,2491294,260950,1145507,,490064,1308065,1611431,2149231,6303296,1899022,6897689,807647,633254,22696314,3538933,773309,861060,4081389,1264438,1321274,2623308,2653429,1466692,24025335,1208359,4926415,190621,714119,1140896,3076819,679490,3253901,6599716,1609796,5527431,950011,1365450,11511274,6477246,188172,686219,97123,1184970,181305
2025-10-23,223519,1784348,7747079,16585,2479254,259690,1139967,,487694,1301745,1603641,2138841,6272836,1889842,6864349,803747,630194,22586624,3521833,769569,856900,4061659,1258328,1314884,2610628,2640609,1459602,23909215,1202519,4902605,189701,710669,1135376,3061949,676210,3238171,6567816,1602016,5500711,945421,1358850,11455644,6445946,187262,682899,96653,1179240,180425
2025-10-24,222538,1776545,7713212,16513,2468418,258556,1134981,,485561,1296057,1596630,2129490,6245422,1881580,6834343,800237,627440,22487903,3506443,766203,853156,4043902,1252829,1309133,2599216,2629071,1453221,23804707,1197263,4881176,188873,707564,1130408,3048566,673258,3224014,6539106,1595014,5476663,941290,1352910,11405577,6417776,186443,679911,96230,1174083,179633
2025-10-27,222647,1777412,7716975,16521,2469622,258682,1135535,,485798,1296689,1597409,2130529,6248468,1882498,6837677,800627,627746,22498872,3508153,766577,853572,4045875,1253440,1309772,2600484,2630353,1453930,23816318,1197847,4883557,188965,707909,1130960,3050053,673586,3225587,6542296,1595792,5479335,941749,1353570,11411140,6420906,186534,680243,96277,1174656,179721
2025-10-28,222647,1777412,7716975,16521,2469622,258682,1135535,,485798,1296689,1597409,2130529,6248468,1882498,6837677,800627,627746,22498872,3508153,766577,853572,4045875,1253440,1309772,2600484,2630353,1453930,23816318,1197847,4883557,188965,707909,1130960,3050053,673586,3225587,6542296,1595792,5479335,941749,1353570,11411140,6420906,186534,680243,96277,1174656,179721
2025-10-29,222538,1776545,7713212,16513,2468418,258556,1134981,,485561,1296057,1596630,2129490,6245422,1881580,6834343,800237,627440,22487903,3506443,766203,853156,4043902,1252829,1309133,2599216,2629071,1453221,23804707,1197263,4881176,188873,707564,1130408,3048566,673258,3224014,6539106,1595014,5476663,941290,1352910,11405577,6417776,186443,679911,96230,1174083,179633
2025-10-30,223467,1783965,7744042,16575,2478074,259577,1139461,,487585,1301237,1602860,2137864,6270180,1888941,6861175,803299,629850,22575774,3520248,769397,856727,4059859,1257633,1314476,2610080,2639320,1458928,23898715,1201983,4900342,189660,710352,1135157,3060642,675907,3236711,6564808,1601238,5498557,944957,1358321,11450604,6443037,187178,682598,96616,1178993,180383
2025-10-31,223467,1783965,7744042,16575,2478074,259577,1139461,,487585,1301237,1602860,2137864,6270180,1888941,6861175,803299,629850,22575774,3520248,769397,856727,4059859,1257633,1314476,2610080,2639320,1458928,23898715,1201983,4900342,189660,710352,1135157,3060642,675907,3236711,6564808,1601238,5498557,944957,1358321,11450604,6443037,187178,682598,96616,1178993,180383
2025-11-03,224993,1796117,7796794,16687,2494958,261341,1147217,,490903,1310099,1613780,2152424,6312894,1901807,6907921,808773,634134,22729564,3544230,774633,862565,4087509,1266201,1323436,2627860,2657296,1468868,24061521,1210173,4933718,190948,715196,1142885,3081488,680513,3258761,6609524,1612144,5536021,951397,1367575,11528612,6486927,188452,687246,97274,1187029,181615
2025-11-04,224993,1796117,7796794,16687,2494958,261341,1147217,,490903,1310099,1613780,2152424,6312894,1901807,6907921,808773,634134,22729564,3544230,774633,862565,4087509,1266201,1323436,2627860,2657296,1468868,24061521,1210173,4933718,190948,715196,1142885,3081488,680513,3258761,6609524,1612144,5536021,951397,1367575,11528612,6486927,188452,687246,97274,1187029,181615
2025-11-05,224230,1790041,7770418,16631,2486516,260459,1143339,,489244,1305668,1608320,2145144,6291537,1895374,6884548,806036,631992,22652669,3532239,772015,859646,4073684,1261917,1318956,2618970,2648308,1463898,23980118,1206078,4917030,190304,712774,1139021,3071065,678210,3247736,6587166,1606691,5517289,948177,1362948,11489608,6464982,187815,684922,96945,1183011,180999
2025-11-06,225865,1803061,7826938,16751,2504606,262349,1151649,,492799,1315163,1620020,2160744,6337302,1909159,6934633,811901,636582,22817444,3557934,777625,865901,4103324,1271097,1328556,2638020,2667568,1474548,24154553,1214853,4952790,191684,717964,1147301,3093400,683145,3271361,6635076,1618376,5557429,955077,1372863,11573188,6512007,189180,689902,97650,1191621,182319
2025-11-07,224775,1794381,7789258,16671,2492546,261089,1146109,,490429,1308833,1612220,2150344,6306792,1899969,6901243,807991,633522,22707594,3540804,773885,861731,4083564,1264977,1322156,2625320,2654728,1467448,24038263,1209003,4928950,190764,714504,1141781,3078510,679855,3255611,6603136,1610586,5530669,950477,1366253,11517468,6480657,188270,686582,97180,1185881,181439
2025-11-10,224557,1792645,7781722,16655,2490823,260837,1145001,,489955,1307923,1610660,2148837,6300690,1898657,6896388,807209,632910,22691928,3538258,773137,860897,4080612,1263753,1320876,2622780,2652160,1466421,24020747,1207833,4925482,190580,713812,1140677,3075532,679197,3253282,6598462,1609028,5526796,949557,1365299,11509077,6476010,188136,685918,97112,1184733,181263
2025-11-11,224230,1790041,7770415,16631,2487205,260459,1143336,,489244,1306024,1608320,2145717,6291537,1895900,6886371,806036,631989,22658967,3533119,772015,859646,4074684,1261917,1318956,2618970,2648308,1464291,23985854,1206078,4918327,190304,712774,1139021,3071065,678210,3248557,6588877,1606691,5518768,948177,1363316,11492358,6466602,187863,684922,96971,1183011,180999
2025-11-12,222377,1775285,7706342,16495,2466703,258317,1133901,,485215,1295263,1595060,2128037,6239670,1880277,6829608,799389,626770,22472188,3503998,765657,852557,4041092,1251513,1308076,2597380,2626480,1452221,23788144,1196133,4877782,188740,706892,1129637,3045752,672617,3221782,6534562,1593448,5473276,940357,1352079,11397617,6413290,186316,679278,96172,1173253,179503
2025-11-13,221178,1765737,7664883,16407,2453437,256931,1127796,,482608,1288300,1586480,2116597,6206109,1870168,6792879,795088,623393,22351331,3485155,761543,847970,4019356,1244781,1301036,2583410,2612356,1444411,23660214,1189698,4851547,187728,703086,1123565,3029373,668998,3204457,6499417,1584879,5443840,935297,1344808,11336314,6378794,185315,675626,95655,1166939,178535
2025-11-14,220306,1758793,7634731,16343,2443789,255923,1123356,,480712,1283236,1580240,2108277,6181701,1862816,6766167,791960,620937,22263435,3471451,758551,844634,4003548,1239885,1295916,2573250,2602084,1438731,23567166,1185018,4832467,186992,700318,1119149,3017461,666366,3191857,6473857,1578647,5422432,931617,1339520,11291730,6353706,184587,672970,95279,1162347,177831
2025-11-17,221287,1767531,7672313,16415,2455098,257180,1128953,,482845,1289161,1588013,2118023,6212256,1871087,6797475,795914,624059,22366468,3487510,761917,848387,4022090,1245393,1302335,2584680,2614891,1445389,23676261,1190908,4854836,187820,703805,1124126,3032359,669683,3206621,6503820,1586409,5447523,936220,1345717,11344024,6383133,185437,676283,95719,1167513,178623
2025-11-18,219434,1752775,7608223,16279,2434596,255038,1119518,,478816,1278400,1574753,2100326,6160372,1855447,6740695,789267,618840,22179638,3458372,755542,841298,3988498,1234989,1291455,2563073,2593046,1433319,23478483,1180963,4814274,186256,697923,1114725,3007029,664090,3179829,6449488,1573166,5402014,928400,1334480,11249266,6329804,183890,670639,94920,1157755,177127
2025-11-19,215619,1722395,7476273,15999,2392386,250628,1100093,,470521,1256245,1547453,2063891,6053552,1823247,6623795,775582,608095,21794988,3398382,742417,826703,3919338,1213569,1269055,2518588,2548071,1408469,23071293,1160488,4730764,183036,685813,1095370,2954879,652575,3124669,6337628,1545866,5308319,912300,1311345,11054176,6220009,180705,659019,93275,1137665,174047
2025-11-20,214965,1717187,7453653,15951,2385150,249872,1096763,,469099,1252447,1542773,2057645,6035240,1817727,6603755,773236,606253,21729048,3388098,740167,824201,3907482,1209897,1265215,2510962,2540361,1404209,23001489,1156978,4716448,182484,683737,1092052,2945939,650601,3115213,6318452,1541192,5292257,909540,1307379,11020732,6201187,180159,657027,92993,1134221,173519
2025-11-21,214747,1715451,7446113,15935,2382738,249620,1095653,,468625,1251181,1541213,2055563,6029136,1815887,6597075,772454,605639,21707068,3384670,739417,823367,3903530,1208673,1263935,2508420,2537791,1402789,22978219,1155808,4711676,182300,683045,1090946,2942959,649943,3112061,6312060,1539632,5286903,908620,1306057,11009584,6194913,179977,656363,92899,1133073,173343
2025-11-24,215074,1718058,7457423,15959,2386356,249998,1097318,,469336,1253083,1543553,2058686,6038295,1818647,6607095,773627,606560,21740041,3389812,740542,824618,3909461,1210509,1265855,2512233,2541646,1404919,23013124,1157563,4718834,182576,684083,1092605,2947429,650930,3116789,6321648,1541972,5294934,910000,1308040,11026309,6204324,180250,657359,93040,1134795,173607
2025-11-25,214093,1710237,7423493,15887,2375502,248864,1092323,,467203,1247377,1536533,2049317,6010818,1810367,6577035,770108,603797,21641122,3374386,737167,820865,3891668,1205001,1260095,2500794,2530081,1398529,22908409,1152298,4697360,181748,680969,1087628,2934019,647969,3102605,6292884,1534952,5270841,905860,1302091,10976134,6176091,179431,654371,92617,1129629,172815
2025-11-26,214096,1708499,7418626,15880,2373926,248612,1091618,,467165,1246535,1535506,2047987,6006863,1809540,6572720,769326,603183,21626927,3372197,737170,820823,3889100,1204879,1214459,2498252,2528430,1397598,22893400,1151128,4694308,181564,680277,1087549,2932100,647311,3100596,6288774,1533954,5267401,905264,1301221,10968930,6172070,179307,653927,92554,1128481,172820
2025-11-28,213878,1706761,7411084,15864,2371512,248360,1090508,,466691,1245267,1533944,2045905,6000755,1807700,6566038,768544,602569,21604939,3368769,736420,819989,3885146,1203655,1213225,2495710,2525860,1396178,22870124,1149958,4689536,181380,679585,1086443,2929120,646653,3097444,6282380,1532394,5262045,904344,1299899,10957778,6165794,179125,653263,92460,1127333,172644
2025-12-01,213878,1706761,7411084,15864,2371512,248360,1090508,,466691,1245267,1533944,2045905,6000755,1807700,6566038,768544,602569,21604939,3368769,736420,819989,3885146,1203655,1213225,2495710,2525860,1396178,22870124,1149958,4689536,181380,679585,1086443,2929120,646653,3097444,6282380,1532394,5262045,904344,1299899,10957778,6165794,179125,653263,92460,1127333,172644
2025-12-02,214641,1714170,7440659,15920,2380987,249416,1094393,,468350,1250245,1540075,2054075,6024725,1814923,6592260,771884,605213,21691241,3382223,739045,822908,3900664,1207939,1218346,2508344,2535947,1401756,22961481,1154946,4708265,182024,682558,1090314,2940822,649464,3109814,6307473,1538513,5283066,907955,1305093,11001546,6190427,179838,655868,92829,1131351,173260
2025-12-03,214968,1716777,7451978,15944,2384608,249794,1096058,,469064,1252147,1542418,2057201,6033890,1817683,6602289,773057,606134,21724238,3387368,740170,824159,3906598,1209778,1220200,2512160,2539805,1403889,22996410,1156704,4715426,182300,683596,1091973,2945295,650451,3114545,6317067,1540853,5291103,909335,1307079,11018283,6199844,180111,656867,92970,1133073,173524
2025-12-04,221181,1766310,7667039,16400,2453407,256976,1127693,,482630,1288285,1586935,2116595,6208025,1870123,6792840,795344,623633,22351181,3485123,761545,847928,4019344,1244719,1255426,2584664,2613107,1444416,23660118,1190106,4851542,187544,703318,1123494,3030282,669204,3204434,6499353,1585313,5443806,935555,1344813,11336286,6378767,185298,675848,95649,1165791,178540
2025-12-05,215622,1721991,7474616,15992,2391850,250550,1099388,,470492,1255951,1547104,2063453,6052220,1823203,6622347,775403,607976,21790232,3397658,742420,826661,3918466,1213456,1223908,2519792,2547521,1408155,23066274,1160220,4729754,182852,685672,1095291,2954241,652425,3124007,6336255,1545533,5307177,912095,1311051,11051757,6218678,180657,658865,93252,1136517,174052
2025-12-08,215730,1722861,7478390,16000,2393058,250676,1099944,,470730,1256585,1547886,2064495,6055276,1824123,6625691,775795,608282,21801236,3399374,742796,827079,3920444,1214068,1224526,2521064,2548807,1408867,23077922,1160806,4732142,182944,686018,1095845,2955733,652755,3125585,6339455,1546313,5309857,912555,1311713,11057337,6221818,180749,659197,93300,1137091,174140
2025-12-09,215622,1721991,7474616,15992,2391850,250550,1099388,,470492,1255951,1547104,2063453,6052220,1823203,6622347,775403,607974,21790230,3397658,742420,826661,3918464,1213454,1223908,2519792,2547521,1408155,23066272,1160220,4729754,182852,685672,1095291,2954241,652425,3124007,6336255,1545533,5307177,912095,1311051,11051755,6218678,180657,658865,93252,1136517,174052
2025-12-10,216810,1731561,7516152,16080,2405138,251936,1105504,,473110,1262925,1555706,2074915,6085836,1833323,6659131,779715,611362,21911296,3416534,746556,831259,3940244,1220208,1230706,2533784,2561667,1415987,23194422,1166666,4756022,183864,689478,1101385,2970653,656055,3141365,6371455,1554113,5336657,917155,1318333,11113157,6253218,181669,662517,93780,1142831,175020
2025-12-11,218430,1744611,7572792,16200,2423258,253826,1113844,,476680,1272435,1567436,2090545,6131676,1847123,6709291,785595,615982,22076386,3442274,752196,837529,3969944,1229418,1239976,2552864,2580957,1426667,23369172,1175456,4791842,185244,694668,1109695,2993033,661005,3165035,6419455,1565813,5376857,924055,1328263,11196887,6300318,183049,667497,94500,1151441,176340
2025-12-12,219186,1750701,7599224,16256,2431714,254708,1117736,,478346,1276873,1572910,2097839,6153068,1853563,6732699,788339,618138,22153428,3454286,754828,840455,3983804,1233716,1244302,2561768,2589959,1431651,23450722,1179558,4808558,185888,697090,1113573,3003477,663315,3176081,6441855,1571273,5395617,927275,1332897,11235961,6322298,183693,669821,94836,1155459,176956
2025-12-15,218970,1748961,7591672,16240,2429298,254456,1116624,,477870,1275605,1571346,2095755,6146956,1851723,6726011,787555,617522,22131416,3450854,754076,839619,3979844,1232488,1243066,2559224,2587387,1430227,23427422,1178386,4803782,185704,696398,1112465,3000493,662655,3172925,6435455,1569713,5390257,926355,1331573,11224797,6316018,183509,669157,94740,1154311,176780
2025-12-16,219402,1752441,7606776,16272,2434130,254960,1118848,,478822,1278141,1574474,2099923,6159180,1855403,6739387,789123,618754,22175440,3457718,755580,841291,3987764,1234944,1245538,2564312,2592531,1433075,23474022,1180730,4813334,186072,697782,1114681,3006461,663975,3179237,6448255,1572833,5400977,928195,1334221,11247125,6328578,183877,670485,94932,1156607,177132
2025-12-17,218862,1748091,7587896,16232,2428090,254330,1116068,,477632,1274971,1570564,2094713,6143900,1850803,6722667,787163,617214,22120410,3449138,753700,839201,3977864,1231874,1242448,2557952,2586101,1429515,23415772,1177800,4801394,185612,696052,1111911,2999001,662325,3171347,6432255,1568933,5387577,925895,1330911,11219215,6312868,183417,668825,94692,1153737,176692
2025-12-18,219294,1751571,7603000,16264,2432922,254834,1118292,,478584,1277507,1573692,2098881,6156124,1854483,6736051,788731,618446,22164434,3456002,755204,840873,3985784,1234330,1244920,2563040,2591245,1432363,23462380,1180144,4810954,185980,697436,1114127,3004969,663645,3177659,6445055,1572053,5398297,927735,1333559,11241543,6325436,183785,670153,94884,1156033,177044
2025-12-19,219294,1751571,7603000,16264,2432922,254834,1118292,,478584,1277507,1573692,2098881,6156124,1854483,6736051,788731,618446,22164434,3456002,755204,840873,3985784,1234330,1244920,2563040,2591245,1432363,23462380,1180144,4810954,185980,697436,1114127,3004969,663645,3177659,6445055,1572053,5398297,927735,1333559,11241543,6325436,183785,670153,94884,1156033,177044
2025-12-22,212745,1669956,7257667,15580,2334339,246094,1069845,776243,463381,1222521,1523979,2051864,5959774,1785079,6527870,763548,592305,21481090,3469825,731765,799964,3907488,1186000,1184230,2498803,2480914,1392085,23760219,1123276,4633092,179917,668483,1072480,2900275,638413,3078240,6240182,1503165,5120255,897342,1275786,11030725,6108669,176932,642227,91290,1125899,170600
2025-12-23,212773,1670231,7258842,15585,2334715,246145,1070026,776363,463457,1222722,1524217,2052185,5960733,1785377,6528916,763670,592396,21484544,3470381,731881,800089,3908128,1186198,1184414,2499201,2481321,1392301,23764034,1123456,4633835,179946,668584,1072644,2900753,638524,3078732,6241182,1503405,5121080,897474,1275986,11032509,6109644,176954,642339,91309,1126089,170635
2025-12-24,215105,1688579,7338614,15761,2360367,248829,1081774,784899,468561,1236142,1540981,2074757,6026249,1805001,6600636,772074,598908,21720604,3508529,739933,808889,3951072,1199222,1197438,2526657,2508601,1407613,24025174,1135820,4684743,181926,675932,1084436,2932609,645520,3112568,6309778,1519905,5177356,907330,1290022,11153729,6176788,178890,649379,92321,1138453,172527
2025-12-26,216165,1696919,7374874,15841,2372027,250049,1087114,788779,470881,1242242,1548601,2085017,6056029,1813921,6633236,775894,601868,21827904,3525869,743593,812889,3970592,1205142,1203358,2539137,2521001,1414573,24143874,1141440,4707883,182826,679272,1089796,2947089,648700,3127948,6340958,1527405,5202936,911810,1296402,11208829,6207308,179770,652579,92781,1144073,173387
2025-12-29,216218,1697336,7376687,15845,2372610,250110,1087381,788973,470997,1242547,1548982,2085529,6057518,1814367,6634866,776085,602016,21833269,3526736,743776,813089,3971568,1205438,1203654,2539761,2521621,1414921,24149809,1141721,4709040,182871,679439,1090064,2947813,648859,3128717,6342517,1527780,5204215,912034,1296721,11211584,6208834,179814,652739,92804,1144354,173430
2025-12-30,216059,1696085,7371248,15833,2370861,249927,1086580,788391,470649,1241632,1547839,2083990,6053051,1813029,6629973,775512,601572,21817171,3524135,743227,812489,3968640,1204550,1202766,2537889,2519761,1413877,24132004,1140878,4705569,182736,678938,1089260,2945641,648382,3126410,6337840,1526655,5200378,911362,1295764,11203319,6204256,179682,652259,92735,1143511,173301
2025-12-31,216536,1699838,7387565,15869,2376108,250476,1088983,790137,471693,1244377,1551268,2088607,6066452,1817043,6644652,777231,602904,21865465,3531938,744874,814289,3977424,1207214,1205430,2543505,2525341,1417009,24185419,1143407,4715982,183141,680441,1091672,2952157,649813,3133331,6351871,1530030,5211889,913378,1298635,11228114,6217990,180078,653699,92942,1146040,173688
2026-01-02,216801,1701923,7396630,15889,2379023,250781,1090318,791107,472273,1245902,1553173,2091172,6073897,1819273,6652807,778186,603644,21892295,3536273,745789,815289,3982304,1208694,1206910,2546625,2528441,1418749,24215094,1144812,4721767,183366,681276,1093012,2955777,650608,3137176,6359666,1531905,5218284,914498,1300230,11241889,6225620,180298,654499,93057,1147445,173903
2026-01-06,215158,1688996,7340427,15765,2360950,248890,1082041,785093,468677,1236447,1541362,2075269,6027738,1805447,6602246,772265,599056,21725949,3509396,740116,809089,3952048,1199518,1197734,2527281,2509221,1407961,24031109,1136101,4685900,181971,676099,1084704,2933333,645679,3113337,6311337,1520280,5178635,907554,1290341,11156484,6178314,178934,649539,92344,1138734,172570
2026-01-07,212455,1667729,7247964,15561,2331217,245779,1068424,775199,462761,1220892,1521931,2049106,5951799,1782701,6519065,762524,591508,21452283,3465179,730783,798889,3902272,1184422,1182638,2495457,2477601,1390213,23728424,1121770,4626893,179676,667582,1071036,2896409,637570,3074118,6231828,1501155,5113406,896130,1274072,11015979,6100488,176690,641379,91171,1124403,170377
2026-01-08,212190,1665644,7238899,15541,2328302,245474,1067089,774229,462181,1219367,1520026,2046541,5944354,1780471,6510910,761569,590768,21425453,3460844,729868,797889,3897392,1182942,1181158,2492337,2474501,1388473,23698749,1120365,4621108,179451,666747,1069696,2892789,636775,3070273,6224033,1499280,5107011,895010,1272477,11002204,6092858,176470,640579,91056,1122998,170162
2026-01-09,211872,1663142,7228021,15517,2324804,245108,1065487,773124,461485,1217620,1517740,2043606,5935420,1777795,6501653,760423,589880,21393257,3455828,728770,796689,3891731,1181166,1179382,2488593,2470781,1386486,23664164,1118679,4614486,179181,665745,1068088,2888445,635821,3065836,6215077,1497030,5099694,893666,1270661,10986150,6084033,176213,639619,90928,1121312,169904
2026-01-12,211024,1656470,7199013,15453,2315476,244132,1061215,770020,459629,1212740,1511644,2035398,5911596,1770659,6475557,757367,587512,21307401,3441956,725842,793489,3876115,1176430,1174646,2478609,2460861,1380918,23569204,1114183,4595974,178461,663073,1063800,2876861,633277,3053532,6190133,1491030,5079230,890082,1265557,10942070,6059617,175509,637059,90560,1116816,169216
2026-01-13,210600,1653134,7184509,15421,2310812,243644,1059079,768468,458701,1210300,1508596,2031294,5899684,1767091,6462509,755839,586328,21264473,3435020,724378,791889,3868307,1174062,1172278,2473617,2455901,1378134,23521724,1111935,4586718,178101,661737,1061656,2871069,632005,3047380,6177661,1488030,5068998,888290,1263005,10920030,6047409,175157,635779,90376,1114568,168872
2026-01-14,209964,1648130,7162753,15373,2303816,242912,1055875,766140,457309,1206640,1504024,2025138,5881816,1761739,6442937,753547,584552,21200081,3424616,722182,789489,3856595,1170510,1168726,2466129,2448461,1373958,23450504,1108563,4572834,177561,659733,1058440,2862381,630097,3038152,6158953,1483530,5053650,885602,1259177,10886970,6029097,174629,633859,90100,1111196,168356
2026-01-15,210600,1653134,7184509,15421,2310812,243644,1059079,768468,458701,1210300,1508596,2031294,5899684,1767091,6462509,755839,586328,21264473,3435020,724378,791889,3868307,1174062,1172278,2473617,2455901,1378134,23521724,1111935,4586718,178101,661737,1061656,2871069,632005,3047380,6177661,1488030,5068998,888290,1263005,10920030,6047409,175157,635779,90376,1114568,168872
2026-01-16,209169,1641875,7135558,15313,2295071,241997,1051870,763230,455569,1202065,1498309,2017443,5859481,1755049,6418472,750682,582332,21119591,3411611,719437,786489,3841955,1166070,1164286,2456769,2439161,1368738,23361479,1104348,4555479,176886,657228,1054420,2851521,627712,3026617,6135568,1477905,5034465,882242,1254392,10845645,6006207,173969,631459,89755,1106981,167711
2026-01-20,209275,1642709,7139184,15321,2296237,242119,1052404,763618,455801,1202675,1499071,2018469,5862459,1755941,6421734,751064,582628,21130323,3413345,719803,786889,3843907,1166662,1164878,2458017,2440401,1369434,23373349,1104910,4557793,176976,657562,1054956,2852969,628030,3028155,6138686,1478655,5037023,882690,1255030,10851155,6009259,174057,631779,89801,1107543,167797
2026-01-21,209381,1643543,7142810,15329,2297403,242241,1052938,764006,456033,1203285,1499833,2019495,5865437,1756833,6424996,751446,582924,21141055,3415079,720169,787289,3845859,1167254,1165470,2459265,2441641,1370130,23385219,1105472,4560107,177066,657896,1055492,2854417,628348,3029693,6141804,1479405,5039581,883138,1255668,10856665,6012311,174145,632099,89847,1108105,167883
2026-01-22,209222,1642292,7139043,15328,2296180,242058,1052391,763546,455685,1202536,1499068,2018301,5862443,1755905,6421120,750873,582638,21129960,3413053,719620,786689,3843564,1166366,1164892,2457393,2440382,1369315,23371367,1104936,4557325,176931,657565,1054688,2852935,627871,3027879,6138111,1478601,5036531,882673,1254921,10850215,6008722,174031,631747,89802,1107262,167830
2026-01-23,208480,1636454,7113661,15272,2288018,241204,1048653,760830,454061,1198266,1493734,2011119,5841597,1749661,6398286,748199,580566,21054822,3400915,717058,783889,3829900,1162222,1160748,2448657,2431702,1364443,23288263,1101002,4541127,176301,655227,1050936,2842785,625645,3017113,6116285,1473337,5018625,879537,1250455,10811631,5987358,173415,629507,89480,1103328,167228
2026-01-26,208533,1636871,7115474,15276,2288601,241265,1048920,761024,454177,1198571,1494115,2011632,5843086,1750107,6399917,748390,580714,21060189,3401782,717241,784089,3830876,1162518,1161044,2449281,2432322,1364791,23294199,1101283,4542284,176346,655394,1051204,2843510,625804,3017882,6117844,1473713,5019904,879761,1250774,10814387,5988884,173459,629667,89503,1103609,167271
2026-01-27,208268,1634786,7106409,15256,2285686,240960,1047585,760054,453597,1197046,1492210,2009067,5835641,1747877,6391762,747435,579974,21033354,3397447,716326,783089,3825996,1161038,1159564,2446161,2429222,1363051,23264519,1099878,4536499,176121,654559,1049864,2839885,625009,3014037,6110049,1471833,5013509,878641,1249179,10800607,5981254,173239,628867,89388,1102204,167056
2026-01-28,208374,1635620,7110035,15264,2286852,241082,1048119,760442,453829,1197656,1492972,2010093,5838619,1748769,6395024,747817,580270,21044088,3399181,716692,783489,3827948,1161630,1160156,2447409,2430462,1363747,23276391,1100440,4538813,176211,654893,1050400,2841335,625327,3015575,6113167,1472585,5016067,879089,1249817,10806119,5984306,173327,629187,89434,1102766,167142
2026-01-29,208215,1634369,7104596,15252,2285103,240899,1047318,759860,453481,1196741,1491829,2008554,5834152,1747431,6390131,747244,579826,21027987,3396580,716143,782889,3825020,1160742,1159268,2445537,2428602,1362703,23258583,1099597,4535342,176076,654392,1049596,2839160,624850,3013268,6108490,1471457,5012230,878417,1248860,10797851,5979728,173195,628707,89365,1101923,167013
2026-01-30,209275,1642709,7140856,15332,2296763,242119,1052658,763740,455801,1202841,1499449,2018814,5863932,1756351,6422751,751064,582786,21135327,3413920,719803,786889,3844540,1166662,1165188,2458017,2441002,1369663,23377303,1105217,4558482,176976,657732,1054956,2853660,628030,3028648,6139670,1478977,5037810,882897,1255240,10852971,6010248,174075,631907,89825,1107543,167873
2026-02-02,209752,1646462,7157173,15368,2302010,242668,1055061,765486,456845,1205586,1502878,2023431,5877333,1760365,6437430,752783,584118,21183630,3421723,721450,788689,3853324,1169326,1167852,2463633,2446582,1372795,23430727,1107746,4568895,177381,659235,1057368,2860185,629461,3035569,6153701,1482361,5049321,884913,1258111,10877775,6023982,174471,633347,90032,1110072,168260
2026-02-03,209222,1642292,7139043,15328,2296180,242058,1052391,763546,455685,1202536,1499068,2018301,5862443,1755905,6421120,750873,582638,21129960,3413053,719620,786689,3843564,1166366,1164892,2457393,2440382,1369315,23371367,1104936,4557325,176931,657565,1054688,2852935,627871,3027879,6138111,1478601,5036531,882673,1254921,10850215,6008722,174031,631747,89802,1107262,167830
2026-02-04,208639,1637705,7119100,15284,2289767,241387,1049454,761412,454409,1199181,1494877,2012658,5846064,1750999,6403179,748772,581010,21070923,3403516,717607,784489,3832828,1163110,1161636,2450529,2433562,1365487,23306071,1101845,4544598,176436,655728,1051740,2844960,626122,3019420,6120962,1474465,5022462,880209,1251412,10819899,5991936,173547,629987,89549,1104171,167357
2026-02-05,208056,1633118,7099157,15240,2283354,240716,1046517,759278,453133,1195826,1490686,2007015,5829685,1746093,6385238,746671,579382,21011886,3393979,715594,782289,3822092,1159854,1158380,2443665,2426742,1361659,23240775,1098754,4531871,175941,653891,1048792,2836985,624373,3010961,6103813,1470329,5008393,877745,1247903,10789583,5975150,173063,628227,89296,1101080,166884
2026-02-06,207420,1628114,7077401,15192,2276358,239984,1043313,756950,451741,1192166,1486114,2000859,5811817,1740741,6365666,744379,577606,20947482,3383575,713398,779889,3810380,1156302,1154828,2436177,2419302,1357483,23169543,1095382,4517987,175401,651887,1045576,2828285,622465,3001733,6085105,1465817,4993045,875057,1244075,10756511,5956838,172535,626307,89020,1097708,166368
2026-02-09,203869,1600175,6955930,14924,2237297,235897,1025424,743952,443969,1171731,1460587,1966488,5712054,1710859,6256389,731582,567690,20587893,3325486,701137,766489,3744988,1136470,1134996,2394369,2377762,1334167,22771831,1076555,4440401,172386,640698,1027620,2779710,611745,2950210,5980652,1440625,4907352,860049,1222702,10571859,5854596,169587,615587,87479,1078881,163487
2026-02-10,204293,1603511,6970434,14966,2241961,236385,1027560,745504,444897,1174171,1463635,1970592,5723966,1714427,6269437,733110,568874,20630829,3332422,702601,768089,3752796,1138838,1137364,2399361,2382722,1336951,22819319,1078803,4449665,172746,642034,1029764,2785510,613025,2956362,5993124,1443633,4917584,861841,1225254,10593907,5866804,169939,616867,87681,1081129,163831
2026-02-11,204929,1608515,6992190,15014,2248957,237117,1030764,747832,446289,1177831,1468207,1976748,5741834,1719779,6289009,735402,570650,20695233,3342826,704797,770489,3764508,1142390,1140916,2406849,2390162,1341127,22890551,1082175,4463561,173286,644038,1032980,2794210,614945,2965590,6011832,1448145,4932932,864529,1229082,10626979,5885116,170467,618787,87957,1084501,164347
2026-02-12,204717,1606847,6984938,14998,2246625,236873,1029696,747056,445825,1176611,1466683,1974696,5735878,1717995,6282485,734638,570058,20673765,3339358,704065,769689,3760604,1141206,1139732,2404353,2387682,1339735,22866807,1081051,4458929,173106,643370,1031908,2791310,614305,2962514,6005596,1446641,4927816,863633,1227806,10615955,5879012,170291,618147,87865,1083377,164175
2026-02-13,203763,1600042,6952304,14926,2236131,235775,1024890,743674,443737,1171231,1460048,1965757,5709076,1710193,6253945,731559,567394,20579924,3324161,701141,766466,3743459,1136348,1134404,2393121,2376522,1333656,22762592,1075993,4438661,172296,640364,1027084,2778260,611658,2949024,5978272,1440107,4905405,859601,1222242,10567584,5852241,169499,615267,87461,1078319,163401
2026-02-17,203763,1600042,6953864,14931,2236618,235775,1024890,743674,444069,1171328,1460048,1965757,5710381,1710193,6253945,731559,567394,20579924,3324459,701141,766466,3743790,1136348,1134692,2393121,2377103,1333778,22764632,1076280,4439064,172296,640364,1027703,2778959,611658,2949288,5978808,1440107,4905839,859783,1222356,10568535,5852760,169514,615267,87472,1078319,163401
2026-02-18,203657,1599208,6950236,14923,2235452,235651,1024356,743286,443837,1170716,1459286,1964731,5707401,1709301,6250681,731177,567098,20569186,3322725,700775,766066,3741836,1135756,1134100,2391871,2375863,1333082,22752754,1075718,4436748,172206,640030,1027167,2777509,611338,2947750,5975688,1439355,4903279,859335,1221718,10563021,5849706,169426,614945,87426,1077757,163315
2026-02-19,203763,1600042,6953864,14931,2236618,235775,1024890,743674,444069,1171328,1460048,1965757,5710381,1710193,6253945,731559,567394,20579924,3324459,701141,766466,3743790,1136348,1134692,2393121,2377103,1333778,22764632,1076280,4439064,172296,640364,1027703,2778959,611658,2949288,5978808,1440107,4905839,859783,1222356,10568535,5852760,169514,615267,87472,1078319,163401
2026-02-20,203604,1598791,6948422,14919,2234869,235589,1024089,743092,443721,1170410,1458905,1964218,5705911,1708855,6249049,730986,566950,20563817,3321858,700592,765866,3740859,1135460,1133804,2391246,2375243,1332734,22746815,1075437,4435590,172161,639863,1026899,2776784,611178,2946981,5974128,1438979,4901999,859111,1221399,10560264,5848179,169382,614784,87403,1077476,163272
2026-02-23,203551,1598374,6946608,14915,2234286,235527,1023822,742898,443605,1170104,1458524,1963705,5704421,1708409,6247417,730795,566802,20558448,3320991,700409,765666,3739882,1135164,1133508,2390621,2374623,1332386,22740876,1075156,4434432,172116,639696,1026631,2776059,611018,2946212,5972568,1438603,4900719,858887,1221080,10557507,5846652,169338,614623,87380,1077195,163229
2026-02-24,205353,1612552,7008284,15051,2254142,237635,1032900,749494,447549,1180508,1471478,1981147,5755081,1723573,6302905,737289,571834,20741028,3350469,706631,772466,3773100,1145228,1143572,2411871,2395703,1344218,22942802,1084710,4473804,173646,645374,1035743,2800709,616458,2972358,6025608,1451387,4944239,866503,1231926,10651245,5898570,170834,620097,88162,1086749,164691
2026-02-25,206688,1622143,7050006,15143,2267574,239061,1039361,754096,450217,1187546,1480505,1993310,5789351,1734145,6341567,741682,575442,20868263,3370727,710840,777066,3795910,1152036,1150380,2427898,2409963,1352348,23081503,1091173,4500850,174681,649433,1041907,2817384,620138,2990331,6062036,1460296,4973679,871655,1239263,10715640,5934227,171868,623800,88691,1093212,165680
2026-02-26,206317,1619224,7037308,15115,2263486,238627,1037492,752738,449405,1185404,1477838,1989719,5778921,1731023,6330143,740345,574406,20830673,3364658,709559,775666,3789071,1149964,1148308,2423523,2405623,1349912,23039930,1089206,4492744,174366,648264,1040031,2812309,619018,2984948,6051116,1457664,4964719,870087,1237030,10696341,5923538,171560,622673,88530,1091245,165379
2026-02-27,206741,1622560,7051820,15147,2268158,239123,1039628,754290,450333,1187852,1480886,1993823,5790841,1734591,6343199,741873,575590,20873633,3371594,711023,777266,3796887,1152332,1150676,2428523,2410583,1352696,23087442,1091454,4502008,174726,649600,1042175,2818109,620298,2991100,6063596,1460672,4974959,871879,1239582,10718397,5935754,171912,623961,88714,1093493,165723
2026-03-02,206900,1623811,7057262,15159,2269910,239309,1040429,754872,450681,1188770,1482029,1995362,5795311,1735929,6348095,742446,576034,20889743,3374195,711572,777866,3799818,1153220,1151564,2430398,2412443,1353740,23105262,1092297,4505482,174861,650101,1042979,2820284,620778,2993407,6068276,1461800,4978799,872551,1240539,10726668,5940335,172044,624444,88783,1094336,165852
2026-03-03,208331,1635070,7106240,15267,2285678,240983,1047638,760110,453813,1197032,1492316,2009213,5835541,1747971,6392159,747603,580030,21034733,3397604,716513,783266,3826197,1161212,1159556,2447273,2429183,1363136,23265642,1099884,4536748,176076,654610,1050215,2839859,625098,3014197,6110396,1471952,5013359,878599,1249152,10801107,5981564,173232,628791,89404,1101923,167013
2026-03-04,207642,1629636,7085222,15215,2278851,240257,1044167,757795,452305,1193452,1487764,2003075,5818291,1742655,6372658,745120,578106,20970585,3387265,714134,780666,3814512,1157351,1155708,2439148,2421995,1358978,23194662,1096607,4522923,175491,652439,1046731,2831463,623272,3004999,6091750,1467451,4998516,876018,1245448,10768175,5963320,172719,626994,89122,1098270,166454
2026-03-05,209603,1645102,7152377,15363,2300459,242551,1054083,764973,456597,1204774,1501861,2022056,5873421,1759157,6433042,752187,583582,21169349,3419381,720905,788066,3850661,1168340,1166660,2462273,2444935,1371854,23414516,1107004,4565806,177156,658618,1056647,2858288,629192,3033489,6149507,1481363,5045876,884306,1257251,10870258,6019856,174347,632951,89973,1108704,168045
2026-03-06,210292,1650536,7175972,15415,2308051,243357,1057567,767495,458105,1208752,1506814,2028725,5892791,1764955,6454258,754670,585506,21239185,3430665,723284,790666,3863362,1172201,1170508,2470398,2452995,1376378,23491762,1110657,4580873,177741,660789,1060131,2867713,631272,3043499,6169800,1486251,5062516,887218,1261398,10906125,6039720,174919,635044,90272,1112370,168604
2026-03-09,209391,1643430,7145100,15347,2298123,242303,1053011,764197,456133,1203550,1500337,2020004,5867444,1757356,6426497,751423,582990,21147827,3415909,720173,787266,3846753,1167152,1165476,2459773,2442438,1370462,23390714,1105880,4561170,176976,657950,1055575,2855371,628552,3030409,6143263,1479859,5040739,883410,1255975,10859222,6013744,174171,632307,89881,1107576,167873
2026-03-10,209391,1643430,7145100,15347,2298123,242303,1053011,764197,456133,1204122,1500337,2020004,5867444,1758250,6426497,751423,582990,21147827,3416960,720173,787266,3847903,1167152,1165476,2459773,2442438,1371121,23396415,1105880,4563241,176976,657950,1055575,2855371,628552,3031488,6145626,1479859,5043255,883410,1255975,10861878,6015709,174237,632307,89881,1107576,167873
2026-03-11,209391,1643430,7145100,15347,2298123,242303,1053011,764197,456133,1204122,1500337,2020004,5867444,1758250,6426497,751423,582990,21147827,3416960,720173,787266,3847903,1167152,1165476,2459773,2442438,1371121,23396415,1105880,4563241,176976,657950,1055575,2855371,628552,3031488,6145626,1479859,5043255,883410,1255975,10861878,6015709,174237,632307,89881,1107576,167873
2026-03-12,209444,1643848,7146916,15351,2298707,242365,1053279,764391,456249,1204428,1500718,2020517,5868935,1758697,6428130,751614,583138,21153201,3417828,720356,787466,3848880,1167449,1165772,2460398,2443059,1371469,23402359,1106161,4564400,177021,658117,1055843,2856097,628712,3032258,6147187,1480235,5044536,883634,1256294,10864637,6017237,174281,632468,89904,1107858,167916
2026-03-13,209179,1641758,7137836,15331,2295787,242055,1051939,763421,455669,1202898,1498813,2017952,5861480,1756462,6419960,750659,582398,21126321,3413488,719441,786466,3843990,1165964,1164292,2457273,2439954,1369729,23372629,1104756,4558605,176796,657282,1054503,2852467,627912,3028408,6139377,1478355,5038131,882509,1254699,10850832,6009592,174061,631663,89789,1106448,167701
2026-03-16,209232,1642176,7139652,15335,2296371,242117,1052207,763615,455785,1203204,1499194,2018466,5862972,1756909,6421594,750850,582546,21131697,3414356,719624,786666,3844968,1166261,1164588,2457898,2440575,1370077,23378576,1105037,4559765,176841,657449,1054771,2853193,628072,3029178,6140939,1478731,5039413,882734,1255018,10853593,6011121,174105,631824,89812,1106730,167744
2026-03-17,209497,1644266,7148732,15355,2299291,242427,1053547,764585,456365,1204734,1501099,2021036,5870432,1759144,6429764,751805,583286,21158577,3418696,720539,787666,3849858,1167746,1166068,2461023,2443680,1371817,23408311,1106442,4565565,177066,658284,1056111,2856823,628872,3033028,6148749,1480611,5045818,883859,1256613,10867398,6018766,174325,632629,89927,1108140,167959
2026-03-18,210027,1648446,7166892,15395,2305131,243047,1056227,766525,457525,1207794,1504909,2026176,5885352,1763614,6446104,753715,584766,21212337,3427376,722369,789666,3859638,1170716,1169028,2467273,2449890,1375297,23467781,1109252,4577165,177516,659954,1058791,2864083,630472,3040728,6164369,1484371,5058638,886109,1259803,10895008,6034056,174765,634239,90157,1110960,168389
2026-03-19,209974,1648028,7165076,15391,2304547,242985,1055959,766331,457409,1207488,1504528,2025662,5883860,1763167,6444470,753524,584618,21206961,3426508,722186,789466,3858660,1170419,1168732,2466648,2449269,1374949,23461834,1108971,4576005,177471,659787,1058523,2863357,630312,3039958,6162807,1483995,5057356,885884,1259484,10892247,6032527,174721,634078,90134,1110678,168346
2026-03-20,208222,1628564,7015454,15054,2281555,238947,1034958,761762,454749,1184681,1495573,2013620,6195177,1742223,6417948,749311,574992,21107510,3128130,718116,764606,3909038,1145950,1162246,2452217,2434682,1355180,24451115,1090556,4534903,176572,643033,1049644,2846230,620199,3021538,6136796,1451230,4869193,880596,1235074,11043515,5981493,173630,630261,89252,1033509,167422
2026-03-23,208222,1628564,7015454,15054,2281555,238947,1034958,761762,454749,1184681,1495573,2013620,6195177,1742223,6417948,749311,574992,21107510,3128130,718116,764606,3909038,1145950,1162246,2452217,2434682,1355180,24451115,1090556,4534903,176572,643033,1049644,2846230,620199,3021538,6136796,1451230,4869193,880596,1235074,11043515,5981493,173630,630261,89252,1033509,167422
2026-03-24,209626,1639661,7063190,15162,2297080,240567,1042005,766946,457854,1192754,1505752,2027336,6237351,1754076,6461634,754414,578907,21251166,3149406,723003,769817,3935633,1153753,1170157,2468903,2451260,1364414,24617516,1097981,4565764,177787,647407,1056799,2865589,624411,3042112,6178565,1461112,4902322,886590,1243471,11118683,6022209,174818,634554,89846,1040556,168556
2026-03-25,208274,1628975,7017222,15058,2282130,239007,1035219,761954,454864,1184980,1495950,2014128,6196739,1742662,6419566,749500,575137,21112820,3128892,718297,764799,3910023,1146239,1162539,2452835,2435296,1355522,24457252,1090831,4536046,176617,643195,1049909,2846947,620355,3022300,6138343,1451596,4870420,880818,1235385,11046299,5983001,173674,630420,89274,1033770,167464
2026-03-26,207026,1619111,6974790,14962,2268330,237567,1028955,757346,452104,1177804,1486902,2001936,6159251,1732126,6380734,744964,571657,20985116,3109956,713953,760167,3886383,1139303,1155507,2438003,2420560,1347314,24309316,1084231,4508614,175537,639307,1043549,2829739,616611,3004012,6101215,1442812,4840972,875490,1227921,10979483,5946809,172618,626604,88746,1027506,166456
2026-03-27,206818,1617467,6967718,14946,2266030,237327,1027911,756578,451644,1176608,1485394,1999904,6153003,1730370,6374262,744208,571077,20963832,3106800,713229,759395,3882443,1138147,1154335,2435531,2418104,1345946,24284660,1083131,4504042,175357,638659,1042489,2826871,615987,3000964,6095027,1441348,4836064,874602,1226677,10968347,5940777,172442,625968,88658,1026462,166288
2026-03-30,206350,1613768,6953472,14910,2261378,236787,1025562,755037,450609,1174191,1482349,1995791,6140565,1726798,6361135,742507,569772,20920919,3100373,711600,757658,3874354,1135546,1151698,2429969,2413168,1343183,24233965,1080951,4494742,174952,637201,1040104,2820418,614583,2994742,6082399,1438425,4826080,872827,1224139,10945443,5928417,172085,624711,88460,1024113,165910
2026-03-31,204114,1596095,6877448,14738,2236653,234207,1014339,746781,445664,1161334,1466138,1973947,6073399,1707921,6291561,734380,563537,20692116,3066446,703817,749359,3831999,1123119,1139099,2403395,2386766,1328477,23968913,1069126,4445593,173017,630235,1028709,2789587,607875,2961976,6015878,1422687,4773319,863281,1210766,10825731,5863573,170193,617874,87514,1012890,164104
2026-04-01,201462,1576434,6790474,14557,2208368,231311,1001808,737337,439799,1146648,1447599,1948985,5996580,1686323,6212000,725343,556594,20430461,3027669,694586,739516,3783540,1109298,1125027,2371877,2356583,1311677,23665806,1055607,4389375,170722,622450,1015194,2755067,600343,2924519,5939803,1404697,4712958,852365,1195455,10688831,5789423,168041,610060,86392,999579,161962
2026-04-02,201462,1576434,6790474,14557,2208368,231311,1001808,737337,439799,1146648,1447599,1948985,5996580,1686323,6212000,725343,556594,20430461,3027669,694586,739516,3783540,1109298,1125027,2371877,2356583,1311677,23665806,1055607,4389375,170722,622450,1015194,2755067,600343,2924519,5939803,1404697,4712958,852365,1195455,10688831,5789423,168041,610060,86392,999579,161962
2026-04-06,201727,1578489,6799319,14577,2211243,231611,1003113,738297,440374,1148143,1449484,1951525,6004390,1688518,6220095,726288,557319,20457076,3031614,695491,740481,3788470,1110743,1126492,2374967,2359653,1313387,23696641,1056982,4395095,170947,623260,1016519,2758657,601123,2928329,5947543,1406527,4719098,853475,1197010,10702756,5796968,4206470,610855,86507,1000884,162172
2026-04-07,201886,1579722,6804626,14589,2212968,231791,1003896,738873,440719,1149040,1450615,1953049,6009076,1689835,6224952,726855,557754,20473045,3033981,696034,741060,3791428,1111610,1127371,2376821,2361495,1314413,23715139,1057807,4398527,171082,623746,1017314,2760811,601591,2930615,5952187,1407625,4722782,854141,1197943,10711111,5801495,4209755,611332,86576,1001667,162298
2026-04-08,204009,1595340,6871848,14752,2234818,234071,1013814,746169,445573,1160529,1464941,1972353,6068432,1706517,6286474,734037,563264,20675319,3064280,703569,749101,3829243,1122592,1138505,2402676,2384827,1327554,23951761,1068257,4441999,173027,629902,1028381,2788095,607519,2959872,6011577,1421533,4769446,862577,1209761,10817989,5859405,4252096,617374,87450,1012688,164028
2026-04-09,204221,1596984,6878924,14768,2237118,234311,1014858,746937,446033,1161725,1466449,1974385,6074680,1708273,6292950,734793,563844,20696611,3067436,704293,749873,3833187,1123748,1139677,2405148,2387283,1328922,23976425,1069357,4446575,173207,630550,1029441,2790967,608143,2962920,6017769,1422997,4774358,863465,1211005,10829129,5865441,4256476,618010,87542,1013732,164196
2026-04-10,203638,1592463,6859465,14724,2230793,233651,1011987,744825,444768,1158436,1462302,1968797,6057498,1703444,6275141,732714,562249,20638058,3058757,702302,747750,3822341,1120569,1136454,2398350,2380529,1325160,23908599,1066332,4433991,172712,628768,1026526,2783069,606427,2954538,6000741,1418971,4760850,861023,1207584,10798494,5848842,4244431,616261,87289,1010861,163734
2026-04-13,203267,1589586,6847082,14696,2226768,233231,1010160,743481,443963,1156343,1459663,1965241,6046564,1700371,6263808,731391,561234,20600797,3053234,701035,746399,3815439,1118546,1134403,2394024,2376231,1322766,23865430,1064407,4425983,172397,627634,1024671,2778043,605335,2949204,5989905,1416409,4752254,859469,1205407,10778999,5838279,4236766,615148,87128,1009034,163440
2026-04-14,203161,1588764,6843544,14688,2225618,233111,1009638,743097,443733,1155745,1458909,1964225,6043440,1699493,6260570,731013,560944,20590151,3051656,700673,746013,3813467,1117968,1133817,2392788,2375003,1322082,23853096,1063857,4423695,172307,627310,1024141,2776607,605023,2947680,5986809,1415677,4749798,859025,1204785,10773429,5835261,4234576,614830,87082,1008512,163356
