date,azo_shares,f_shares,pool_shares,lvs_shares,deck_shares,ulta_shares,tpr_shares,dpz_shares,dhi_shares,wsm_shares,tjx_shares,abnb_shares,hd_shares,cmg_shares,ccl_shares,mcd_shares,low_shares,mgm_shares,tsco_shares,aptv_shares,nvr_shares,mar_shares,cvna_shares,amzn_shares,rl_shares,has_shares,bkng_shares,gpc_shares,dash_shares,len_shares,rcl_shares,sbux_shares,yum_shares,wynn_shares,grmn_shares,hlt_shares,tsla_shares,nke_shares,nclh_shares,orly_shares,phm_shares,expe_shares,dri_shares,bby_shares,ebay_shares,rost_shares,gm_shares,lulu_shares
2025-03-31,95229,22091133,215956,1950214,861378,263150,1174888,196018,1609531,698653,6374537,2456597,3995271,7691780,5946306,2982218,3201812,1269633,3031687,1302127,16983,1298642,,22943611,226360,744198,187798,789056,1925397,1325226,1405201,6431180,1583789,508378,871796,1365494,11254470,6703801,2495457,326208,1148975,699925,664822,1104152,2718361,1872363,5646852,635904
2025-04-01,95229,22091133,215956,1950214,861378,263150,1174888,196018,1609531,698653,6374537,2456597,3995271,7691780,5946306,2982218,3201812,1269633,3031687,1302127,16983,1298642,,22943611,226360,744198,187798,789056,1925397,1325226,1405201,6431180,1583789,508378,871796,1365494,11254470,6703801,2495457,326208,1148975,699925,664822,1104152,2718361,1872363,5646852,635904
2025-04-03,93537,21695673,212104,1915294,845970,258434,1153864,192526,1580731,686161,6264545,2412605,3923739,7554080,5839854,2928830,3146664,1246917,2977435,1278835,16695,1275386,,22534915,222292,730878,184450,774944,1890945,1301502,1380037,6329600,1555421,499270,856172,1341050,11052978,6583813,2450781,320376,1128419,687397,652906,1084388,2669689,1838847,5545764,624528
2025-04-07,91422,21201348,207289,1871644,826710,252539,1127584,188161,1544731,670546,6121805,2357615,3834324,7381955,5706789,2862095,3074979,1218522,2909620,1249720,16335,1246316,,22021420,217207,714228,180265,757304,1847880,1271847,1348582,6185375,1519961,487885,836642,1310495,10801113,6433828,2394936,313086,1102724,671737,638011,1059683,2608849,1796952,5419404,610308
2025-04-16,92550,21465001,209857,1894924,836982,255683,1141600,190489,1563931,678874,6197933,2386943,3882012,7473755,5777757,2897687,3113211,1233666,2945803,1265248,16527,1261820,,22295284,219919,723108,182497,766712,1870848,1287663,1365358,6262305,1538873,493957,847071,1326791,10936741,6513820,2424720,316974,1116428,680089,645955,1072859,2641297,1819296,5486796,617892
2025-04-22,92550,21465001,209857,1894924,836982,255683,1141600,190489,1563931,678874,6197933,2386943,3882012,7473755,5777757,2897687,3113211,1233666,2945802,1265247,16527,1261820,,22295284,219919,723108,182497,766712,1870848,1287663,1365358,6262305,1538873,493957,847071,1326791,10936741,6513828,2424720,316974,1116428,680089,645955,1072859,2641297,1819296,5486796,617892
2025-04-23,92973,21563866,210820,1903654,840834,256862,1146856,191362,1571131,681997,6226481,2397941,3899895,7508180,5804370,2911034,3127548,1239345,2959374,1271079,16599,1267634,,22397983,220936,726438,183334,770240,1879461,1293594,1371649,6291159,1545965,496234,850977,1332902,10987114,6543825,2435889,318432,1121567,683221,648934,1077800,2653465,1827675,5512068,620736
2025-04-25,92973,21563866,210820,1903654,840834,256862,1146856,191362,1571131,681997,6226481,2397941,3899895,7508180,5804370,2911034,3127548,1239345,2959374,1271079,16599,1267634,,22397983,220936,726438,183334,770240,1879461,1293594,1371649,6291159,1545965,496234,850977,1332902,10987114,6543825,2435889,318432,1121567,683221,648934,1077800,2653465,1827675,5512068,620736
2025-04-28,92644,21486957,210071,1896864,837838,255945,1142768,190683,1565524,679568,6204270,2389387,3886386,7481398,5783671,2900653,3116390,1234928,2948818,1266543,16543,1263112,,22319192,220145,723848,182683,767496,1872755,1288981,1366756,6268717,1540449,494463,847939,1328149,10947921,6520487,2427202,317298,1117570,680785,646617,1073957,2644001,1821158,5492405,618524
2025-05-13,92738,21508931,210285,1898804,838694,256207,1143936,190877,1567126,680262,6211416,2391831,3890360,7489050,5789591,2903619,3119578,1236190,2951834,1267839,16559,1264404,,22342824,220371,724588,182869,768280,1874671,1290299,1368154,6276429,1542025,494969,848807,1329507,10959519,6527155,2429684,317622,1118712,681481,647279,1075055,2646705,1823020,5498027,619156
2025-05-14,92738,21508931,210285,1898804,838694,256207,1143936,190877,1567126,680262,6211416,2391831,3890360,7489050,5789591,2903619,3119578,1236190,2951834,1267839,16559,1264404,,22342824,220371,724588,182869,768280,1874671,1290299,1368154,6276429,1542025,494969,848807,1329507,10959519,6527155,2429684,317622,1118712,681481,647279,1075055,2646705,1823020,5498027,619156
2025-05-16,92738,21508931,210285,1898804,838694,256207,1143936,190877,1567126,680262,6211416,2391831,3890360,7489050,5789591,2903619,3119578,1236190,2951834,1267839,16559,1264404,,22342824,220371,724588,182869,768280,1874671,1290299,1368154,6276429,1542025,494969,848807,1329507,10959519,6527155,2429684,317622,1118712,681481,647279,1075055,2646705,1823020,5498027,619156
2025-05-19,92738,21508931,210285,1898804,838694,256207,1143936,190877,1567126,680262,6211416,2391831,3890360,7489050,5789591,2903619,3119578,1236190,2951834,1267839,16559,1264404,,22342824,220371,724588,182869,768280,1874671,1290299,1368154,6276429,1542025,494969,848807,1329507,10959519,6527155,2429684,317622,1118712,681481,647279,1075055,2646705,1823020,5498027,619156
2025-05-20,92738,21508931,210285,1898804,838694,256207,1143936,190877,1567126,680262,6211416,2391831,3890360,7489050,5789591,2903619,3119578,1236190,2951834,1267839,16559,1264404,,22342824,220371,724588,182869,768280,1874671,1290299,1368154,6276429,1542025,494969,848807,1329507,10959519,6527155,2429684,317622,1118712,681481,647279,1075055,2646705,1823020,5498027,619156
2025-05-21,95009,22037327,215449,1945456,859245,262534,1171983,195497,1605613,696911,6364244,2450667,3986105,7673028,5931857,2975312,3196675,1266580,3024259,1298973,16935,1295468,,22892149,225791,742378,187374,787131,1920652,1321993,1401742,6430720,1579923,507113,869696,1362120,11229119,6687399,2489339,325426,1146185,698237,663210,1101440,2711781,1867842,5633047,634305
2025-07-07,97164,22685041,218359,1969969,881533,262228,1206306,198880,1605748,714060,6484801,2506828,4090598,7825751,6098289,3292036,3250880,1201326,3079522,1264618,16982,1320398,,23812057,231647,765061,181708,806118,1991431,1348571,1451090,6600431,1614475,511148,894651,1380607,11532824,6842651,2595142,4965046,1164118,706260,679710,1118856,2677577,1909931,5584201,642032
2025-07-08,97164,22685041,218359,1969969,881533,262228,1206306,198880,1605748,714060,6484801,2506828,4090598,7825751,6098289,3292036,3250880,1201326,3079522,1264618,16982,1320398,,23812057,231647,765061,181708,806118,1991431,1348571,1451090,6600431,1614475,511148,894651,1380607,11532824,6842651,2595142,4965046,1164118,706260,679710,1118856,2677577,1909931,5584201,642032
2025-07-09,96459,22519861,216769,1955629,875113,260323,1197516,197425,1594063,708855,6437581,2488573,4060808,7768766,6053889,3268066,3227210,1192581,3057097,1255408,16862,1310783,,23638672,229967,759496,180388,800253,1976926,1338746,1440530,6552371,1602715,507428,888141,1370557,11448854,6792821,2576242,4928896,1155643,701115,674760,1110711,2658077,1896026,5543536,637352
2025-07-10,96318,22486825,216451,1952761,873829,259942,1195758,197134,1591726,707814,6428137,2484922,4054850,7757369,6045009,3263272,3222476,1190832,3052612,1253566,16838,1308860,,23603995,229631,758383,180124,799080,1974025,1336781,1438418,6542759,1600363,506684,886839,1368547,11432060,6782855,2572462,4921666,1153948,700086,673770,1109082,2654177,1893245,5535403,636416
2025-07-11,96506,22530873,216875,1956585,875541,260450,1198102,197522,1594842,709202,6440729,2489790,4062794,7772565,6056849,3269664,3228788,1193164,3058592,1256022,16870,1311424,,23650231,230079,759867,180476,800644,1977893,1339401,1441234,6555575,1603499,507676,888575,1371227,11454452,6796143,2577502,4931306,1156208,701458,675090,1111254,2659377,1896953,5546247,637664
2025-07-14,96600,22552899,217087,1958497,876397,260704,1199274,197716,1596402,709896,6447025,2492224,4066766,7780163,6062769,3272860,3231944,1194330,3061582,1257250,16886,1312706,,23673351,230303,760609,180652,801426,1979827,1340711,1442642,6561983,1605067,508172,889443,1372567,11465650,6802787,2580022,4936126,1157338,702144,675750,1112340,2661977,1898807,5551669,638288
2025-07-15,96741,22585938,217405,1961365,877681,261085,1201032,198007,1598742,710937,6456469,2495875,4072724,7791560,6071649,3277654,3236678,1196079,3066067,1259092,16910,1314629,,23708031,230639,761722,180916,802599,1982728,1342676,1444754,6571595,1607419,508916,890745,1374577,11482447,6812753,2583802,4943356,1159033,703173,676740,1113969,2665877,1901588,5559802,639224
2025-07-16,96882,22618974,217723,1964233,878965,261466,1202790,198298,1601082,711978,6465913,2499526,4078682,7802957,6080529,3282448,3241412,1197828,3070552,1260934,16934,1316552,,23742711,230975,762835,181180,803772,1985629,1344641,1446866,6581207,1609771,509660,892047,1376587,11499244,6822719,2587582,4950586,1160728,704202,677730,1115598,2669777,1904369,5567935,640160
2025-07-17,95754,22354686,215179,1941289,868693,258418,1188726,195970,1582362,703650,6390361,2470318,4031018,7711781,6009489,3244096,3203540,1183836,3034672,1246198,16742,1301168,,23465271,228287,753931,179068,794388,1962421,1328921,1429970,6504311,1590955,503708,881631,1360507,11364868,6742991,2557342,4892746,1147168,695970,669810,1102566,2638577,1882121,5502871,632672
2025-07-18,95989,22409746,215709,1946069,870833,259053,1191656,196455,1586262,705385,6406101,2476403,4040948,7730776,6024289,3252086,3211430,1186751,3042147,1249268,16782,1304373,,23523071,228847,755786,179508,796343,1967256,1332196,1433490,6520331,1594875,504948,883801,1363857,11392863,6759601,2563642,4904796,1149993,697685,671460,1105281,2645077,1886756,5516426,634232
2025-07-21,95895,22387722,215497,1944157,869977,258799,1190484,196261,1584702,704691,6399805,2473969,4036976,7723178,6018369,3248890,3208274,1185585,3039157,1248040,16766,1303091,,23499951,228623,755044,179332,795561,1965322,1330886,1432082,6513923,1593307,504452,882933,1362517,11381665,6752957,2561122,4899976,1148863,696999,670800,1104195,2642477,1884902,5511004,633608
2025-07-22,95801,22365696,215285,1942245,869121,258545,1189312,196067,1583142,703997,6393509,2471535,4033004,7715580,6012449,3245694,3205118,1184419,3036167,1246812,16750,1301809,,23476831,228399,754302,179156,794779,1963388,1329576,1430674,6507515,1591739,503956,882065,1361177,11370467,6746313,2558602,4895156,1147733,696313,670140,1103109,2639877,1883048,5505582,632984
2025-07-23,95895,22387722,215497,1944157,869977,258799,1190484,196261,1584702,704691,6399805,2473969,4036976,7723178,6018369,3248890,3208274,1185585,3039157,1248040,16766,1303091,,23499951,228623,755044,179332,795561,1965322,1330886,1432082,6513923,1593307,504452,882933,1362517,11381665,6752957,2561122,4899976,1148863,696999,670800,1104195,2642477,1884902,5511004,633608
2025-07-24,95579,22314630,214755,1937465,866981,257910,1186382,195582,1579528,702413,6378815,2465880,4023725,7697902,5998773,3238229,3197752,1181504,3029265,1243742,16710,1298829,,23422732,227839,752447,178741,792824,1958890,1326565,1427384,6492568,1588113,502716,880051,1358056,11344269,6730841,2552302,4883926,1145133,694740,668623,1100394,2633865,1878746,5493010,631557
2025-07-25,94921,22160434,213271,1924081,860989,256132,1178178,194224,1568608,697555,6334729,2448842,3995921,7644702,5957319,3215857,3175660,1173342,3008335,1235146,16598,1289855,,23260864,226271,747253,177509,787350,1945352,1317395,1417514,6447698,1577137,499244,873975,1348676,11265869,6684333,2534662,4850172,1137223,689938,664003,1092792,2615665,1865768,5455056,627189
2025-07-28,94686,22105364,212741,1919301,858849,255497,1175248,193739,1564708,695820,6318984,2442757,3985991,7625702,5942514,3207867,3167770,1170427,3000860,1232076,16558,1286650,,23203059,225711,745398,177069,785395,1940517,1314120,1413989,6431673,1573217,498004,871805,1345326,11237869,6667723,2528362,4838117,1134398,688223,662353,1090077,2609165,1861133,5441501,625629
2025-07-29,94686,22105364,212741,1919301,858849,255497,1175248,193739,1564708,695820,6318984,2442757,3985991,7625702,5942514,3207867,3167770,1170427,3000860,1232076,16558,1286650,,23203059,225711,745398,177069,785395,1940517,1314120,1413989,6431673,1573217,498004,871805,1345326,11237869,6667723,2528362,4838117,1134398,688223,662353,1090077,2609165,1861133,5441501,625629
2025-07-30,94686,22105364,212741,1919301,858849,255497,1175248,193739,1564708,695820,6318984,2442757,3985991,7625702,5942514,3207867,3167770,1170427,3000860,1232076,16558,1286650,,23203059,225711,745398,177069,785395,1940517,1314120,1413989,6431673,1573217,498004,871805,1345326,11237869,6667723,2528362,4838117,1134398,688223,662353,1090077,2609165,1861133,5441501,625629
2025-07-31,94827,22138406,213059,1922169,860133,255878,1177006,194030,1567048,696861,6328431,2446408,3991949,7637102,5951397,3212661,3172504,1172176,3005345,1233918,16582,1288573,,23237742,226047,746511,177333,786568,1943418,1316085,1416104,6441288,1575569,498748,873107,1347336,11254669,6677689,2532142,4845350,1136093,689252,663343,1091706,2613065,1863914,5449634,626565
2025-08-01,93276,21774944,209561,1890621,846009,251687,1157668,190829,1541308,685410,6224514,2406247,3926411,7511702,5853684,3159927,3120430,1152937,2956010,1213656,16318,1267420,,22856229,222351,734268,174429,773665,1911507,1294470,1392839,6335523,1549697,490564,858785,1325226,11069902,6568063,2490562,4765787,1117448,677933,652453,1073787,2570165,1833323,5360171,616269
2025-08-04,93605,21852042,210303,1897313,849005,252576,1161770,191508,1546768,687839,6246557,2414766,3940313,7538302,5874411,3171113,3131476,1157018,2966475,1217954,16374,1271907,,22937156,223135,736865,175045,776402,1918276,1299055,1397774,6357958,1555185,492300,861823,1329916,11109095,6591317,2499382,4782664,1121403,680334,654763,1077588,2579265,1839812,5379148,618453
2025-08-05,93793,21896098,210727,1901137,850717,253084,1164114,191896,1549888,689227,6259153,2419634,3948257,7553502,5886255,3177505,3137788,1159350,2972455,1220410,16406,1274471,,22983400,223583,738349,175397,777966,1922144,1301675,1400594,6370778,1558321,493292,863559,1332596,11131491,6604605,2504422,4792308,1123663,681706,656083,1079760,2584465,1843520,5389992,619701
2025-08-06,93981,21940154,211151,1904961,852429,253592,1166458,192284,1553008,690615,6271749,2424502,3956201,7568702,5898099,3183897,3144100,1161682,2978435,1222866,16438,1277035,,23029648,224031,739833,175749,779530,1926012,1304295,1403414,6383598,1561457,494284,865295,1335276,11153891,6617893,2509462,4801952,1125923,683078,657403,1081932,2589665,1847228,5400836,620949
2025-08-07,93840,21907112,210833,1902093,851145,253211,1164700,191993,1550668,689574,6262302,2420851,3950243,7557302,5889216,3179103,3139366,1159933,2973950,1221024,16414,1275112,,22994962,223695,738720,175485,778357,1923111,1302330,1401299,6373983,1559105,493540,863993,1333266,11137091,6607927,2505682,4794719,1124228,682049,656413,1080303,2585765,1844447,5392703,620013
2025-08-08,93746,21885082,210621,1900179,850289,252957,1163528,191799,1549108,688880,6256004,2418417,3946271,7549702,5883294,3175907,3136210,1158767,2970960,1219796,16398,1273830,,22971838,223471,737978,175309,777575,1921177,1301020,1399889,6367573,1557537,493044,863125,1331926,11125891,6601283,2503162,4789897,1123098,681363,655753,1079217,2583165,1842593,5387281,619389
2025-08-11,93464,21818992,209985,1894437,847721,252195,1160012,191217,1544428,686798,6237110,2411115,3934355,7526902,5865528,3166319,3126742,1155269,2961990,1216112,16350,1269984,,22902466,222799,735752,174781,775229,1915375,1297090,1395659,6348343,1552833,491556,860521,1327906,11092291,6581351,2495602,4775431,1119708,679305,653773,1075959,2575365,1837031,5371015,617517
2025-08-12,93464,21818992,209985,1894437,847721,252195,1160012,191217,1544428,686798,6237110,2411115,3934355,7526902,5865528,3166319,3126742,1155269,2961990,1216112,16350,1269984,,22902466,222799,735752,174781,775229,1915375,1297090,1395659,6348343,1552833,491556,860521,1327906,11092291,6581351,2495602,4775431,1119708,679305,653773,1075959,2575365,1837031,5371015,617517
2025-08-13,93558,21841024,210197,1896351,848577,252449,1161184,191411,1545988,687492,6243408,2413549,3938327,7534502,5871450,3169517,3129900,1156435,2964980,1217340,16366,1271266,,22925592,223023,736496,174957,776011,1917309,1298400,1397069,6354753,1554401,492052,861389,1329246,11103491,6587997,2498122,4780253,1120838,679991,654433,1077045,2577965,1838885,5376439,618141
2025-08-14,93887,21918136,210939,1903050,851573,253338,1165286,192090,1551448,689921,6265451,2422068,3952229,7561102,5892177,3180710,3140953,1160516,2975445,1221638,16422,1275753,,23006533,223807,739100,175573,778748,1924078,1302985,1402004,6377188,1559889,493788,864427,1333936,11142691,6611258,2506942,4797130,1124793,682392,656743,1080846,2587065,1845374,5395423,620325
2025-08-15,93699,21874072,210515,1899222,849861,252830,1162942,191702,1548328,688533,6255650,2417200,3945793,7545902,5880333,3175648,3136022,1158184,2969465,1219182,16390,1273991,,22967998,223359,737612,175286,777184,1921248,1300365,1399987,6367540,1556753,492796,862691,1332061,11124116,6601434,2501902,4790060,1122533,681020,655423,1078674,2581865,1841666,5384575,619077
2025-08-18,93934,21929162,211045,1904007,852001,253465,1165872,192187,1552228,690268,6271400,2423290,3955728,7564907,5895143,3183643,3143917,1161099,2976945,1222252,16430,1277196,,23025823,223924,739472,175726,779144,1926083,1303640,1403512,6383570,1560673,494036,864866,1335416,11152121,6618049,2508202,4802115,1125358,682735,657073,1081389,2588365,1846306,5398135,620637
2025-08-19,94075,21962219,211363,1906878,853285,253846,1167630,192478,1554568,691309,6280850,2426944,3961689,7576310,5904029,3188440,3148654,1162851,2981433,1224094,16454,1279119,,23060524,224263,740588,175990,780320,1928984,1305605,1405627,6393188,1563025,494780,866171,1337429,11168927,6628021,2511985,4809351,1127053,683764,658063,1083018,2592268,1849090,5406274,621573
2025-08-20,93934,21929162,211045,1904007,852001,253465,1165872,192187,1552228,690268,6271400,2423290,3955728,7564907,5895143,3183643,3143917,1161099,2976945,1222252,16430,1277196,,23025823,223924,739472,175726,779144,1926083,1303640,1403512,6383570,1560673,494036,864866,1335416,11152121,6618049,2508202,4802115,1125358,682735,657073,1081389,2588365,1846306,5398135,620637
2025-08-21,94169,21984269,211575,1908792,854141,254100,1168802,192672,1556128,692003,6287150,2429380,3965663,7583924,5909953,3191638,3151812,1164019,2984425,1225322,16470,1280401,,23083658,224489,741332,176166,781104,1930918,1306915,1407037,6399600,1564593,495276,867041,1338771,11180131,6634669,2514507,4814175,1128183,684450,658723,1084116,2594870,1850946,5411700,622197
2025-08-22,94952,22169315,213271,1924104,860989,256266,1178910,194371,1569243,697555,6337550,2449830,3997455,7647804,5959703,3217222,3177076,1173363,3009536,1235146,16598,1290657,,23270219,226297,747284,177574,787376,1946390,1317923,1418317,6450896,1577769,499244,874324,1349507,11270393,6687853,2534683,4852767,1137239,689938,664003,1092820,2616707,1866510,5457229,627189
2025-08-25,94435,22048095,212105,1913577,856281,254869,1172464,193304,1560663,693738,6302900,2436432,3975598,7605982,5927121,3199633,3159707,1166939,2993080,1228392,16510,1283606,,23142982,225054,743192,176606,783064,1935753,1310718,1410562,6415630,1569145,496516,869539,1342126,11208771,6651289,2520812,4826235,1131013,686165,660373,1086836,2602396,1856302,5427386,623757
2025-08-26,94435,22048095,212105,1913577,856281,254869,1172464,193304,1560663,693738,6302900,2436432,3975598,7605982,5927121,3199633,3159707,1166939,2993080,1228392,16510,1283606,,23142982,225054,743192,176606,783064,1935753,1310718,1410562,6415630,1569145,496516,869539,1342126,11208771,6651289,2520812,4826235,1131013,686165,660373,1086836,2602396,1856302,5427386,623757
2025-08-27,94247,22004015,211681,1909749,854569,254361,1170120,192916,1557543,692350,6290300,2431560,3967650,7590774,5915269,3193237,3153391,1164603,2987096,1225936,16478,1281042,,23096710,224602,741704,176254,781496,1931885,1308098,1407742,6402806,1566009,495524,867799,1339442,11186359,6637993,2515768,4816587,1128749,684793,659053,1084660,2597192,1852590,5416534,622509
2025-08-28,94623,22092175,212529,1917405,857993,255377,1174808,193692,1563783,695126,6315500,2441304,3983546,7621190,5938973,3206029,3166023,1169275,2999064,1230848,16542,1286170,,23189254,225506,744680,176958,784632,1939621,1313338,1413382,6428454,1572281,497508,871279,1344810,11231183,6664585,2525856,4835883,1133277,687537,661693,1089012,2607600,1860014,5438238,625005
2025-08-29,94623,22092175,212529,1917405,857993,255377,1174808,193692,1563783,695126,6315500,2441304,3983546,7621190,5938973,3206029,3166023,1169275,2999064,1230848,16542,1286170,,23189254,225506,744680,176958,784632,1939621,1313338,1413382,6428454,1572281,497508,871279,1344810,11231183,6664585,2525856,4835883,1133277,687537,661693,1089012,2607600,1860014,5438238,625005
2025-09-02,95252,22235447,214094,1931370,864265,257028,1182426,194953,1573923,700058,6357148,2457542,4010048,7671883,5977492,3227226,3186888,1176867,3018512,1239850,16646,1294503,,23343072,227131,750141,178129,790330,1952192,1321853,1422547,6470144,1582473,501169,876934,1353533,11305697,6707797,2544489,4867239,1141284,692401,666375,1096986,2624513,1872391,5474409,629444
2025-09-03,95440,22279547,214518,1935198,865977,257536,1184770,195341,1577043,701446,6369756,2462414,4018000,7687095,5989348,3233626,3193208,1179203,3024500,1242310,16678,1297071,,23389364,227583,751629,178481,791898,1956064,1324473,1425367,6482976,1585613,502161,878674,1356217,11328117,6721101,2549533,4876891,1143548,693773,667695,1099162,2629717,1876103,5485265,630692
2025-09-04,96850,22610297,217698,1963908,878817,261346,1202350,198251,1600443,711856,6464316,2498954,4077640,7801185,6078268,3281626,3240608,1196723,3069410,1260760,16918,1316331,,23736554,230973,762789,181121,803658,1985104,1344123,1446517,6579216,1609163,509601,891724,1376347,11496267,6820881,2587363,4949281,1160528,704063,677595,1115482,2668747,1903943,5566685,640052
2025-09-05,96897,22621326,217804,1964866,879246,261473,1202937,198348,1601224,712203,6467469,2500173,4079629,7804990,6081233,3283227,3242189,1197307,3070907,1261375,16926,1316973,,23748131,231086,763161,181209,804050,1986072,1344779,1447223,6582425,1609948,509850,892159,1377018,11501874,6824208,2588625,4951695,1161094,704406,677925,1116026,2670049,1904872,5569400,640364
2025-09-08,96785,22596517,217486,1961992,877959,261215,1201176,198057,1599477,711162,6459289,2497029,4074477,7795152,6074600,3279079,3238091,1195555,3067565,1259530,16918,1315047,,23718108,230747,762045,180995,802874,1983618,1343330,1445396,6574514,1608185,509103,891171,1375203,11487333,6815802,2584839,4945563,1159396,703377,676932,1114394,2667137,1902471,5562364,639428
2025-09-09,96785,22596517,217486,1961992,877959,261215,1201176,198057,1599477,711162,6459289,2497029,4074477,7795152,6074600,3279079,3238091,1195555,3067565,1259530,16918,1315047,,23718108,230747,762045,180995,802874,1983618,1343330,1445396,6574514,1608185,509103,891171,1375203,11487333,6815802,2584839,4945563,1159396,703377,676932,1114394,2667137,1902471,5562364,639428
2025-09-10,96691,22574455,217274,1960076,877101,260959,1200002,197863,1597915,710468,6452983,2494591,4070499,7787542,6068670,3275877,3234929,1194387,3064571,1258300,16902,1313763,,23694950,230521,761301,180819,802090,1981682,1342018,1443984,6568094,1606615,508605,890301,1373861,11476117,6809148,2582315,4940735,1158264,702691,676270,1113306,2664533,1900613,5556934,638804
2025-09-11,97537,22773013,219182,1977320,884823,263263,1210568,199609,1611973,716714,6509737,2516533,4106301,7856050,6122058,3304695,3263387,1204899,3091535,1269370,17046,1325319,,23903372,232555,767997,182403,809146,1999106,1353826,1456692,6625874,1620745,513087,898131,1385939,11577061,6869034,2605031,4984187,1168452,708865,682228,1123098,2687969,1917335,5605822,644420
2025-09-12,97537,22773013,219182,1977320,884823,263263,1210568,199609,1611973,716714,6509737,2516533,4106301,7856050,6122058,3304695,3263387,1204899,3091535,1269370,17046,1325319,,23903372,232555,767997,182403,809146,1999106,1353826,1456692,6625874,1620745,513087,898131,1385939,11577061,6869034,2605031,4984187,1168452,708865,682228,1123098,2687969,1917335,5605822,644420
2025-09-15,96597,22552373,217062,1958160,876243,260703,1198828,197669,1596353,709774,6446657,2492153,4066521,7779930,6062738,3272675,3231767,1193219,3061575,1257070,16886,1312479,,23671772,230295,760557,180643,801306,1979746,1340706,1442572,6561674,1605045,508107,889431,1372519,11464901,6802474,2579791,4935907,1157132,702005,675608,1112218,2661929,1898755,5551502,638180
2025-09-16,96738,22585469,217380,1961034,877530,261087,1200589,197960,1598696,710815,6456119,2495810,4072488,7791348,6071636,3277478,3236510,1194971,3066069,1258915,16910,1314405,,23706512,230634,761673,180907,802482,1982650,1342674,1444690,6571304,1607400,508854,890736,1374532,11481725,6812458,2583577,4943149,1158830,703034,676601,1113850,2665835,1901542,5559650,639116
2025-09-17,96597,22552373,217062,1958160,876243,260703,1198828,197669,1596353,709774,6446657,2492153,4066521,7779930,6062738,3272675,3231767,1193219,3061575,1257070,16886,1312479,,23671772,230295,760557,180643,801306,1979746,1340706,1442572,6561674,1605045,508107,889431,1372519,11464901,6802474,2579791,4935904,1157132,702005,675608,1112218,2661929,1898755,5551502,638180
2025-09-18,96785,22596501,217486,1961992,877959,261215,1201176,198057,1599477,711162,6459273,2497029,4074477,7795154,6074602,3279079,3238091,1195555,3067567,1259530,16918,1315047,,23718092,230747,762045,180995,802874,1983618,1343330,1445396,6574514,1608185,509103,891171,1375203,11487333,6815786,2584839,4945564,1159396,703377,676932,1114394,2667137,1902471,5562366,639428
2025-09-19,95368,22284361,187217,1760939,845668,256232,1186466,178049,1580573,701178,6359878,2446085,4007445,7644087,6189250,3474811,3194930,1163769,3021142,1241400,16362,1284445,,23590243,220576,759471,184763,792930,2110272,1297501,1440094,6480060,1582169,481295,932757,1340787,11302803,6772605,2576392,4837081,1124759,673788,667183,1120509,2605259,1864561,5427575,621729
2025-09-22,95791,22383055,188045,1768742,849412,257366,1191722,178841,1587575,704283,6388048,2456921,4025193,7677945,6216664,3490201,3209078,1168926,3034525,1246899,16434,1290133,,23694724,221557,762837,185582,796440,2119614,1303243,1446475,6508761,1589180,483428,936888,1346727,11352861,6802602,2587804,4858501,1129736,676776,670135,1125468,2616797,1872823,5451614,624483
2025-09-23,95603,22339191,187677,1765274,847748,256862,1189386,178489,1584463,702903,6375528,2452105,4017305,7662897,6204480,3483361,3202790,1166634,3028577,1244455,16402,1287605,,23648288,221121,761341,185218,794880,2115462,1300691,1443639,6496005,1586064,482480,935052,1344087,11330613,6789270,2582732,4848981,1127524,675448,668823,1123264,2611669,1869151,5440930,623259
2025-09-24,95697,22361123,187861,1767008,848580,257114,1190554,178665,1586019,703593,6381788,2454513,4021249,7670421,6210572,3486781,3205934,1167780,3031551,1245677,16418,1288869,,23671506,221339,762089,185400,795660,2117538,1301967,1445057,6502383,1587622,482954,935970,1345407,11341737,6795936,2585268,4853741,1128630,676112,669479,1124366,2614233,1870987,5446272,623871
2025-09-25,95979,22426919,188413,1772210,851076,257870,1194058,179193,1590687,705663,6400568,2461737,4033081,7692993,6228848,3497041,3215366,1171218,3040473,1249343,16466,1292661,,23741160,221993,764333,185946,798000,2123766,1305795,1449311,6521517,1592296,484376,938724,1349367,11375109,6815934,2592876,4868021,1131948,678104,671447,1127672,2621925,1876495,5462298,625707
2025-09-26,95986,22428851,188413,1772210,851076,257870,1194058,179193,1590817,705663,6401003,2461940,4033357,7693618,6228848,3497279,3215594,1171218,3040473,1249343,16466,1292763,,23742664,221993,764333,185957,798000,2123923,1305938,1449417,6522004,1592431,484376,938811,1349473,11375837,6816450,2592876,4868396,1131948,678104,671447,1127672,2622149,1876644,5462744,625707
2025-09-29,96315,22505620,189057,1778279,853988,258752,1198146,179809,1596263,708078,6422913,2470368,4047161,7719952,6250170,3509249,3226598,1175229,3050882,1253620,16522,1297187,,23823927,222756,766951,186594,800730,2131196,1310411,1454380,6544327,1597884,486035,942024,1354093,11414771,6839781,2601752,4885056,1135826,680428,673743,1131529,2631123,1883070,5481441,627849
2025-09-30,96409,22527554,189241,1780013,854820,259004,1199314,179985,1597819,708768,6429173,2472776,4051105,7727476,6256262,3512669,3229742,1176375,3053856,1254842,16538,1298451,,23847145,222974,767699,186776,801510,2133274,1311689,1455798,6550705,1599442,486509,942942,1355413,11425895,6846447,2604288,4889816,1136934,681092,674399,1132631,2633687,1884906,5486783,628461
2025-10-01,96597,22571422,189609,1783481,856484,259508,1201650,180337,1600931,710148,6441693,2477592,4058993,7742524,6268446,3519509,3236030,1178667,3059804,1257286,16570,1300979,,23893581,223410,769195,187140,803070,2137430,1314245,1458634,6563461,1602558,487457,944778,1358053,11448143,6859779,2609360,4899336,1139150,682420,675711,1134835,2638815,1888578,5497467,629685
2025-10-02,96080,22450785,188597,1773944,851908,258122,1195226,179369,1592373,706353,6407263,2464348,4037301,7701142,6234940,3500699,3218738,1172364,3043447,1250565,16482,1294027,,23765882,222211,765081,186139,798780,2126001,1307216,1450835,6528382,1593989,484850,939729,1350793,11386961,6823116,2595412,4873156,1133056,678768,672103,1128774,2624713,1878480,5468086,626319
2025-10-03,95375,22286280,187217,1760939,845668,256232,1186466,178049,1580703,701178,6360313,2446288,4007721,7644712,6189250,3475049,3195158,1163769,3021142,1241400,16362,1284547,,23591747,220576,759471,184774,792930,2110416,1297631,1440200,6480547,1582304,481295,932844,1340893,11303531,6773121,2576392,4837456,1124746,673788,667183,1120509,2605483,1864710,5428021,621729
2025-10-06,95375,22286280,187217,1760939,845668,256232,1186466,178049,1580703,701178,6360313,2446288,4007721,7644712,6189250,3475049,3195158,1163769,3021142,1241400,16362,1284547,,23591747,220576,759471,184774,792930,2110416,1297631,1440200,6480547,1582304,481295,932844,1340893,11303531,6773121,2576392,4837456,1124746,673788,667183,1120509,2605483,1864710,5428021,621729
2025-10-07,95563,22330144,187585,1764407,847332,256736,1188802,178401,1583815,702558,6372833,2451104,4015609,7659760,6201434,3481889,3201446,1166061,3027090,1243844,16394,1287075,,23638183,221012,760967,185138,794490,2114568,1300187,1443036,6493303,1585420,482243,934680,1343533,11325779,6786453,2581464,4846976,1126962,675116,668495,1122713,2610611,1868382,5438705,622953
2025-10-08,95563,22330144,187585,1764407,847332,256736,1188802,178401,1583815,702558,6372833,2451104,4015609,7659760,6201434,3481889,3201446,1166061,3027090,1243844,16394,1287075,,23638183,221012,760967,185138,794490,2114568,1300187,1443036,6493303,1585420,482243,934680,1343533,11325779,6786453,2581464,4846976,1126962,675116,668495,1122713,2610611,1868382,5438705,622953
2025-10-09,95563,22330144,187585,1764407,847332,256736,1188802,178401,1583815,702558,6372833,2451104,4015609,7659760,6201434,3481889,3201446,1166061,3027090,1243844,16394,1287075,,23638183,221012,760967,185138,794490,2114568,1300187,1443036,6493303,1585420,482243,934680,1343533,11325779,6786453,2581464,4846976,1126962,675116,668495,1122713,2610611,1868382,5438705,622953
2025-10-10,96174,22472702,188781,1775678,852740,258374,1196394,179545,1593929,707043,6413523,2466756,4041245,7708666,6241032,3504119,3221882,1173510,3046421,1251787,16498,1295291,,23789100,222429,765829,186321,799560,2128062,1308494,1452253,6534760,1595547,485324,940647,1352113,11398085,6829782,2597948,4877916,1134164,679432,672759,1129876,2627277,1880316,5473428,626931
2025-10-13,96418,22527537,189241,1780013,854820,259060,1199599,179985,1597819,708944,6429765,2472776,4051469,7728279,6257606,3512990,3230047,1176375,3054514,1254842,16538,1298585,,23849223,222974,767699,186793,801510,2133476,1311689,1455942,6551344,1599442,486509,942942,1355550,11426896,6847126,2604288,4890299,1137197,681239,674570,1132631,2633687,1884906,5487366,628461
2025-10-14,96794,22615273,189977,1786949,858148,260068,1204271,180689,1604043,711704,6454805,2482408,4067245,7758375,6281974,3526670,3242623,1180959,3066410,1259730,16602,1303641,,23942103,223846,770691,187521,804630,2141788,1316801,1461614,6576856,1605674,488405,946614,1360830,11471400,6873790,2614432,4909347,1141629,683895,677194,1137039,2643943,1892250,5508734,630909
2025-10-15,96277,22494636,188965,1777412,853572,258682,1197847,179721,1595485,707909,6420375,2469164,4045553,7716993,6248468,3507860,3225331,1174656,3050053,1253009,16514,1296689,,23814393,222647,766577,186520,800340,2130359,1309772,1453815,6541777,1597105,485798,941565,1353570,11410207,6837127,2600484,4883156,1135535,680243,673586,1130978,2629841,1882152,5479353,627543
2025-10-16,96183,22472702,188781,1775678,852740,258430,1196679,179545,1593929,707219,6414115,2466756,4041609,7709469,6242376,3504440,3222187,1173510,3047079,1251787,16498,1295425,,23791173,222429,765829,186338,799560,2128281,1308494,1452397,6535399,1595547,485324,940647,1352250,11399081,6830461,2597948,4878394,1134427,679579,672930,1129876,2627277,1880316,5474011,626931
2025-10-17,96747,22604306,189885,1786082,857732,259942,1203687,180601,1603265,711359,6451675,2481204,4065273,7754613,6278928,3524960,3241051,1180386,3064923,1259119,16594,1303009,,23930493,223737,770317,187430,804240,2140749,1316162,1460905,6573667,1604895,488168,946155,1360170,11465837,6870457,2613164,4906966,1141075,683563,676866,1136488,2642661,1891332,5506063,630603
2025-10-20,96653,22582372,189701,1784348,856900,259690,1202519,180425,1601709,710669,6445415,2478796,4061329,7747089,6272836,3521540,3237907,1179240,3061949,1257897,16578,1301745,,23907273,223519,769569,187248,803460,2138671,1314884,1459487,6567289,1603337,487694,945237,1358850,11454711,6863791,2610628,4902204,1139967,682899,676210,1135386,2640097,1889496,5500721,629991
2025-10-21,96653,22582372,189701,1784348,856900,259690,1202519,180425,1601709,710669,6445415,2478796,4061329,7747089,6272836,3521540,3237907,1179240,3061949,1257897,16578,1301745,,23907273,223519,769569,187248,803460,2138671,1314884,1459487,6567289,1603337,487694,945237,1358850,11454711,6863791,2610628,4902204,1139967,682899,676210,1135386,2640097,1889496,5500721,629991
2025-10-22,97123,22696314,190621,1793018,861060,260950,1208359,181305,1609796,714119,6477246,2491294,4081389,7784709,6303296,3538933,3253901,1184970,3076819,1264438,16665,1308065,,24025335,224609,773309,188172,807647,2149231,1321274,1466692,6599716,1611431,490064,950011,1365450,11511274,6897689,2623308,4926415,1145507,686219,679490,1140896,2653429,1899022,5527431,633254
2025-10-23,96653,22586624,189701,1784348,856900,259690,1202519,180425,1602016,710669,6445946,2479254,4061659,7747079,6272836,3521833,3238171,1179240,3061949,1258328,16585,1301745,,23909215,223519,769569,187262,803747,2138841,1314884,1459602,6567816,1603641,487694,945421,1358850,11455644,6864349,2610628,4902605,1139967,682899,676210,1135376,2640609,1889842,5500711,630194
2025-10-24,96230,22487903,188873,1776545,853156,258556,1197263,179633,1595014,707564,6417776,2468418,4043902,7713212,6245422,3506443,3224014,1174083,3048566,1252829,16513,1296057,,23804707,222538,766203,186443,800237,2129490,1309133,1453221,6539106,1596630,485561,941290,1352910,11405577,6834343,2599216,4881176,1134981,679911,673258,1130408,2629071,1881580,5476663,627440
2025-10-27,96277,22498872,188965,1777412,853572,258682,1197847,179721,1595792,707909,6420906,2469622,4045875,7716975,6248468,3508153,3225587,1174656,3050053,1253440,16521,1296689,,23816318,222647,766577,186534,800627,2130529,1309772,1453930,6542296,1597409,485798,941749,1353570,11411140,6837677,2600484,4883557,1135535,680243,673586,1130960,2630353,1882498,5479335,627746
2025-10-28,96277,22498872,188965,1777412,853572,258682,1197847,179721,1595792,707909,6420906,2469622,4045875,7716975,6248468,3508153,3225587,1174656,3050053,1253440,16521,1296689,,23816318,222647,766577,186534,800627,2130529,1309772,1453930,6542296,1597409,485798,941749,1353570,11411140,6837677,2600484,4883557,1135535,680243,673586,1130960,2630353,1882498,5479335,627746
2025-10-29,96230,22487903,188873,1776545,853156,258556,1197263,179633,1595014,707564,6417776,2468418,4043902,7713212,6245422,3506443,3224014,1174083,3048566,1252829,16513,1296057,,23804707,222538,766203,186443,800237,2129490,1309133,1453221,6539106,1596630,485561,941290,1352910,11405577,6834343,2599216,4881176,1134981,679911,673258,1130408,2629071,1881580,5476663,627440
2025-10-30,96616,22575774,189660,1783965,856727,259577,1201983,180383,1601238,710352,6443037,2478074,4059859,7744042,6270180,3520248,3236711,1178993,3060642,1257633,16575,1301237,,23898715,223467,769397,187178,803299,2137864,1314476,1458928,6564808,1602860,487585,944957,1358321,11450604,6861175,2610080,4900342,1139461,682598,675907,1135157,2639320,1888941,5498557,629850
2025-10-31,96616,22575774,189660,1783965,856727,259577,1201983,180383,1601238,710352,6443037,2478074,4059859,7744042,6270180,3520248,3236711,1178993,3060642,1257633,16575,1301237,,23898715,223467,769397,187178,803299,2137864,1314476,1458928,6564808,1602860,487585,944957,1358321,11450604,6861175,2610080,4900342,1139461,682598,675907,1135157,2639320,1888941,5498557,629850
2025-11-03,97274,22729564,190948,1796117,862565,261341,1210173,181615,1612144,715196,6486927,2494958,4087509,7796794,6312894,3544230,3258761,1187029,3081488,1266201,16687,1310099,,24061521,224993,774633,188452,808773,2152424,1323436,1468868,6609524,1613780,490903,951397,1367575,11528612,6907921,2627860,4933718,1147217,687246,680513,1142885,2657296,1901807,5536021,634134
2025-11-04,97274,22729564,190948,1796117,862565,261341,1210173,181615,1612144,715196,6486927,2494958,4087509,7796794,6312894,3544230,3258761,1187029,3081488,1266201,16687,1310099,,24061521,224993,774633,188452,808773,2152424,1323436,1468868,6609524,1613780,490903,951397,1367575,11528612,6907921,2627860,4933718,1147217,687246,680513,1142885,2657296,1901807,5536021,634134
2025-11-05,96945,22652669,190304,1790041,859646,260459,1206078,180999,1606691,712774,6464982,2486516,4073684,7770418,6291537,3532239,3247736,1183011,3071065,1261917,16631,1305668,,23980118,224230,772015,187815,806036,2145144,1318956,1463898,6587166,1608320,489244,948177,1362948,11489608,6884548,2618970,4917030,1143339,684922,678210,1139021,2648308,1895374,5517289,631992
2025-11-06,97650,22817444,191684,1803061,865901,262349,1214853,182319,1618376,717964,6512007,2504606,4103324,7826938,6337302,3557934,3271361,1191621,3093400,1271097,16751,1315163,,24154553,225865,777625,189180,811901,2160744,1328556,1474548,6635076,1620020,492799,955077,1372863,11573188,6934633,2638020,4952790,1151649,689902,683145,1147301,2667568,1909159,5557429,636582
2025-11-07,97180,22707594,190764,1794381,861731,261089,1209003,181439,1610586,714504,6480657,2492546,4083564,7789258,6306792,3540804,3255611,1185881,3078510,1264977,16671,1308833,,24038263,224775,773885,188270,807991,2150344,1322156,1467448,6603136,1612220,490429,950477,1366253,11517468,6901243,2625320,4928950,1146109,686582,679855,1141781,2654728,1899969,5530669,633522
2025-11-10,97112,22691928,190580,1792645,860897,260837,1207833,181263,1609028,713812,6476010,2490823,4080612,7781722,6300690,3538258,3253282,1184733,3075532,1263753,16655,1307923,,24020747,224557,773137,188136,807209,2148837,1320876,1466421,6598462,1610660,489955,949557,1365299,11509077,6896388,2622780,4925482,1145001,685918,679197,1140677,2652160,1898657,5526796,632910
2025-11-11,96971,22658967,190304,1790041,859646,260459,1206078,180999,1606691,712774,6466602,2487205,4074684,7770415,6291537,3533119,3248557,1183011,3071065,1261917,16631,1306024,,23985854,224230,772015,187863,806036,2145717,1318956,1464291,6588877,1608320,489244,948177,1363316,11492358,6886371,2618970,4918327,1143336,684922,678210,1139021,2648308,1895900,5518768,631989
2025-11-12,96172,22472188,188740,1775285,852557,258317,1196133,179503,1593448,706892,6413290,2466703,4041092,7706342,6239670,3503998,3221782,1173253,3045752,1251513,16495,1295263,,23788144,222377,765657,186316,799389,2128037,1308076,1452221,6534562,1595060,485215,940357,1352079,11397617,6829608,2597380,4877782,1133901,679278,672617,1129637,2626480,1880277,5473276,626770
2025-11-13,95655,22351331,187728,1765737,847970,256931,1189698,178535,1584879,703086,6378794,2453437,4019356,7664883,6206109,3485155,3204457,1166939,3029373,1244781,16407,1288300,,23660214,221178,761543,185315,795088,2116597,1301036,1444411,6499417,1586480,482608,935297,1344808,11336314,6792879,2583410,4851547,1127796,675626,668998,1123565,2612356,1870168,5443840,623393
2025-11-14,95279,22263435,186992,1758793,844634,255923,1185018,177831,1578647,700318,6353706,2443789,4003548,7634731,6181701,3471451,3191857,1162347,3017461,1239885,16343,1283236,,23567166,220306,758551,184587,791960,2108277,1295916,1438731,6473857,1580240,480712,931617,1339520,11291730,6766167,2573250,4832467,1123356,672970,666366,1119149,2602084,1862816,5422432,620937
2025-11-17,95719,22366468,187820,1767531,848387,257180,1190908,178623,1586409,703805,6383133,2455098,4022090,7672313,6212256,3487510,3206621,1167513,3032359,1245393,16415,1289161,,23676261,221287,761917,185437,795914,2118023,1302335,1445389,6503820,1588013,482845,936220,1345717,11344024,6797475,2584680,4854836,1128953,676283,669683,1124126,2614891,1871087,5447523,624059
2025-11-18,94920,22179638,186256,1752775,841298,255038,1180963,177127,1573166,697923,6329804,2434596,3988498,7608223,6160372,3458372,3179829,1157755,3007029,1234989,16279,1278400,,23478483,219434,755542,183890,789267,2100326,1291455,1433319,6449488,1574753,478816,928400,1334480,11249266,6740695,2563073,4814274,1119518,670639,664090,1114725,2593046,1855447,5402014,618840
2025-11-19,93275,21794988,183036,1722395,826703,250628,1160488,174047,1545866,685813,6220009,2392386,3919338,7476273,6053552,3398382,3124669,1137665,2954879,1213569,15999,1256245,,23071293,215619,742417,180705,775582,2063891,1269055,1408469,6337628,1547453,470521,912300,1311345,11054176,6623795,2518588,4730764,1100093,659019,652575,1095370,2548071,1823247,5308319,608095
2025-11-20,92993,21729048,182484,1717187,824201,249872,1156978,173519,1541192,683737,6201187,2385150,3907482,7453653,6035240,3388098,3115213,1134221,2945939,1209897,15951,1252447,,23001489,214965,740167,180159,773236,2057645,1265215,1404209,6318452,1542773,469099,909540,1307379,11020732,6603755,2510962,4716448,1096763,657027,650601,1092052,2540361,1817727,5292257,606253
2025-11-21,92899,21707068,182300,1715451,823367,249620,1155808,173343,1539632,683045,6194913,2382738,3903530,7446113,6029136,3384670,3112061,1133073,2942959,1208673,15935,1251181,,22978219,214747,739417,179977,772454,2055563,1263935,1402789,6312060,1541213,468625,908620,1306057,11009584,6597075,2508420,4711676,1095653,656363,649943,1090946,2537791,1815887,5286903,605639
2025-11-24,93040,21740041,182576,1718058,824618,249998,1157563,173607,1541972,684083,6204324,2386356,3909461,7457423,6038295,3389812,3116789,1134795,2947429,1210509,15959,1253083,,23013124,215074,740542,180250,773627,2058686,1265855,1404919,6321648,1543553,469336,910000,1308040,11026309,6607095,2512233,4718834,1097318,657359,650930,1092605,2541646,1818647,5294934,606560
2025-11-25,92617,21641122,181748,1710237,820865,248864,1152298,172815,1534952,680969,6176091,2375502,3891668,7423493,6010818,3374386,3102605,1129629,2934019,1205001,15887,1247377,,22908409,214093,737167,179431,770108,2049317,1260095,1398529,6292884,1536533,467203,905860,1302091,10976134,6577035,2500794,4697360,1092323,654371,647969,1087628,2530081,1810367,5270841,603797
2025-11-26,92554,21626927,181564,1708499,820823,248612,1151128,172820,1533954,680277,6172070,2373926,3889100,7418626,6006863,3372197,3100596,1128481,2932100,1204879,15880,1246535,,22893400,214096,737170,179307,769326,2047987,1214459,1397598,6288774,1535506,467165,905264,1301221,10968930,6572720,2498252,4694308,1091618,653927,647311,1087549,2528430,1809540,5267401,603183
2025-11-28,92460,21604939,181380,1706761,819989,248360,1149958,172644,1532394,679585,6165794,2371512,3885146,7411084,6000755,3368769,3097444,1127333,2929120,1203655,15864,1245267,,22870124,213878,736420,179125,768544,2045905,1213225,1396178,6282380,1533944,466691,904344,1299899,10957778,6566038,2495710,4689536,1090508,653263,646653,1086443,2525860,1807700,5262045,602569
2025-12-01,92460,21604939,181380,1706761,819989,248360,1149958,172644,1532394,679585,6165794,2371512,3885146,7411084,6000755,3368769,3097444,1127333,2929120,1203655,15864,1245267,,22870124,213878,736420,179125,768544,2045905,1213225,1396178,6282380,1533944,466691,904344,1299899,10957778,6566038,2495710,4689536,1090508,653263,646653,1086443,2525860,1807700,5262045,602569
2025-12-02,92829,21691241,182024,1714170,822908,249416,1154946,173260,1538513,682558,6190427,2380987,3900664,7440659,6024725,3382223,3109814,1131351,2940822,1207939,15920,1250245,,22961481,214641,739045,179838,771884,2054075,1218346,1401756,6307473,1540075,468350,907955,1305093,11001546,6592260,2508344,4708265,1094393,655868,649464,1090314,2535947,1814923,5283066,605213
2025-12-03,92970,21724238,182300,1716777,824159,249794,1156704,173524,1540853,683596,6199844,2384608,3906598,7451978,6033890,3387368,3114545,1133073,2945295,1209778,15944,1252147,,22996410,214968,740170,180111,773057,2057201,1220200,1403889,6317067,1542418,469064,909335,1307079,11018283,6602289,2512160,4715426,1096058,656867,650451,1091973,2539805,1817683,5291103,606134
2025-12-04,95649,22351181,187544,1766310,847928,256976,1190106,178540,1585313,703318,6378767,2453407,4019344,7667039,6208025,3485123,3204434,1165791,3030282,1244719,16400,1288285,,23660118,221181,761545,185298,795344,2116595,1255426,1444416,6499353,1586935,482630,935555,1344813,11336286,6792840,2584664,4851542,1127693,675848,669204,1123494,2613107,1870123,5443806,623633
2025-12-05,93252,21790232,182852,1721991,826661,250550,1160220,174052,1545533,685672,6218678,2391850,3918466,7474616,6052220,3397658,3124007,1136517,2954241,1213456,15992,1255951,,23066274,215622,742420,180657,775403,2063453,1223908,1408155,6336255,1547104,470492,912095,1311051,11051757,6622347,2519792,4729754,1099388,658865,652425,1095291,2547521,1823203,5307177,607976
2025-12-08,93300,21801236,182944,1722861,827079,250676,1160806,174140,1546313,686018,6221818,2393058,3920444,7478390,6055276,3399374,3125585,1137091,2955733,1214068,16000,1256585,,23077922,215730,742796,180749,775795,2064495,1224526,1408867,6339455,1547886,470730,912555,1311713,11057337,6625691,2521064,4732142,1099944,659197,652755,1095845,2548807,1824123,5309857,608282
2025-12-09,93252,21790230,182852,1721991,826661,250550,1160220,174052,1545533,685672,6218678,2391850,3918464,7474616,6052220,3397658,3124007,1136517,2954241,1213454,15992,1255951,,23066272,215622,742420,180657,775403,2063453,1223908,1408155,6336255,1547104,470492,912095,1311051,11051755,6622347,2519792,4729754,1099388,658865,652425,1095291,2547521,1823203,5307177,607974
2025-12-10,93780,21911296,183864,1731561,831259,251936,1166666,175020,1554113,689478,6253218,2405138,3940244,7516152,6085836,3416534,3141365,1142831,2970653,1220208,16080,1262925,,23194422,216810,746556,181669,779715,2074915,1230706,1415987,6371455,1555706,473110,917155,1318333,11113157,6659131,2533784,4756022,1105504,662517,656055,1101385,2561667,1833323,5336657,611362
2025-12-11,94500,22076386,185244,1744611,837529,253826,1175456,176340,1565813,694668,6300318,2423258,3969944,7572792,6131676,3442274,3165035,1151441,2993033,1229418,16200,1272435,,23369172,218430,752196,183049,785595,2090545,1239976,1426667,6419455,1567436,476680,924055,1328263,11196887,6709291,2552864,4791842,1113844,667497,661005,1109695,2580957,1847123,5376857,615982
2025-12-12,94836,22153428,185888,1750701,840455,254708,1179558,176956,1571273,697090,6322298,2431714,3983804,7599224,6153068,3454286,3176081,1155459,3003477,1233716,16256,1276873,,23450722,219186,754828,183693,788339,2097839,1244302,1431651,6441855,1572910,478346,927275,1332897,11235961,6732699,2561768,4808558,1117736,669821,663315,1113573,2589959,1853563,5395617,618138
2025-12-15,94740,22131416,185704,1748961,839619,254456,1178386,176780,1569713,696398,6316018,2429298,3979844,7591672,6146956,3450854,3172925,1154311,3000493,1232488,16240,1275605,,23427422,218970,754076,183509,787555,2095755,1243066,1430227,6435455,1571346,477870,926355,1331573,11224797,6726011,2559224,4803782,1116624,669157,662655,1112465,2587387,1851723,5390257,617522
2025-12-16,94932,22175440,186072,1752441,841291,254960,1180730,177132,1572833,697782,6328578,2434130,3987764,7606776,6159180,3457718,3179237,1156607,3006461,1234944,16272,1278141,,23474022,219402,755580,183877,789123,2099923,1245538,1433075,6448255,1574474,478822,928195,1334221,11247125,6739387,2564312,4813334,1118848,670485,663975,1114681,2592531,1855403,5400977,618754
2025-12-17,94692,22120410,185612,1748091,839201,254330,1177800,176692,1568933,696052,6312868,2428090,3977864,7587896,6143900,3449138,3171347,1153737,2999001,1231874,16232,1274971,,23415772,218862,753700,183417,787163,2094713,1242448,1429515,6432255,1570564,477632,925895,1330911,11219215,6722667,2557952,4801394,1116068,668825,662325,1111911,2586101,1850803,5387577,617214
2025-12-18,94884,22164434,185980,1751571,840873,254834,1180144,177044,1572053,697436,6325436,2432922,3985784,7603000,6156124,3456002,3177659,1156033,3004969,1234330,16264,1277507,,23462380,219294,755204,183785,788731,2098881,1244920,1432363,6445055,1573692,478584,927735,1333559,11241543,6736051,2563040,4810954,1118292,670153,663645,1114127,2591245,1854483,5398297,618446
2025-12-19,94884,22164434,185980,1751571,840873,254834,1180144,177044,1572053,697436,6325436,2432922,3985784,7603000,6156124,3456002,3177659,1156033,3004969,1234330,16264,1277507,,23462380,219294,755204,183785,788731,2098881,1244920,1432363,6445055,1573692,478584,927735,1333559,11241543,6736051,2563040,4810954,1118292,670153,663645,1114127,2591245,1854483,5398297,618446
2025-12-22,91290,21481090,179917,1669956,799964,246094,1123276,170600,1503165,668483,6108669,2334339,3907488,7257667,5959774,3469825,3078240,1125899,2900275,1186000,15580,1222521,776243,23760219,212745,731765,176932,763548,2051864,1184230,1392085,6240182,1523979,463381,897342,1275786,11030725,6527870,2498803,4633092,1069845,642227,638413,1072480,2480914,1785079,5120255,592305
2025-12-23,91309,21484544,179946,1670231,800089,246145,1123456,170635,1503405,668584,6109644,2334715,3908128,7258842,5960733,3470381,3078732,1126089,2900753,1186198,15585,1222722,776363,23764034,212773,731881,176954,763670,2052185,1184414,1392301,6241182,1524217,463457,897474,1275986,11032509,6528916,2499201,4633835,1070026,642339,638524,1072644,2481321,1785377,5121080,592396
2025-12-24,92321,21720604,181926,1688579,808889,248829,1135820,172527,1519905,675932,6176788,2360367,3951072,7338614,6026249,3508529,3112568,1138453,2932609,1199222,15761,1236142,784899,24025174,215105,739933,178890,772074,2074757,1197438,1407613,6309778,1540981,468561,907330,1290022,11153729,6600636,2526657,4684743,1081774,649379,645520,1084436,2508601,1805001,5177356,598908
2025-12-26,92781,21827904,182826,1696919,812889,250049,1141440,173387,1527405,679272,6207308,2372027,3970592,7374874,6056029,3525869,3127948,1144073,2947089,1205142,15841,1242242,788779,24143874,216165,743593,179770,775894,2085017,1203358,1414573,6340958,1548601,470881,911810,1296402,11208829,6633236,2539137,4707883,1087114,652579,648700,1089796,2521001,1813921,5202936,601868
2025-12-29,92804,21833269,182871,1697336,813089,250110,1141721,173430,1527780,679439,6208834,2372610,3971568,7376687,6057518,3526736,3128717,1144354,2947813,1205438,15845,1242547,788973,24149809,216218,743776,179814,776085,2085529,1203654,1414921,6342517,1548982,470997,912034,1296721,11211584,6634866,2539761,4709040,1087381,652739,648859,1090064,2521621,1814367,5204215,602016
2025-12-30,92735,21817171,182736,1696085,812489,249927,1140878,173301,1526655,678938,6204256,2370861,3968640,7371248,6053051,3524135,3126410,1143511,2945641,1204550,15833,1241632,788391,24132004,216059,743227,179682,775512,2083990,1202766,1413877,6337840,1547839,470649,911362,1295764,11203319,6629973,2537889,4705569,1086580,652259,648382,1089260,2519761,1813029,5200378,601572
2025-12-31,92942,21865465,183141,1699838,814289,250476,1143407,173688,1530030,680441,6217990,2376108,3977424,7387565,6066452,3531938,3133331,1146040,2952157,1207214,15869,1244377,790137,24185419,216536,744874,180078,777231,2088607,1205430,1417009,6351871,1551268,471693,913378,1298635,11228114,6644652,2543505,4715982,1088983,653699,649813,1091672,2525341,1817043,5211889,602904
2026-01-02,93057,21892295,183366,1701923,815289,250781,1144812,173903,1531905,681276,6225620,2379023,3982304,7396630,6073897,3536273,3137176,1147445,2955777,1208694,15889,1245902,791107,24215094,216801,745789,180298,778186,2091172,1206910,1418749,6359666,1553173,472273,914498,1300230,11241889,6652807,2546625,4721767,1090318,654499,650608,1093012,2528441,1819273,5218284,603644
2026-01-06,92344,21725949,181971,1688996,809089,248890,1136101,172570,1520280,676099,6178314,2360950,3952048,7340427,6027738,3509396,3113337,1138734,2933333,1199518,15765,1236447,785093,24031109,215158,740116,178934,772265,2075269,1197734,1407961,6311337,1541362,468677,907554,1290341,11156484,6602246,2527281,4685900,1082041,649539,645679,1084704,2509221,1805447,5178635,599056
2026-01-07,91171,21452283,179676,1667729,798889,245779,1121770,170377,1501155,667582,6100488,2331217,3902272,7247964,5951799,3465179,3074118,1124403,2896409,1184422,15561,1220892,775199,23728424,212455,730783,176690,762524,2049106,1182638,1390213,6231828,1521931,462761,896130,1274072,11015979,6519065,2495457,4626893,1068424,641379,637570,1071036,2477601,1782701,5113406,591508
2026-01-08,91056,21425453,179451,1665644,797889,245474,1120365,170162,1499280,666747,6092858,2328302,3897392,7238899,5944354,3460844,3070273,1122998,2892789,1182942,15541,1219367,774229,23698749,212190,729868,176470,761569,2046541,1181158,1388473,6224033,1520026,462181,895010,1272477,11002204,6510910,2492337,4621108,1067089,640579,636775,1069696,2474501,1780471,5107011,590768
2026-01-09,90928,21393257,179181,1663142,796689,245108,1118679,169904,1497030,665745,6084033,2324804,3891731,7228021,5935420,3455828,3065836,1121312,2888445,1181166,15517,1217620,773124,23664164,211872,728770,176213,760423,2043606,1179382,1386486,6215077,1517740,461485,893666,1270661,10986150,6501653,2488593,4614486,1065487,639619,635821,1068088,2470781,1777795,5099694,589880
2026-01-12,90560,21307401,178461,1656470,793489,244132,1114183,169216,1491030,663073,6059617,2315476,3876115,7199013,5911596,3441956,3053532,1116816,2876861,1176430,15453,1212740,770020,23569204,211024,725842,175509,757367,2035398,1174646,1380918,6190133,1511644,459629,890082,1265557,10942070,6475557,2478609,4595974,1061215,637059,633277,1063800,2460861,1770659,5079230,587512
2026-01-13,90376,21264473,178101,1653134,791889,243644,1111935,168872,1488030,661737,6047409,2310812,3868307,7184509,5899684,3435020,3047380,1114568,2871069,1174062,15421,1210300,768468,23521724,210600,724378,175157,755839,2031294,1172278,1378134,6177661,1508596,458701,888290,1263005,10920030,6462509,2473617,4586718,1059079,635779,632005,1061656,2455901,1767091,5068998,586328
2026-01-14,90100,21200081,177561,1648130,789489,242912,1108563,168356,1483530,659733,6029097,2303816,3856595,7162753,5881816,3424616,3038152,1111196,2862381,1170510,15373,1206640,766140,23450504,209964,722182,174629,753547,2025138,1168726,1373958,6158953,1504024,457309,885602,1259177,10886970,6442937,2466129,4572834,1055875,633859,630097,1058440,2448461,1761739,5053650,584552
